domain,category,severity,threat_sources
0019-coinbase.com,PHISHING,3,brand-imitation
001verifyrbcacc0unt1.info,PHISHING,3,brand-imitation
005932coinbase.com,PHISHING,3,brand-imitation
008896-coinbase.com,PHISHING,3,brand-imitation
009586-coinbase.com,PHISHING,3,brand-imitation
00mcoinbase3ethxrp.com,PHISHING,3,brand-imitation
0123winlogin.com,PHISHING,3,brand-imitation
017314coinbase.com,PHISHING,3,brand-imitation
017betloginj.com,PHISHING,3,brand-imitation
019182coinbase.com,PHISHING,3,brand-imitation
01bm0-verifymyl0gin.info,PHISHING,3,brand-imitation
01bmoverifymylogin.com,PHISHING,3,brand-imitation
01dellsecured.click,PHISHING,3,brand-imitation
01l0gin-securemybm0.info,PHISHING,3,brand-imitation
01myaccount1-overcharge1bill.info,PHISHING,3,brand-imitation
01verify-bm0acc0unt1.info,PHISHING,3,brand-imitation
01verify-clientacc0unt.info,PHISHING,3,brand-imitation
02-dell-secure.help,PHISHING,3,brand-imitation
0218652-coinbase.com,PHISHING,3,brand-imitation
026439coinbase.com,PHISHING,3,brand-imitation
02dellsecure.icu,PHISHING,3,brand-imitation
042704coinbase.com,PHISHING,3,brand-imitation
058230coinbase.com,PHISHING,3,brand-imitation
06updatelive.xyz,PHISHING,3,brand-imitation
0700betlogin.com,PHISHING,3,brand-imitation
075950t-coinbase.com,PHISHING,3,brand-imitation
07secure-sunath65.site,PHISHING,3,brand-imitation
08liv3zorn-update3.com,PHISHING,3,brand-imitation
08updatedlive.com,PHISHING,3,brand-imitation
094575coinbase.com,PHISHING,3,brand-imitation
094849coinbase.com,PHISHING,3,brand-imitation
095849coinbase.com,PHISHING,3,brand-imitation
098249coinbase.com,PHISHING,3,brand-imitation
098304-coinbase.com,PHISHING,3,brand-imitation
098654coinbase.com,PHISHING,3,brand-imitation
09account.org,PHISHING,3,brand-imitation
09viplogin.com,PHISHING,3,brand-imitation
0auth2-myaccount.com,PHISHING,3,brand-imitation
0auth2-myaccount.help,PHISHING,3,brand-imitation
0auth2-myaccount.info,PHISHING,3,brand-imitation
0chainvault.live,PHISHING,3,brand-imitation
0cryptomarkettrends.com,PHISHING,3,brand-imitation
0cryptonewsdigest.com,PHISHING,3,brand-imitation
0cryptopulsex.com,PHISHING,3,brand-imitation
0fastcryptohub.com,PHISHING,3,brand-imitation
0ffice-loginmicrosoftoutlookonlineauths845855.org,PHISHING,3,brand-imitation
0ffice-microsoftonedriveonlineauthlogin.com,PHISHING,3,brand-imitation
0hypercryptox.com,PHISHING,3,brand-imitation
0k365login.com,PHISHING,3,brand-imitation
0kjcoin-account.com,PHISHING,3,brand-imitation
0nchaincrypto.com,PHISHING,3,brand-imitation
0nedrive-secured.info,PHISHING,3,brand-imitation
0nftmarketplaceinfo.com,PHISHING,3,brand-imitation
0nlinerep0rts-reviewsupdate.click,PHISHING,3,brand-imitation
0quantumcryptox.com,PHISHING,3,brand-imitation
0rrlogin.com,PHISHING,3,brand-imitation
0secure-hlp-ref-cu.online,PHISHING,3,brand-imitation
0securequantai.com,PHISHING,3,brand-imitation
0securewalletreview.com,PHISHING,3,brand-imitation
0tokeninvestor.com,PHISHING,3,brand-imitation
0tokenize.xyz,PHISHING,3,brand-imitation
0x0claims.com,PHISHING,3,brand-imitation
0x0tokens.lol,PHISHING,3,brand-imitation
0x3lbp-updatewasl.lat,PHISHING,3,brand-imitation
0xaitoken.xyz,PHISHING,3,brand-imitation
0xbitcoin.foundation,PHISHING,3,brand-imitation
0xnft2xrfsdg6iyjret436ijynjrh34214rfsafcu8k6f.com,PHISHING,3,brand-imitation
0xnfts.com,PHISHING,3,brand-imitation
1-bitcoin.contact,PHISHING,3,brand-imitation
1-wallet-release.lol,PHISHING,3,brand-imitation
1-win-official.com,PHISHING,3,brand-imitation
1001totologin.com,PHISHING,3,brand-imitation
100bitcoinhomepage.com,PHISHING,3,brand-imitation
100viplogin.com,PHISHING,3,brand-imitation
100viploginvip.com,PHISHING,3,brand-imitation
101931-coinbase.com,PHISHING,3,brand-imitation
101bitcoins.com,PHISHING,3,brand-imitation
101tigerlogin.com,PHISHING,3,brand-imitation
101update-bm0inf0s.info,PHISHING,3,brand-imitation
101verifyrbc-l0gin.info,PHISHING,3,brand-imitation
1023829-coinbase.com,PHISHING,3,brand-imitation
1024token.click,PHISHING,3,brand-imitation
1024token.club,PHISHING,3,brand-imitation
1024token.one,PHISHING,3,brand-imitation
1041thebridge.com,PHISHING,3,brand-imitation
105982-coinbase.com,PHISHING,3,brand-imitation
109221coinbase.com,PHISHING,3,brand-imitation
109485coinbase.com,PHISHING,3,brand-imitation
10bestcrypto.com,PHISHING,3,brand-imitation
10bitcoinhomepage.com,PHISHING,3,brand-imitation
10brllogink.com,PHISHING,3,brand-imitation
10ebrisbuyerbridge.click,PHISHING,3,brand-imitation
10ebrisbuyerbridge.lat,PHISHING,3,brand-imitation
10ebrisbuyerbridge.sbs,PHISHING,3,brand-imitation
10ebrisbuyerbridge.xyz,PHISHING,3,brand-imitation
10ebrisretailbridge.click,PHISHING,3,brand-imitation
10ebrisretailbridge.lat,PHISHING,3,brand-imitation
10ebrisretailbridge.xyz,PHISHING,3,brand-imitation
10login.com,PHISHING,3,brand-imitation
10minteardown.com,PHISHING,3,brand-imitation
10yearsnft.xyz,PHISHING,3,brand-imitation
110verifymylogin-bm0.info,PHISHING,3,brand-imitation
111betlogin.net,PHISHING,3,brand-imitation
112134-coinbase.com,PHISHING,3,brand-imitation
112418coinbase.com,PHISHING,3,brand-imitation
116betloginj.com,PHISHING,3,brand-imitation
1182lucklogin.com,PHISHING,3,brand-imitation
11842-coinbase.com,PHISHING,3,brand-imitation
1185793-coinbase.com,PHISHING,3,brand-imitation
1188smsverify.com,PHISHING,3,brand-imitation
119291-coinbase.com,PHISHING,3,brand-imitation
119betloginj.com,PHISHING,3,brand-imitation
11alogink.com,PHISHING,3,brand-imitation
11betapplogin.com,PHISHING,3,brand-imitation
11betloginvip.com,PHISHING,3,brand-imitation
11betloginwin.com,PHISHING,3,brand-imitation
11bolalogin.com,PHISHING,3,brand-imitation
11cclogink.com,PHISHING,3,brand-imitation
11login.com,PHISHING,3,brand-imitation
11pglogink.com,PHISHING,3,brand-imitation
11qlogink.com,PHISHING,3,brand-imitation
11ttlogink.com,PHISHING,3,brand-imitation
120betloginj.com,PHISHING,3,brand-imitation
120vault.com,PHISHING,3,brand-imitation
121accountantsukltd.org,PHISHING,3,brand-imitation
121crypto.com,PHISHING,3,brand-imitation
122betloginj.com,PHISHING,3,brand-imitation
1235876-coinbase.com,PHISHING,3,brand-imitation
123bcasinologin.com,PHISHING,3,brand-imitation
123betlogin.net,PHISHING,3,brand-imitation
123blogincasino.com,PHISHING,3,brand-imitation
123blogingame.com,PHISHING,3,brand-imitation
123bloginplay.com,PHISHING,3,brand-imitation
123blogintop.com,PHISHING,3,brand-imitation
123cashlogin.com,PHISHING,3,brand-imitation
123dzologinvip.com,PHISHING,3,brand-imitation
123gacorlogin.com,PHISHING,3,brand-imitation
123insuranceclaim.com,PHISHING,3,brand-imitation
123kfclogin.com,PHISHING,3,brand-imitation
123movies-official-website.cfd,PHISHING,3,brand-imitation
123mysupport.com,PHISHING,3,brand-imitation
123playlogin.com,PHISHING,3,brand-imitation
123wiplogin.com,PHISHING,3,brand-imitation
124867-coinbase.com,PHISHING,3,brand-imitation
124983-crypto.com,PHISHING,3,brand-imitation
1257connecticut.com,PHISHING,3,brand-imitation
125872-coinbase.com,PHISHING,3,brand-imitation
125aetjwtjofficial.icu,PHISHING,3,brand-imitation
12634891-coinbase.com,PHISHING,3,brand-imitation
126759-coinbase.com,PHISHING,3,brand-imitation
12842-coinbase.com,PHISHING,3,brand-imitation
128sportslogin.blog,PHISHING,3,brand-imitation
128sportslogin.click,PHISHING,3,brand-imitation
128sportslogin.com,PHISHING,3,brand-imitation
128sportslogin.cyou,PHISHING,3,brand-imitation
128sportslogin.icu,PHISHING,3,brand-imitation
128sportslogin.life,PHISHING,3,brand-imitation
128sportslogin.xyz,PHISHING,3,brand-imitation
12922-coinbase.com,PHISHING,3,brand-imitation
129682-coinbase.com,PHISHING,3,brand-imitation
129873coinbase.com,PHISHING,3,brand-imitation
12betlinklogin.com,PHISHING,3,brand-imitation
12betlogingame.com,PHISHING,3,brand-imitation
12betloginlink.com,PHISHING,3,brand-imitation
12betloginslot.com,PHISHING,3,brand-imitation
12playlogin.net,PHISHING,3,brand-imitation
12playloginvip.com,PHISHING,3,brand-imitation
12vault.com,PHISHING,3,brand-imitation
12verify.click,PHISHING,3,brand-imitation
130081-coinbase.com,PHISHING,3,brand-imitation
130549-coinbase.com,PHISHING,3,brand-imitation
131559coinbase.com,PHISHING,3,brand-imitation
131974t-coinbase.com,PHISHING,3,brand-imitation
1346-coinbase.com,PHISHING,3,brand-imitation
1357985-coinbase.com,PHISHING,3,brand-imitation
1367238-coinbase.com,PHISHING,3,brand-imitation
138262-coinbase.com,PHISHING,3,brand-imitation
138login.com,PHISHING,3,brand-imitation
13freightlogindonesia.com,PHISHING,3,brand-imitation
140064-coinbase.com,PHISHING,3,brand-imitation
140749-coinbase.com,PHISHING,3,brand-imitation
14178coinbase.com,PHISHING,3,brand-imitation
142957-coinbase.com,PHISHING,3,brand-imitation
1432-claim.sbs,PHISHING,3,brand-imitation
1435823-coinbase.com,PHISHING,3,brand-imitation
14466bridgewatercrossings.info,PHISHING,3,brand-imitation
1448272-coinbase.com,PHISHING,3,brand-imitation
148282-coinbase.com,PHISHING,3,brand-imitation
14889356-coinbase.com,PHISHING,3,brand-imitation
150544coinbase.com,PHISHING,3,brand-imitation
150555coinbase.com,PHISHING,3,brand-imitation
150901-coinbase.com,PHISHING,3,brand-imitation
150942-coinbase.com,PHISHING,3,brand-imitation
151935-cbvault.com,PHISHING,3,brand-imitation
15229farmstand.site,PHISHING,3,brand-imitation
152775-coinbase.com,PHISHING,3,brand-imitation
1539030-coinbase.com,PHISHING,3,brand-imitation
155152-coinbase.com,PHISHING,3,brand-imitation
1558903-coinbase.com,PHISHING,3,brand-imitation
1567375-coinbase.com,PHISHING,3,brand-imitation
158023-coinbase.com,PHISHING,3,brand-imitation
15833-cbvault.com,PHISHING,3,brand-imitation
159886coinbase.com,PHISHING,3,brand-imitation
15winlogink.com,PHISHING,3,brand-imitation
161betloginj.com,PHISHING,3,brand-imitation
1628934-coinbase.com,PHISHING,3,brand-imitation
16423306-coinbase.com,PHISHING,3,brand-imitation
1654235-coinbase.com,PHISHING,3,brand-imitation
165917-coinbase.com,PHISHING,3,brand-imitation
166winlogink.com,PHISHING,3,brand-imitation
167282-coinbase.com,PHISHING,3,brand-imitation
1673383-coinbase.com,PHISHING,3,brand-imitation
167vault.com,PHISHING,3,brand-imitation
168flogin.com,PHISHING,3,brand-imitation
168pglogin.com,PHISHING,3,brand-imitation
169281-coinbase.com,PHISHING,3,brand-imitation
169876-coinbase.com,PHISHING,3,brand-imitation
16betloginj.com,PHISHING,3,brand-imitation
16dewalogin.com,PHISHING,3,brand-imitation
16farm.xyz,PHISHING,3,brand-imitation
170143-crypto.com,PHISHING,3,brand-imitation
1701503coinbase.com,PHISHING,3,brand-imitation
171976coinbase.com,PHISHING,3,brand-imitation
171976v-coinbase.com,PHISHING,3,brand-imitation
172348-coinbase.com,PHISHING,3,brand-imitation
173894-coinbase.com,PHISHING,3,brand-imitation
173954-coinbase.com,PHISHING,3,brand-imitation
1758529-coinbase.com,PHISHING,3,brand-imitation
176853-coinbase.com,PHISHING,3,brand-imitation
1768532-coinbase.com,PHISHING,3,brand-imitation
178280coinbase.com,PHISHING,3,brand-imitation
1782872-coinbase.com,PHISHING,3,brand-imitation
178490-coinbase.com,PHISHING,3,brand-imitation
1785263-coinbase.com,PHISHING,3,brand-imitation
1785726-coinbase.com,PHISHING,3,brand-imitation
1785763-coinbase.com,PHISHING,3,brand-imitation
1785964-coinbase.com,PHISHING,3,brand-imitation
178633a-coinbase.com,PHISHING,3,brand-imitation
178652coinbase.com,PHISHING,3,brand-imitation
1787683-coinbase.com,PHISHING,3,brand-imitation
1791-mail-support.buzz,PHISHING,3,brand-imitation
1791-mail-support.sbs,PHISHING,3,brand-imitation
179583c-coinbase.com,PHISHING,3,brand-imitation
179583coinbase.com,PHISHING,3,brand-imitation
1796058-coinbase.com,PHISHING,3,brand-imitation
1796873coinbase.com,PHISHING,3,brand-imitation
1798532-coinbase.com,PHISHING,3,brand-imitation
179viplogin.com,PHISHING,3,brand-imitation
17betloginj.com,PHISHING,3,brand-imitation
17cyiqicaoofficial789wiki.wiki,PHISHING,3,brand-imitation
1800-usb-account.click,PHISHING,3,brand-imitation
1800accountinghelp.com,PHISHING,3,brand-imitation
1800accountinghelp.net,PHISHING,3,brand-imitation
1800accountinghelper.com,PHISHING,3,brand-imitation
1800accountinghelpers.com,PHISHING,3,brand-imitation
1800accountinghr.net,PHISHING,3,brand-imitation
1800bitcoin.net,PHISHING,3,brand-imitation
1801596-coinbase.com,PHISHING,3,brand-imitation
1804crypto.ooo,PHISHING,3,brand-imitation
1815798-coinbase.com,PHISHING,3,brand-imitation
1817586-coinbase.com,PHISHING,3,brand-imitation
1817596-coinbase.com,PHISHING,3,brand-imitation
1819041-coinbase.com,PHISHING,3,brand-imitation
181957-coinbase.com,PHISHING,3,brand-imitation
1819588-coinbase.com,PHISHING,3,brand-imitation
182519-coinbase.com,PHISHING,3,brand-imitation
182717-coinbase.com,PHISHING,3,brand-imitation
1827311-coinbase.com,PHISHING,3,brand-imitation
182732-coinbase.com,PHISHING,3,brand-imitation
1827930-coinbase.com,PHISHING,3,brand-imitation
182932crypto.com,PHISHING,3,brand-imitation
1836738-coinbase.com,PHISHING,3,brand-imitation
1839459-coinbase.com,PHISHING,3,brand-imitation
1843736-coinbase.com,PHISHING,3,brand-imitation
184471coinbase.com,PHISHING,3,brand-imitation
184593-coinbase.com,PHISHING,3,brand-imitation
1847579-coinbase.com,PHISHING,3,brand-imitation
1847963-coinbase.com,PHISHING,3,brand-imitation
184937coinbase.com,PHISHING,3,brand-imitation
1857293-coinbase.com,PHISHING,3,brand-imitation
1857581-coinbase.com,PHISHING,3,brand-imitation
1857638-coinbase.com,PHISHING,3,brand-imitation
1857687-coinbase.com,PHISHING,3,brand-imitation
1872834-coinbase.com,PHISHING,3,brand-imitation
1874372-coinbase.com,PHISHING,3,brand-imitation
187586a-coinbase.com,PHISHING,3,brand-imitation
1876943-coinbase.com,PHISHING,3,brand-imitation
188201-coinbase.com,PHISHING,3,brand-imitation
18820coinbase.com,PHISHING,3,brand-imitation
1888blogin.com,PHISHING,3,brand-imitation
188bethiphologin.com,PHISHING,3,brand-imitation
188betloginapp.com,PHISHING,3,brand-imitation
188betlogingame.com,PHISHING,3,brand-imitation
18925-coinbase.com,PHISHING,3,brand-imitation
189492-coinbase.com,PHISHING,3,brand-imitation
189583-crypto.com,PHISHING,3,brand-imitation
1896733-coinbase.com,PHISHING,3,brand-imitation
189747a-coinbase.com,PHISHING,3,brand-imitation
189betloginwin.com,PHISHING,3,brand-imitation
18betloginj.com,PHISHING,3,brand-imitation
18betloginwin.com,PHISHING,3,brand-imitation
18totologin.com,PHISHING,3,brand-imitation
18wheelerclaim.com,PHISHING,3,brand-imitation
18wheelerclaims.com,PHISHING,3,brand-imitation
18win3login.com,PHISHING,3,brand-imitation
190212coinbase.com,PHISHING,3,brand-imitation
1908573-coinbase.com,PHISHING,3,brand-imitation
191852-coinbase.com,PHISHING,3,brand-imitation
191852a-coinbase.com,PHISHING,3,brand-imitation
191857a-coinbase.com,PHISHING,3,brand-imitation
1921128-coinbase.com,PHISHING,3,brand-imitation
19216811login.site,PHISHING,3,brand-imitation
1923001-coinbase.com,PHISHING,3,brand-imitation
1925273-coinbase.com,PHISHING,3,brand-imitation
19274-coinbase.com,PHISHING,3,brand-imitation
192755a-coinbase.com,PHISHING,3,brand-imitation
192821coinbase.com,PHISHING,3,brand-imitation
19283-coinbase.com,PHISHING,3,brand-imitation
1928475-coinbase.com,PHISHING,3,brand-imitation
192851coinbase.com,PHISHING,3,brand-imitation
193283-coinbase.com,PHISHING,3,brand-imitation
193482-coinbase.com,PHISHING,3,brand-imitation
193691coinbase.com,PHISHING,3,brand-imitation
1937342-coinbase.com,PHISHING,3,brand-imitation
1938274-coinbase.com,PHISHING,3,brand-imitation
19384471-coinbase.com,PHISHING,3,brand-imitation
1938482-coinbase.com,PHISHING,3,brand-imitation
194023-coinbase.com,PHISHING,3,brand-imitation
19404183-coinbase.com,PHISHING,3,brand-imitation
194268-coinbase.com,PHISHING,3,brand-imitation
194270-coinbase.com,PHISHING,3,brand-imitation
1942862-coinbase.com,PHISHING,3,brand-imitation
194511-coinbase.com,PHISHING,3,brand-imitation
1945727-coinbase.com,PHISHING,3,brand-imitation
1947272-coinbase.com,PHISHING,3,brand-imitation
1947295-coinbase.com,PHISHING,3,brand-imitation
1947828-coinbase.com,PHISHING,3,brand-imitation
194822-coinbase.com,PHISHING,3,brand-imitation
194822-crypto.com,PHISHING,3,brand-imitation
1948257-coinbase.com,PHISHING,3,brand-imitation
1948262-coinbase.com,PHISHING,3,brand-imitation
1948272-coinbase.com,PHISHING,3,brand-imitation
194852a-coinbase.com,PHISHING,3,brand-imitation
1948562-coinbase.com,PHISHING,3,brand-imitation
1948722-coinbase.com,PHISHING,3,brand-imitation
194879a-coinbase.com,PHISHING,3,brand-imitation
195276-coinbase.com,PHISHING,3,brand-imitation
1954376coinbase.com,PHISHING,3,brand-imitation
1954822-coinbase.com,PHISHING,3,brand-imitation
1957238-coinbase.com,PHISHING,3,brand-imitation
1957241-coinbase.com,PHISHING,3,brand-imitation
195823-coinbase.com,PHISHING,3,brand-imitation
1958232-coinbase.com,PHISHING,3,brand-imitation
1958292-coinbase.com,PHISHING,3,brand-imitation
1958293-coinbase.com,PHISHING,3,brand-imitation
1958314-coinbase.com,PHISHING,3,brand-imitation
196041-coinbase.com,PHISHING,3,brand-imitation
196892-coinbase.com,PHISHING,3,brand-imitation
197481-coinbase.com,PHISHING,3,brand-imitation
1975472-coinbase.com,PHISHING,3,brand-imitation
1975724-coinbase.com,PHISHING,3,brand-imitation
19764831-coinbase.com,PHISHING,3,brand-imitation
1976838-coinbase.com,PHISHING,3,brand-imitation
197695a-coinbase.com,PHISHING,3,brand-imitation
1978063-coinbase.com,PHISHING,3,brand-imitation
1984742-coinbase.com,PHISHING,3,brand-imitation
1985702-coinbase.com,PHISHING,3,brand-imitation
1985762-coinbase.com,PHISHING,3,brand-imitation
1987320-coinbase.com,PHISHING,3,brand-imitation
1989653-coinbase.com,PHISHING,3,brand-imitation
19985f-coinbase.com,PHISHING,3,brand-imitation
199winlogink.com,PHISHING,3,brand-imitation
19au8-coinbase.com,PHISHING,3,brand-imitation
19dewalogin.com,PHISHING,3,brand-imitation
19nlogin.com,PHISHING,3,brand-imitation
1atom-official.casino,PHISHING,3,brand-imitation
1authentication-securebmo.info,PHISHING,3,brand-imitation
1bitcoin-exchange.com,PHISHING,3,brand-imitation
1bitcoin-exchange.info,PHISHING,3,brand-imitation
1bitcoin.club,PHISHING,3,brand-imitation
1bitcoin.contact,PHISHING,3,brand-imitation
1bitcoin.news,PHISHING,3,brand-imitation
1bitcoin.org,PHISHING,3,brand-imitation
1bm0my0nline-verifynow.info,PHISHING,3,brand-imitation
1bmo-clientbankinglogin.com,PHISHING,3,brand-imitation
1bmo-clientsecureverify.info,PHISHING,3,brand-imitation
1bmo-myaccount.info,PHISHING,3,brand-imitation
1bmobank-infoverify.com,PHISHING,3,brand-imitation
1bmosecure.info,PHISHING,3,brand-imitation
1bmoverify-secureonline.com,PHISHING,3,brand-imitation
1bmwlogin.com,PHISHING,3,brand-imitation
1bwmlogin.com,PHISHING,3,brand-imitation
1centtoken.com,PHISHING,3,brand-imitation
1client-verifybm0.info,PHISHING,3,brand-imitation
1client-verifymybm0.info,PHISHING,3,brand-imitation
1cryptodarkmarket.com,PHISHING,3,brand-imitation
1cryptoleo.com,PHISHING,3,brand-imitation
1etrust.com,PHISHING,3,brand-imitation
1filevault.com,PHISHING,3,brand-imitation
1fuel-wallet.com,PHISHING,3,brand-imitation
1gocasinoofficial.com,PHISHING,3,brand-imitation
1gomlogin.com,PHISHING,3,brand-imitation
1gomloginbet.com,PHISHING,3,brand-imitation
1iksbet-nft0.cfd,PHISHING,3,brand-imitation
1ilogin.com,PHISHING,3,brand-imitation
1inch-claims.com,PHISHING,3,brand-imitation
1inchclaim.app,PHISHING,3,brand-imitation
1inchclaim.com,PHISHING,3,brand-imitation
1inchclaims.xyz,PHISHING,3,brand-imitation
1int-secure.click,PHISHING,3,brand-imitation
1inter-secure.click,PHISHING,3,brand-imitation
1milliontoken.org,PHISHING,3,brand-imitation
1movies-official.com,PHISHING,3,brand-imitation
1msconnectserver.com,PHISHING,3,brand-imitation
1msserverconnect.com,PHISHING,3,brand-imitation
1ntu1t01secure01auth.com,PHISHING,3,brand-imitation
1omniroyal-secure-login.com,PHISHING,3,brand-imitation
1on1secure.com,PHISHING,3,brand-imitation
1pdfsecureviewer.sbs,PHISHING,3,brand-imitation
1royalrbc-verify.info,PHISHING,3,brand-imitation
1sb472k745login4127.cfd,PHISHING,3,brand-imitation
1sb472k745login4127.click,PHISHING,3,brand-imitation
1sb472k745login4127.icu,PHISHING,3,brand-imitation
1sb472k745login4127.sbs,PHISHING,3,brand-imitation
1scotia-login-verification.com,PHISHING,3,brand-imitation
1scotia-verification-login.com,PHISHING,3,brand-imitation
1scotiaonline-verify.info,PHISHING,3,brand-imitation
1scotiasecurity-verify.info,PHISHING,3,brand-imitation
1securebmologin.info,PHISHING,3,brand-imitation
1secured.tax,PHISHING,3,brand-imitation
1securehost.com,PHISHING,3,brand-imitation
1secureverif-bmo.info,PHISHING,3,brand-imitation
1secureverification-bmo.info,PHISHING,3,brand-imitation
1siteofficial12.xyz,PHISHING,3,brand-imitation
1siteofficial13.xyz,PHISHING,3,brand-imitation
1siteofficial14.xyz,PHISHING,3,brand-imitation
1siteofficial16.xyz,PHISHING,3,brand-imitation
1siteofficial17.xyz,PHISHING,3,brand-imitation
1siteofficial18.xyz,PHISHING,3,brand-imitation
1siteofficial19.xyz,PHISHING,3,brand-imitation
1siteofficial20.xyz,PHISHING,3,brand-imitation
1siteofficial21.xyz,PHISHING,3,brand-imitation
1siteofficial24.xyz,PHISHING,3,brand-imitation
1siteofficial25.xyz,PHISHING,3,brand-imitation
1siteofficial27.fun,PHISHING,3,brand-imitation
1st4securedloan.com,PHISHING,3,brand-imitation
1st4securedloans.com,PHISHING,3,brand-imitation
1st4unsecuredloan.com,PHISHING,3,brand-imitation
1st4unsecuredloans.com,PHISHING,3,brand-imitation
1stconnectmobility.com,PHISHING,3,brand-imitation
1stnewsupdate.com,PHISHING,3,brand-imitation
1ststrustbank.com,PHISHING,3,brand-imitation
1sttrustbank247.online,PHISHING,3,brand-imitation
1telus1myaccount-deposit0.info,PHISHING,3,brand-imitation
1telus1myaccount-refund0.info,PHISHING,3,brand-imitation
1token.one,PHISHING,3,brand-imitation
1trustbank.com,PHISHING,3,brand-imitation
1trustnet.online,PHISHING,3,brand-imitation
1verifsecurenotif-bmo.info,PHISHING,3,brand-imitation
1verifylogin-bmo.info,PHISHING,3,brand-imitation
1w-token.com,PHISHING,3,brand-imitation
1win-aaa-official10.xyz,PHISHING,3,brand-imitation
1win-aaa-official11.xyz,PHISHING,3,brand-imitation
1win-aaa-official12.xyz,PHISHING,3,brand-imitation
1win-aaa-official13.xyz,PHISHING,3,brand-imitation
1win-aaa-official16.xyz,PHISHING,3,brand-imitation
1win-bbb-official3.xyz,PHISHING,3,brand-imitation
1win-canada-official.com,PHISHING,3,brand-imitation
1win-casino-official.com,PHISHING,3,brand-imitation
1win-ccc-official11.xyz,PHISHING,3,brand-imitation
1win-ccc-official12.xyz,PHISHING,3,brand-imitation
1win-ccc-official14.xyz,PHISHING,3,brand-imitation
1win-ccc-official16.xyz,PHISHING,3,brand-imitation
1win-ccc-official17.xyz,PHISHING,3,brand-imitation
1win-ccc-official18.xyz,PHISHING,3,brand-imitation
1win-ccc-official4.xyz,PHISHING,3,brand-imitation
1win-crypto.buzz,PHISHING,3,brand-imitation
1win-ddd-official12.xyz,PHISHING,3,brand-imitation
1win-ddd-official13.xyz,PHISHING,3,brand-imitation
1win-ddd-official14.xyz,PHISHING,3,brand-imitation
1win-ddd-official15.xyz,PHISHING,3,brand-imitation
1win-ddd-official7.xyz,PHISHING,3,brand-imitation
1win-ddd-official8.xyz,PHISHING,3,brand-imitation
1win-ddd-official9.xyz,PHISHING,3,brand-imitation
1win-eee-official20.xyz,PHISHING,3,brand-imitation
1win-eee-official6.xyz,PHISHING,3,brand-imitation
1win-eee-official9.xyz,PHISHING,3,brand-imitation
1win-fff-official11.xyz,PHISHING,3,brand-imitation
1win-fff-official12.xyz,PHISHING,3,brand-imitation
1win-fff-official13.xyz,PHISHING,3,brand-imitation
1win-fff-official14.xyz,PHISHING,3,brand-imitation
1win-fff-official15.xyz,PHISHING,3,brand-imitation
1win-fff-official17.xyz,PHISHING,3,brand-imitation
1win-fff-official4.xyz,PHISHING,3,brand-imitation
1win-fff-official7.xyz,PHISHING,3,brand-imitation
1win-ggnft.buzz,PHISHING,3,brand-imitation
1win-iii-official11.xyz,PHISHING,3,brand-imitation
1win-iii-official13.fun,PHISHING,3,brand-imitation
1win-iii-official6.xyz,PHISHING,3,brand-imitation
1win-iii-official7.xyz,PHISHING,3,brand-imitation
1win-iii-official8.xyz,PHISHING,3,brand-imitation
1win-iii-official9.xyz,PHISHING,3,brand-imitation
1win-jjj-official10.xyz,PHISHING,3,brand-imitation
1win-jjj-official12.xyz,PHISHING,3,brand-imitation
1win-jjj-official14.fun,PHISHING,3,brand-imitation
1win-jjj-official15.fun,PHISHING,3,brand-imitation
1win-jjj-official2.xyz,PHISHING,3,brand-imitation
1win-jjj-official7.xyz,PHISHING,3,brand-imitation
1win-jjj-official8.xyz,PHISHING,3,brand-imitation
1win-jjj-official9.xyz,PHISHING,3,brand-imitation
1win-lll-official10.xyz,PHISHING,3,brand-imitation
1win-lll-official11.xyz,PHISHING,3,brand-imitation
1win-lll-official12.xyz,PHISHING,3,brand-imitation
1win-lll-official3.xyz,PHISHING,3,brand-imitation
1win-lll-official6.xyz,PHISHING,3,brand-imitation
1win-lll-official7.xyz,PHISHING,3,brand-imitation
1win-lll-official8.xyz,PHISHING,3,brand-imitation
1win-lll-official9.xyz,PHISHING,3,brand-imitation
1win-login-bangladesh.com,PHISHING,3,brand-imitation
1win-lpq-official10.fun,PHISHING,3,brand-imitation
1win-lpq-official11.fun,PHISHING,3,brand-imitation
1win-lpq-official12.fun,PHISHING,3,brand-imitation
1win-lpq-official4.xyz,PHISHING,3,brand-imitation
1win-lpq-official6.xyz,PHISHING,3,brand-imitation
1win-lpq-official7.xyz,PHISHING,3,brand-imitation
1win-lpq-official8.xyz,PHISHING,3,brand-imitation
1win-mmm-official11.xyz,PHISHING,3,brand-imitation
1win-mmm-official12.xyz,PHISHING,3,brand-imitation
1win-mmm-official13.xyz,PHISHING,3,brand-imitation
1win-mmm-official14.xyz,PHISHING,3,brand-imitation
1win-mmm-official15.xyz,PHISHING,3,brand-imitation
1win-mmm-official16.xyz,PHISHING,3,brand-imitation
1win-mmm-official18.xyz,PHISHING,3,brand-imitation
1win-mmm-official20.xyz,PHISHING,3,brand-imitation
1win-nnn-official12.xyz,PHISHING,3,brand-imitation
1win-nnn-official13.xyz,PHISHING,3,brand-imitation
1win-nnn-official14.xyz,PHISHING,3,brand-imitation
1win-nnn-official15.xyz,PHISHING,3,brand-imitation
1win-nnn-official16.xyz,PHISHING,3,brand-imitation
1win-nnn-official18.xyz,PHISHING,3,brand-imitation
1win-nnn-official6.xyz,PHISHING,3,brand-imitation
1win-official-new-a.xyz,PHISHING,3,brand-imitation
1win-official-new-b.xyz,PHISHING,3,brand-imitation
1win-official-new-c.xyz,PHISHING,3,brand-imitation
1win-official-wtm1.casino,PHISHING,3,brand-imitation
1win-official-wtm1.fun,PHISHING,3,brand-imitation
1win-official-zerkalo10.xyz,PHISHING,3,brand-imitation
1win-official-zerkalo11.xyz,PHISHING,3,brand-imitation
1win-official-zerkalo13.xyz,PHISHING,3,brand-imitation
1win-official-zerkalo5.xyz,PHISHING,3,brand-imitation
1win-official-zerkalo6.xyz,PHISHING,3,brand-imitation
1win-official-zerkalo7.xyz,PHISHING,3,brand-imitation
1win-official14.xyz,PHISHING,3,brand-imitation
1win-official15.xyz,PHISHING,3,brand-imitation
1win-official16.xyz,PHISHING,3,brand-imitation
1win-official17.xyz,PHISHING,3,brand-imitation
1win-official18.xyz,PHISHING,3,brand-imitation
1win-official19.xyz,PHISHING,3,brand-imitation
1win-official2.buzz,PHISHING,3,brand-imitation
1win-official20.xyz,PHISHING,3,brand-imitation
1win-official21.xyz,PHISHING,3,brand-imitation
1win-official3.buzz,PHISHING,3,brand-imitation
1win-official4.buzz,PHISHING,3,brand-imitation
1win-officialniy-site.space,PHISHING,3,brand-imitation
1win-officials17.xyz,PHISHING,3,brand-imitation
1win-officials18.xyz,PHISHING,3,brand-imitation
1win-officials19.xyz,PHISHING,3,brand-imitation
1win-officials21.xyz,PHISHING,3,brand-imitation
1win-officials22.xyz,PHISHING,3,brand-imitation
1win-officials24.xyz,PHISHING,3,brand-imitation
1win-officials26.xyz,PHISHING,3,brand-imitation
1win-okn-official11.xyz,PHISHING,3,brand-imitation
1win-okn-official12.xyz,PHISHING,3,brand-imitation
1win-okn-official15.xyz,PHISHING,3,brand-imitation
1win-okn-official16.xyz,PHISHING,3,brand-imitation
1win-okn-official17.xyz,PHISHING,3,brand-imitation
1win-okn-official18.xyz,PHISHING,3,brand-imitation
1win-okn-official21.fun,PHISHING,3,brand-imitation
1win-okn-official22.fun,PHISHING,3,brand-imitation
1win-okn-official23.fun,PHISHING,3,brand-imitation
1win-okn-official5.xyz,PHISHING,3,brand-imitation
1win-ooo-official10.xyz,PHISHING,3,brand-imitation
1win-ooo-official11.xyz,PHISHING,3,brand-imitation
1win-ooo-official13.xyz,PHISHING,3,brand-imitation
1win-ooo-official15.xyz,PHISHING,3,brand-imitation
1win-ooo-official9.xyz,PHISHING,3,brand-imitation
1win-pas-official10.xyz,PHISHING,3,brand-imitation
1win-pas-official11.xyz,PHISHING,3,brand-imitation
1win-pas-official12.xyz,PHISHING,3,brand-imitation
1win-pas-official13.xyz,PHISHING,3,brand-imitation
1win-pas-official15.xyz,PHISHING,3,brand-imitation
1win-pas-official17.fun,PHISHING,3,brand-imitation
1win-pas-official18.fun,PHISHING,3,brand-imitation
1win-pas-official19.fun,PHISHING,3,brand-imitation
1win-pas-official20.fun,PHISHING,3,brand-imitation
1win-pas-official21.fun,PHISHING,3,brand-imitation
1win-pas-official5.xyz,PHISHING,3,brand-imitation
1win-pas-official8.xyz,PHISHING,3,brand-imitation
1win-pas-official9.xyz,PHISHING,3,brand-imitation
1win-qeydiyyat-login-az.com,PHISHING,3,brand-imitation
1win-ujm-official11.xyz,PHISHING,3,brand-imitation
1win-ujm-official12.xyz,PHISHING,3,brand-imitation
1win-ujm-official6.xyz,PHISHING,3,brand-imitation
1win-ujm-official7.xyz,PHISHING,3,brand-imitation
1win-ujm-official9.xyz,PHISHING,3,brand-imitation
1win-waq-official10.fun,PHISHING,3,brand-imitation
1win-waq-official7.xyz,PHISHING,3,brand-imitation
1win-waq-official9.fun,PHISHING,3,brand-imitation
1win-wsx-official10.xyz,PHISHING,3,brand-imitation
1win-wsx-official12.xyz,PHISHING,3,brand-imitation
1win-wsx-official5.xyz,PHISHING,3,brand-imitation
1win-wsx-official6.xyz,PHISHING,3,brand-imitation
1win-wsx-official8.xyz,PHISHING,3,brand-imitation
1win-wsx-official9.xyz,PHISHING,3,brand-imitation
1win-www-official1.xyz,PHISHING,3,brand-imitation
1win-www-official10.xyz,PHISHING,3,brand-imitation
1win-www-official11.xyz,PHISHING,3,brand-imitation
1win-www-official12.xyz,PHISHING,3,brand-imitation
1win-www-official2.xyz,PHISHING,3,brand-imitation
1win-www-official3.xyz,PHISHING,3,brand-imitation
1win-www-official4.xyz,PHISHING,3,brand-imitation
1win-www-official5.xyz,PHISHING,3,brand-imitation
1win-www-official6.xyz,PHISHING,3,brand-imitation
1win-www-official7.xyz,PHISHING,3,brand-imitation
1win-www-official8.xyz,PHISHING,3,brand-imitation
1win-www-official9.xyz,PHISHING,3,brand-imitation
1win-yyy-official11.xyz,PHISHING,3,brand-imitation
1win-yyy-official12.xyz,PHISHING,3,brand-imitation
1win-yyy-official13.xyz,PHISHING,3,brand-imitation
1win-yyy-official9.xyz,PHISHING,3,brand-imitation
1win-zzz-official5.xyz,PHISHING,3,brand-imitation
1win-zzz-official6.xyz,PHISHING,3,brand-imitation
1winbk-official13.xyz,PHISHING,3,brand-imitation
1winbk-official16.xyz,PHISHING,3,brand-imitation
1winbk-official17.xyz,PHISHING,3,brand-imitation
1winbk-official18.xyz,PHISHING,3,brand-imitation
1winbk-official19.xyz,PHISHING,3,brand-imitation
1winbk-official20.xyz,PHISHING,3,brand-imitation
1winbk-official22.xyz,PHISHING,3,brand-imitation
1wincasinoofficialslots.xyz,PHISHING,3,brand-imitation
1winft.buzz,PHISHING,3,brand-imitation
1wirelessaccount-myrogersplan.net,PHISHING,3,brand-imitation
1xbet-accountregistration.com,PHISHING,3,brand-imitation
1xbet-ewallet.com,PHISHING,3,brand-imitation
1xbet-login-algerie.org,PHISHING,3,brand-imitation
1xbet-login-br.com,PHISHING,3,brand-imitation
1xbet-login-np.org,PHISHING,3,brand-imitation
1xbet-official-site.net,PHISHING,3,brand-imitation
1xbet-official.best,PHISHING,3,brand-imitation
1xbet-official.lol,PHISHING,3,brand-imitation
1xbet-official.ltd,PHISHING,3,brand-imitation
1xbet-official.vip,PHISHING,3,brand-imitation
1xbet-officiali.pro,PHISHING,3,brand-imitation
1xbetlogin.click,PHISHING,3,brand-imitation
1xbetloginmyanmar.click,PHISHING,3,brand-imitation
1xbetloginpk.click,PHISHING,3,brand-imitation
1xbitloginvip.com,PHISHING,3,brand-imitation
1xfarm.com,PHISHING,3,brand-imitation
1xneo-support.info,PHISHING,3,brand-imitation
1xslotscasinologin.com,PHISHING,3,brand-imitation
1zcrypto.com,PHISHING,3,brand-imitation
2-expire-update.com,PHISHING,3,brand-imitation
2000pinetworkclaim.com,PHISHING,3,brand-imitation
2024-update099.info,PHISHING,3,brand-imitation
2024-update120.info,PHISHING,3,brand-imitation
2024-update123.info,PHISHING,3,brand-imitation
2024-update127.info,PHISHING,3,brand-imitation
2024-update128.info,PHISHING,3,brand-imitation
2024-update171.info,PHISHING,3,brand-imitation
2024-update173.info,PHISHING,3,brand-imitation
2024-update178.info,PHISHING,3,brand-imitation
2024-update179.info,PHISHING,3,brand-imitation
2024-update201.info,PHISHING,3,brand-imitation
2024-update202.info,PHISHING,3,brand-imitation
2024-update210.info,PHISHING,3,brand-imitation
2024-update211.info,PHISHING,3,brand-imitation
2024-update212.info,PHISHING,3,brand-imitation
2024-update213.info,PHISHING,3,brand-imitation
2024-update221.info,PHISHING,3,brand-imitation
2024-update240.info,PHISHING,3,brand-imitation
2024-update287.info,PHISHING,3,brand-imitation
2024-update289.info,PHISHING,3,brand-imitation
2024-update298.info,PHISHING,3,brand-imitation
2024-update439.info,PHISHING,3,brand-imitation
2024-update450.info,PHISHING,3,brand-imitation
2024-update477.info,PHISHING,3,brand-imitation
2024-update528.info,PHISHING,3,brand-imitation
2024-update548.info,PHISHING,3,brand-imitation
2024-update549.info,PHISHING,3,brand-imitation
2024-update572.info,PHISHING,3,brand-imitation
2024-update712.info,PHISHING,3,brand-imitation
2024-update742.info,PHISHING,3,brand-imitation
2024-update745.info,PHISHING,3,brand-imitation
2024-update770.info,PHISHING,3,brand-imitation
2024-update777.info,PHISHING,3,brand-imitation
2024-update780.info,PHISHING,3,brand-imitation
2024-update789.info,PHISHING,3,brand-imitation
2024-update810.info,PHISHING,3,brand-imitation
2024-update815.info,PHISHING,3,brand-imitation
2024-update827.info,PHISHING,3,brand-imitation
2024-update892.info,PHISHING,3,brand-imitation
2024-update894.info,PHISHING,3,brand-imitation
2024-update928.info,PHISHING,3,brand-imitation
2024helpaccessclaims.info,PHISHING,3,brand-imitation
2024update-lhk.info,PHISHING,3,brand-imitation
2025-update093.info,PHISHING,3,brand-imitation
2025-update104.info,PHISHING,3,brand-imitation
2025-update115.info,PHISHING,3,brand-imitation
2025-update12.info,PHISHING,3,brand-imitation
2025-update129.info,PHISHING,3,brand-imitation
2025-update159.info,PHISHING,3,brand-imitation
2025-update190.info,PHISHING,3,brand-imitation
2025-update205.info,PHISHING,3,brand-imitation
2025-update24.info,PHISHING,3,brand-imitation
2025-update25.info,PHISHING,3,brand-imitation
2025-update26.info,PHISHING,3,brand-imitation
2025-update277.com,PHISHING,3,brand-imitation
2025-update277.info,PHISHING,3,brand-imitation
2025-update278.com,PHISHING,3,brand-imitation
2025-update278.info,PHISHING,3,brand-imitation
2025-update279.com,PHISHING,3,brand-imitation
2025-update280.info,PHISHING,3,brand-imitation
2025-update289.info,PHISHING,3,brand-imitation
2025-update307.com,PHISHING,3,brand-imitation
2025-update377.info,PHISHING,3,brand-imitation
2025-update421.info,PHISHING,3,brand-imitation
2025-update455.info,PHISHING,3,brand-imitation
2025-update47.info,PHISHING,3,brand-imitation
2025-update752.info,PHISHING,3,brand-imitation
2025-update829.com,PHISHING,3,brand-imitation
2025-update897.com,PHISHING,3,brand-imitation
2025claimactivity.org,PHISHING,3,brand-imitation
2025connect.cfd,PHISHING,3,brand-imitation
2026-update223.info,PHISHING,3,brand-imitation
2026-update414.info,PHISHING,3,brand-imitation
2026-update617.info,PHISHING,3,brand-imitation
2026-update627.info,PHISHING,3,brand-imitation
2026-update878.info,PHISHING,3,brand-imitation
2026token.vip,PHISHING,3,brand-imitation
2026winlogin.com,PHISHING,3,brand-imitation
203support.com,PHISHING,3,brand-imitation
20betloginj.com,PHISHING,3,brand-imitation
210104coinbase.com,PHISHING,3,brand-imitation
212133coinbase.com,PHISHING,3,brand-imitation
212493coinbase.com,PHISHING,3,brand-imitation
215720-coinbase.com,PHISHING,3,brand-imitation
215secure.com,PHISHING,3,brand-imitation
216135-coinbase.com,PHISHING,3,brand-imitation
21millionbitcoinshow.com,PHISHING,3,brand-imitation
21millionthebitcoin.com,PHISHING,3,brand-imitation
21millionthebitcoin.show,PHISHING,3,brand-imitation
21millionthebitcoinanthem.com,PHISHING,3,brand-imitation
21millionthebitcoinanthem.net,PHISHING,3,brand-imitation
21millionthebitcoinshow.app,PHISHING,3,brand-imitation
21millionthebitcoinshow.com,PHISHING,3,brand-imitation
21millionthebitcoinshow.show,PHISHING,3,brand-imitation
21millionwallet.com,PHISHING,3,brand-imitation
21stupdates.com,PHISHING,3,brand-imitation
220vault.com,PHISHING,3,brand-imitation
2222bet-login.org,PHISHING,3,brand-imitation
222betlogin.net,PHISHING,3,brand-imitation
223244-crypto.com,PHISHING,3,brand-imitation
22bet-login-pl-amp.net,PHISHING,3,brand-imitation
22bet-login-pl.net,PHISHING,3,brand-imitation
22hello88login.com,PHISHING,3,brand-imitation
22viploginwin.com,PHISHING,3,brand-imitation
22winlogin.com,PHISHING,3,brand-imitation
234683crypto.com,PHISHING,3,brand-imitation
234viplogink.com,PHISHING,3,brand-imitation
23betloginj.com,PHISHING,3,brand-imitation
23rootsfarm.com,PHISHING,3,brand-imitation
23vinlogin.com,PHISHING,3,brand-imitation
23win1login.com,PHISHING,3,brand-imitation
23winloginwin.com,PHISHING,3,brand-imitation
24-login.com,PHISHING,3,brand-imitation
247-support.com,PHISHING,3,brand-imitation
247billingsupport.com,PHISHING,3,brand-imitation
247billsupport.com,PHISHING,3,brand-imitation
247cryptotradeinvestments.com,PHISHING,3,brand-imitation
247helpsupportcc.com,PHISHING,3,brand-imitation
247newsupdatez.com,PHISHING,3,brand-imitation
247softwaresupport.com,PHISHING,3,brand-imitation
247supportbill.com,PHISHING,3,brand-imitation
247supportcs.com,PHISHING,3,brand-imitation
247supportnetwork.com,PHISHING,3,brand-imitation
247supporttech.com,PHISHING,3,brand-imitation
247trustmarket.com,PHISHING,3,brand-imitation
247trustmarkets.com,PHISHING,3,brand-imitation
24connect.sbs,PHISHING,3,brand-imitation
24farmait.com,PHISHING,3,brand-imitation
24gallerynft.com,PHISHING,3,brand-imitation
24h7dtechnicalsupport.vip,PHISHING,3,brand-imitation
24houraccountant.com,PHISHING,3,brand-imitation
24hourcustomersupport.com,PHISHING,3,brand-imitation
24hoursupport-tards.info,PHISHING,3,brand-imitation
24htechnicalsupport.vip,PHISHING,3,brand-imitation
24mysupport.com,PHISHING,3,brand-imitation
24x7crypto.com,PHISHING,3,brand-imitation
24x7serversupport.com,PHISHING,3,brand-imitation
257905t-crypto.com,PHISHING,3,brand-imitation
25badmintonrindonesia.com,PHISHING,3,brand-imitation
25badxmintonrindonesia.com,PHISHING,3,brand-imitation
25novansko-connection.cfd,PHISHING,3,brand-imitation
26betloginj.com,PHISHING,3,brand-imitation
2767login.com,PHISHING,3,brand-imitation
27northconnection.info,PHISHING,3,brand-imitation
289winlogink.com,PHISHING,3,brand-imitation
28betloginj.com,PHISHING,3,brand-imitation
28betloginslot.com,PHISHING,3,brand-imitation
28glogink.com,PHISHING,3,brand-imitation
28login.com,PHISHING,3,brand-imitation
28wallets.com,PHISHING,3,brand-imitation
2900betlogin.com,PHISHING,3,brand-imitation
298654crypto.com,PHISHING,3,brand-imitation
29betloginbet.com,PHISHING,3,brand-imitation
29dlogin.com,PHISHING,3,brand-imitation
2bong88login.com,PHISHING,3,brand-imitation
2bongloginvip.com,PHISHING,3,brand-imitation
2bridgeio.com,PHISHING,3,brand-imitation
2claim.lat,PHISHING,3,brand-imitation
2claimprices.click,PHISHING,3,brand-imitation
2claimultimaterewardhaven.click,PHISHING,3,brand-imitation
2fa-esl-org-verify.help,PHISHING,3,brand-imitation
2fa-esl-org-verify.sbs,PHISHING,3,brand-imitation
2fa-esl-org-verify0.sbs,PHISHING,3,brand-imitation
2fa-esl-org-verify1.sbs,PHISHING,3,brand-imitation
2fa-presaerch-account.sbs,PHISHING,3,brand-imitation
2fa-secureverlvy.help,PHISHING,3,brand-imitation
2fapinetvault.org,PHISHING,3,brand-imitation
2fasupportdhl.com,PHISHING,3,brand-imitation
2llllogin.com,PHISHING,3,brand-imitation
2login-freedom5g-mobile.net,PHISHING,3,brand-imitation
2login-freedommobiie.com,PHISHING,3,brand-imitation
2mintokz.sbs,PHISHING,3,brand-imitation
2myaccount-rogersdashboard.net,PHISHING,3,brand-imitation
2rogers-onebill-update.net,PHISHING,3,brand-imitation
2rogersbill-accountupdate.net,PHISHING,3,brand-imitation
2rootsfarm.com,PHISHING,3,brand-imitation
2secure-freedommobile.com,PHISHING,3,brand-imitation
2secure.sbs,PHISHING,3,brand-imitation
2treasurevault.click,PHISHING,3,brand-imitation
2xcustomersupport.com,PHISHING,3,brand-imitation
2xtoken.com,PHISHING,3,brand-imitation
30betloginj.com,PHISHING,3,brand-imitation
3124-ionos-webmail-login.com,PHISHING,3,brand-imitation
312betloginj.com,PHISHING,3,brand-imitation
312reconnectnow.com,PHISHING,3,brand-imitation
31495julianafarms.info,PHISHING,3,brand-imitation
318bet-login.com,PHISHING,3,brand-imitation
3243-claim.sbs,PHISHING,3,brand-imitation
3245login.com,PHISHING,3,brand-imitation
32win3login.com,PHISHING,3,brand-imitation
32winloginwin.com,PHISHING,3,brand-imitation
3333tokens.vip,PHISHING,3,brand-imitation
333vinlogin.com,PHISHING,3,brand-imitation
33betlogin.net,PHISHING,3,brand-imitation
33kinglogin.com,PHISHING,3,brand-imitation
33layerupdate.info,PHISHING,3,brand-imitation
33vinlogin.com,PHISHING,3,brand-imitation
33win02login.com,PHISHING,3,brand-imitation
33winapplogin.com,PHISHING,3,brand-imitation
33winloginapp.com,PHISHING,3,brand-imitation
33winlogingame.com,PHISHING,3,brand-imitation
33winloginlink.com,PHISHING,3,brand-imitation
33wwinlogin.com,PHISHING,3,brand-imitation
360accountingpro.net,PHISHING,3,brand-imitation
360cryptobank.com,PHISHING,3,brand-imitation
360cryptobanking.com,PHISHING,3,brand-imitation
360cryptocoins.com,PHISHING,3,brand-imitation
360updater.com,PHISHING,3,brand-imitation
3633betloginj.com,PHISHING,3,brand-imitation
365accountant.com,PHISHING,3,brand-imitation
365betlogin.net,PHISHING,3,brand-imitation
365billsupport.com,PHISHING,3,brand-imitation
365cacuoclogin.com,PHISHING,3,brand-imitation
365ccbillsupport.com,PHISHING,3,brand-imitation
365connect.sbs,PHISHING,3,brand-imitation
365helpsupport.com,PHISHING,3,brand-imitation
365irelogin.info,PHISHING,3,brand-imitation
365japanupdate.com,PHISHING,3,brand-imitation
365loginoffice.icu,PHISHING,3,brand-imitation
365oklogin.com,PHISHING,3,brand-imitation
365okloginbet.com,PHISHING,3,brand-imitation
365remotesupport.com,PHISHING,3,brand-imitation
365securefiles.org,PHISHING,3,brand-imitation
365secureit.com,PHISHING,3,brand-imitation
365support247.com,PHISHING,3,brand-imitation
365supports.com,PHISHING,3,brand-imitation
365techvault.com,PHISHING,3,brand-imitation
365tokyoupdate.com,PHISHING,3,brand-imitation
368betlinklogin.com,PHISHING,3,brand-imitation
369superslotlogin.com,PHISHING,3,brand-imitation
36tlogink.com,PHISHING,3,brand-imitation
36wincasinologin.com,PHISHING,3,brand-imitation
36winlinklogin.com,PHISHING,3,brand-imitation
36winloginslot.com,PHISHING,3,brand-imitation
36winloginwin.com,PHISHING,3,brand-imitation
371brllogin.com,PHISHING,3,brand-imitation
37alogin.com,PHISHING,3,brand-imitation
385betloginj.com,PHISHING,3,brand-imitation
388goallogin.com,PHISHING,3,brand-imitation
389winlogink.com,PHISHING,3,brand-imitation
38thailogin.net,PHISHING,3,brand-imitation
38thalogin.com,PHISHING,3,brand-imitation
38thlogin.com,PHISHING,3,brand-imitation
393betloginj.com,PHISHING,3,brand-imitation
39login.com,PHISHING,3,brand-imitation
3aaanft.org,PHISHING,3,brand-imitation
3acresfarms.com,PHISHING,3,brand-imitation
3cconnections.org,PHISHING,3,brand-imitation
3d-secure-pay.life,PHISHING,3,brand-imitation
3d-secure.life,PHISHING,3,brand-imitation
3dartwallet.com,PHISHING,3,brand-imitation
3dayscrypto.com,PHISHING,3,brand-imitation
3dbetlogin.com,PHISHING,3,brand-imitation
3dcgvault.com,PHISHING,3,brand-imitation
3dctoken.com,PHISHING,3,brand-imitation
3dfarmlab.com,PHISHING,3,brand-imitation
3dmodelbridges.com,PHISHING,3,brand-imitation
3dsecure-ca.info,PHISHING,3,brand-imitation
3dsecure.info,PHISHING,3,brand-imitation
3dsecurepayment.com,PHISHING,3,brand-imitation
3dsecureverify.info,PHISHING,3,brand-imitation
3dsverify.sbs,PHISHING,3,brand-imitation
3fmint.xyz,PHISHING,3,brand-imitation
3itrust.com,PHISHING,3,brand-imitation
3itrustapp.com,PHISHING,3,brand-imitation
3kautologin.com,PHISHING,3,brand-imitation
3kdubailogin.com,PHISHING,3,brand-imitation
3kingloginvip.com,PHISHING,3,brand-imitation
3mainaccount.com,PHISHING,3,brand-imitation
3prconnect.net,PHISHING,3,brand-imitation
3s-farm.sbs,PHISHING,3,brand-imitation
3ullsupport.com,PHISHING,3,brand-imitation
3uuwallet.com,PHISHING,3,brand-imitation
3winloginbet.com,PHISHING,3,brand-imitation
3xchange-login.lat,PHISHING,3,brand-imitation
3xchange-login.sbs,PHISHING,3,brand-imitation
407etr-account.xyz,PHISHING,3,brand-imitation
407etrconnect.online,PHISHING,3,brand-imitation
40accountinginc.com,PHISHING,3,brand-imitation
40accountingtax.com,PHISHING,3,brand-imitation
411connection.com,PHISHING,3,brand-imitation
41kclaimpay.buzz,PHISHING,3,brand-imitation
41token.vip,PHISHING,3,brand-imitation
429805-crypto.com,PHISHING,3,brand-imitation
42vnlogin.com,PHISHING,3,brand-imitation
42vnloginbet.com,PHISHING,3,brand-imitation
436737-bankofarmerica.com,PHISHING,3,brand-imitation
444winlogink.com,PHISHING,3,brand-imitation
4466clublogin.com,PHISHING,3,brand-imitation
44betlogin.net,PHISHING,3,brand-imitation
44qqlogin.com,PHISHING,3,brand-imitation
456248-crypto.com,PHISHING,3,brand-imitation
45678login.com,PHISHING,3,brand-imitation
456betloginj.com,PHISHING,3,brand-imitation
456viplogin.com,PHISHING,3,brand-imitation
4778-claim.sbs,PHISHING,3,brand-imitation
488betloginj.com,PHISHING,3,brand-imitation
48updates.com,PHISHING,3,brand-imitation
4chanstoken.info,PHISHING,3,brand-imitation
4dlogin.com,PHISHING,3,brand-imitation
4dogtoken.xyz,PHISHING,3,brand-imitation
4fuelmint.info,PHISHING,3,brand-imitation
4fuelminthub.info,PHISHING,3,brand-imitation
4fuelmintlife.info,PHISHING,3,brand-imitation
4fuelmintm.info,PHISHING,3,brand-imitation
4fuelminttime.info,PHISHING,3,brand-imitation
4fuelmintzone.info,PHISHING,3,brand-imitation
4kfarma.com,PHISHING,3,brand-imitation
4ndroidsupport.com,PHISHING,3,brand-imitation
4peakstrust.com,PHISHING,3,brand-imitation
4peakstrust.net,PHISHING,3,brand-imitation
4peakstrust.org,PHISHING,3,brand-imitation
4rrlogin.com,PHISHING,3,brand-imitation
4tunetoken.xyz,PHISHING,3,brand-imitation
4twbetlogin.com,PHISHING,3,brand-imitation
4x4edmlogin.com,PHISHING,3,brand-imitation
505betloginj.com,PHISHING,3,brand-imitation
508trustedtester.com,PHISHING,3,brand-imitation
50betloginj.com,PHISHING,3,brand-imitation
521735crypto.com,PHISHING,3,brand-imitation
5280trustandwill.com,PHISHING,3,brand-imitation
5280trustsandwills.com,PHISHING,3,brand-imitation
5280willandtrust.com,PHISHING,3,brand-imitation
5280willsandtrusts.com,PHISHING,3,brand-imitation
52token.xyz,PHISHING,3,brand-imitation
53-secure-safe-ref00.online,PHISHING,3,brand-imitation
53-secure0info.online,PHISHING,3,brand-imitation
53-verify-id0-secure.online,PHISHING,3,brand-imitation
538209crypto.com,PHISHING,3,brand-imitation
53supporthelp.org,PHISHING,3,brand-imitation
53verify-secure0.online,PHISHING,3,brand-imitation
5pointcu-verify.org,PHISHING,3,brand-imitation
5pointcu2verify.org,PHISHING,3,brand-imitation
5starcelebritiesconnecthub.net,PHISHING,3,brand-imitation
5update.com,PHISHING,3,brand-imitation
60livesconnect.com,PHISHING,3,brand-imitation
666tokens.com,PHISHING,3,brand-imitation
66excrypto.com,PHISHING,3,brand-imitation
66nft.com,PHISHING,3,brand-imitation
6bitcoin.fun,PHISHING,3,brand-imitation
6ffnft.sbs,PHISHING,3,brand-imitation
6figtoken.com,PHISHING,3,brand-imitation
6gznft.cfd,PHISHING,3,brand-imitation
6nnft.com,PHISHING,3,brand-imitation
7-mile-bridge.cfd,PHISHING,3,brand-imitation
713itsupport.com,PHISHING,3,brand-imitation
75032marketupdate.com,PHISHING,3,brand-imitation
75thforcesupport.com,PHISHING,3,brand-imitation
768support.com,PHISHING,3,brand-imitation
777vault-at.com,PHISHING,3,brand-imitation
777vault-ca.com,PHISHING,3,brand-imitation
777vault-fi.com,PHISHING,3,brand-imitation
777vault.casino,PHISHING,3,brand-imitation
7bar7farms.app,PHISHING,3,brand-imitation
7bar7farms.com,PHISHING,3,brand-imitation
7bitbitcoincasino.com,PHISHING,3,brand-imitation
7bitcasinocrypto.com,PHISHING,3,brand-imitation
7bitcoincasino.com,PHISHING,3,brand-imitation
7boxtoken.network,PHISHING,3,brand-imitation
7daystradingcrypto.com,PHISHING,3,brand-imitation
7gbitcoin.com,PHISHING,3,brand-imitation
7gcryptobank.com,PHISHING,3,brand-imitation
7gcryptocoin.com,PHISHING,3,brand-imitation
7gcryptocurrency.com,PHISHING,3,brand-imitation
7ykrnftb.com,PHISHING,3,brand-imitation
8-myaccountok.icu,PHISHING,3,brand-imitation
8020connect.com,PHISHING,3,brand-imitation
808bitcoin.com,PHISHING,3,brand-imitation
808bitcoins.com,PHISHING,3,brand-imitation
808crypto.com,PHISHING,3,brand-imitation
808cryptos.com,PHISHING,3,brand-imitation
808techsupport.com,PHISHING,3,brand-imitation
81-trustfunds.com,PHISHING,3,brand-imitation
8171update.online,PHISHING,3,brand-imitation
818vaultservices.com,PHISHING,3,brand-imitation
81trust.com,PHISHING,3,brand-imitation
81trustfunds.com,PHISHING,3,brand-imitation
82-trustfunds.com,PHISHING,3,brand-imitation
827182-crypto.com,PHISHING,3,brand-imitation
82trust.com,PHISHING,3,brand-imitation
82trustfunds.com,PHISHING,3,brand-imitation
83badmintongindonesia.com,PHISHING,3,brand-imitation
8460317-crypto.com,PHISHING,3,brand-imitation
8460317crypto.com,PHISHING,3,brand-imitation
85cryptotradindonesia.com,PHISHING,3,brand-imitation
860support.com,PHISHING,3,brand-imitation
888secure.com,PHISHING,3,brand-imitation
88token.org,PHISHING,3,brand-imitation
890539crypto.com,PHISHING,3,brand-imitation
8hnfty.cfd,PHISHING,3,brand-imitation
91-mintspg.mom,PHISHING,3,brand-imitation
911accounts.com,PHISHING,3,brand-imitation
925thefarmradio.com,PHISHING,3,brand-imitation
943thebridge.com,PHISHING,3,brand-imitation
97653-cb-support.com,PHISHING,3,brand-imitation
99-connect.com,PHISHING,3,brand-imitation
991823-crypto.com,PHISHING,3,brand-imitation
992837crypto.com,PHISHING,3,brand-imitation
99bitcoins.app,PHISHING,3,brand-imitation
99guibinaccount.mom,PHISHING,3,brand-imitation
9connect.com,PHISHING,3,brand-imitation
9jatrust.xyz,PHISHING,3,brand-imitation
a-htrust.com,PHISHING,3,brand-imitation
a-ppsupports.sbs,PHISHING,3,brand-imitation
a-trust-at.info,PHISHING,3,brand-imitation
a-trust-austria.info,PHISHING,3,brand-imitation
a-trust-info.online,PHISHING,3,brand-imitation
a-trust-online.info,PHISHING,3,brand-imitation
a16zcrypto.box,PHISHING,3,brand-imitation
a1accounting.com,PHISHING,3,brand-imitation
a1adsupport.com,PHISHING,3,brand-imitation
a1badminton.com,PHISHING,3,brand-imitation
a1cryptotrader.com,PHISHING,3,brand-imitation
a1golfconnect.com,PHISHING,3,brand-imitation
a1mwallet.com,PHISHING,3,brand-imitation
a1safeandvault.com,PHISHING,3,brand-imitation
a1support.live,PHISHING,3,brand-imitation
a2verify.online,PHISHING,3,brand-imitation
a360-crypto-friendly.com,PHISHING,3,brand-imitation
a360-crypto.com,PHISHING,3,brand-imitation
a3token.com,PHISHING,3,brand-imitation
a81nft.sbs,PHISHING,3,brand-imitation
a8update.info,PHISHING,3,brand-imitation
aaacryptokingdombsslogsss.com,PHISHING,3,brand-imitation
aag-accounting.com,PHISHING,3,brand-imitation
aaintrust-kg.site,PHISHING,3,brand-imitation
aanvraag-update-toepassing.com,PHISHING,3,brand-imitation
aapentrusted.sbs,PHISHING,3,brand-imitation
aarpclaim.org,PHISHING,3,brand-imitation
aasecure.live,PHISHING,3,brand-imitation
aaveconnecting.com,PHISHING,3,brand-imitation
aaveupdate.help,PHISHING,3,brand-imitation
ab7support.com,PHISHING,3,brand-imitation
abacusaccountingandtaxessolutions.com,PHISHING,3,brand-imitation
abadminton.com,PHISHING,3,brand-imitation
abaonyminty.sbs,PHISHING,3,brand-imitation
abasverify.net,PHISHING,3,brand-imitation
abbatoken.org,PHISHING,3,brand-imitation
abbeyfarmholidayhomes.com,PHISHING,3,brand-imitation
abbiwallet.com,PHISHING,3,brand-imitation
abcbitcoins.com,PHISHING,3,brand-imitation
abcbridgeclub.com,PHISHING,3,brand-imitation
abccrypto.com,PHISHING,3,brand-imitation
abcfarmaa.com,PHISHING,3,brand-imitation
abchealthconnectionhr.org,PHISHING,3,brand-imitation
abcryptocurrency.com,PHISHING,3,brand-imitation
abctechnicalsupport.com,PHISHING,3,brand-imitation
abctrust.com,PHISHING,3,brand-imitation
abdsecure.com,PHISHING,3,brand-imitation
abeconnect.top,PHISHING,3,brand-imitation
abeltreefarm.com,PHISHING,3,brand-imitation
abeofficesecurefile.sbs,PHISHING,3,brand-imitation
abeofficesecurefilecdoc.sbs,PHISHING,3,brand-imitation
abeofficesecurefilexx.sbs,PHISHING,3,brand-imitation
abfarm.org,PHISHING,3,brand-imitation
abiconnectdigital.com,PHISHING,3,brand-imitation
abilityconnectonline.com,PHISHING,3,brand-imitation
abitcoincorp.com,PHISHING,3,brand-imitation
ableaccount411.com,PHISHING,3,brand-imitation
abletreefarm.com,PHISHING,3,brand-imitation
ableupdate.com,PHISHING,3,brand-imitation
ablomintyuz.sbs,PHISHING,3,brand-imitation
abnehmenmitschlafinftr.info,PHISHING,3,brand-imitation
abnehmenmitschlafinftw.info,PHISHING,3,brand-imitation
abodetipssupport.com,PHISHING,3,brand-imitation
abolishislandstrust.org,PHISHING,3,brand-imitation
abondus-farms.com,PHISHING,3,brand-imitation
abonnementssektion-connect-dk.info,PHISHING,3,brand-imitation
about-your-account.help,PHISHING,3,brand-imitation
aboutsecure.sbs,PHISHING,3,brand-imitation
abouturtrustfinn.com,PHISHING,3,brand-imitation
aboutyouraccount.help,PHISHING,3,brand-imitation
abracadabramint.xyz,PHISHING,3,brand-imitation
abridgetowisdom.com,PHISHING,3,brand-imitation
absaccountech.com,PHISHING,3,brand-imitation
absclaim.com,PHISHING,3,brand-imitation
absd-secure.cam,PHISHING,3,brand-imitation
absd-secured.com,PHISHING,3,brand-imitation
absecurely.com,PHISHING,3,brand-imitation
absolutebitcoin.com,PHISHING,3,brand-imitation
absolutevaults.com,PHISHING,3,brand-imitation
absupport.help,PHISHING,3,brand-imitation
absverify.buzz,PHISHING,3,brand-imitation
abszentimint.sbs,PHISHING,3,brand-imitation
abtconnection.info,PHISHING,3,brand-imitation
abtokens.net,PHISHING,3,brand-imitation
abudhabibitcoin.net,PHISHING,3,brand-imitation
abuja-trust.rest,PHISHING,3,brand-imitation
abundancecryptotrust.com,PHISHING,3,brand-imitation
abusupport.com,PHISHING,3,brand-imitation
abvantrust.com,PHISHING,3,brand-imitation
abxsupport.com,PHISHING,3,brand-imitation
abys-secured.com,PHISHING,3,brand-imitation
abzsupport.com,PHISHING,3,brand-imitation
acaconnectingus.com,PHISHING,3,brand-imitation
academicbridgeint.com,PHISHING,3,brand-imitation
academicbridges.sbs,PHISHING,3,brand-imitation
academyconnect.digital,PHISHING,3,brand-imitation
academyconnections.com,PHISHING,3,brand-imitation
academymint.best,PHISHING,3,brand-imitation
academywallet.com,PHISHING,3,brand-imitation
acaptrust.org,PHISHING,3,brand-imitation
acbconnect.com,PHISHING,3,brand-imitation
acc-nwfcverify.icu,PHISHING,3,brand-imitation
acc-ountverify-secrbc.info,PHISHING,3,brand-imitation
acc-selco-verify.cfd,PHISHING,3,brand-imitation
acc-usaa0-verify.cfd,PHISHING,3,brand-imitation
acc-usaa1-verify.cfd,PHISHING,3,brand-imitation
acc-verify-payment.com,PHISHING,3,brand-imitation
acc004-authverify.info,PHISHING,3,brand-imitation
acc0secure.click,PHISHING,3,brand-imitation
acceleratebridgehub.com,PHISHING,3,brand-imitation
acceleratebridgepro.com,PHISHING,3,brand-imitation
accept-bitcoin-payments.com,PHISHING,3,brand-imitation
acceptbitcoincash.org,PHISHING,3,brand-imitation
acceptcryptonearme.com,PHISHING,3,brand-imitation
acces-desjardinsecure.com,PHISHING,3,brand-imitation
acces-verify.info,PHISHING,3,brand-imitation
accesd-secure.com,PHISHING,3,brand-imitation
accesd-secure.help,PHISHING,3,brand-imitation
accesd-support.com,PHISHING,3,brand-imitation
accesd-verify.com,PHISHING,3,brand-imitation
accesdverify.info,PHISHING,3,brand-imitation
access-account.online,PHISHING,3,brand-imitation
access-bnbtestoken.com,PHISHING,3,brand-imitation
access-connector.com,PHISHING,3,brand-imitation
access-secure.click,PHISHING,3,brand-imitation
access-signonaccountsscandc.icu,PHISHING,3,brand-imitation
accessauclaim.org,PHISHING,3,brand-imitation
accessbridge.sbs,PHISHING,3,brand-imitation
accessbridgeafrica.org,PHISHING,3,brand-imitation
accessclaim.xyz,PHISHING,3,brand-imitation
accessclaimcow.com,PHISHING,3,brand-imitation
accessmint.com,PHISHING,3,brand-imitation
accessneedsverify.help,PHISHING,3,brand-imitation
accessoanpointclaim.org,PHISHING,3,brand-imitation
accessorieconnectorieaccessorieaccessorie.cfd,PHISHING,3,brand-imitation
accesspointclaim.online,PHISHING,3,brand-imitation
accesspointconnectuk.online,PHISHING,3,brand-imitation
accessprime-account.onl,PHISHING,3,brand-imitation
accesssecuredb.com,PHISHING,3,brand-imitation
accesssecuredbank.com,PHISHING,3,brand-imitation
accesssupportlogin.info,PHISHING,3,brand-imitation
accesstrustb.com,PHISHING,3,brand-imitation
accesstrustbs.com,PHISHING,3,brand-imitation
accesstrustcapital.com,PHISHING,3,brand-imitation
accesstrustfintech.com,PHISHING,3,brand-imitation
accesstrustfintechs.com,PHISHING,3,brand-imitation
accesstrustinterbk.com,PHISHING,3,brand-imitation
accesstrusts.com,PHISHING,3,brand-imitation
accesstrustservice.com,PHISHING,3,brand-imitation
accessupdateappsadobe.info,PHISHING,3,brand-imitation
accessvellissecure.com,PHISHING,3,brand-imitation
accessverify.help,PHISHING,3,brand-imitation
accesverifyaccount.com,PHISHING,3,brand-imitation
accesxsecureddoc.com,PHISHING,3,brand-imitation
accetratrust.com,PHISHING,3,brand-imitation
accidentclaimlondon.com,PHISHING,3,brand-imitation
acclaimcares.net,PHISHING,3,brand-imitation
acclaimed-forum.com,PHISHING,3,brand-imitation
acclaimedartist.com,PHISHING,3,brand-imitation
acclaimgraphics.sbs,PHISHING,3,brand-imitation
acclaimwindowcleaning.com,PHISHING,3,brand-imitation
acclogin0-royalsecure1.com,PHISHING,3,brand-imitation
acconlinesecurehunting.help,PHISHING,3,brand-imitation
accounsupport.best,PHISHING,3,brand-imitation
account-about-it.help,PHISHING,3,brand-imitation
account-activation.help,PHISHING,3,brand-imitation
account-aktivieren.online,PHISHING,3,brand-imitation
account-aktualisieren.online,PHISHING,3,brand-imitation
account-aktualisierung.online,PHISHING,3,brand-imitation
account-alert.info,PHISHING,3,brand-imitation
account-alerts.email,PHISHING,3,brand-imitation
account-amazon.store,PHISHING,3,brand-imitation
account-and-routing-number-on-check.cfd,PHISHING,3,brand-imitation
account-app.com,PHISHING,3,brand-imitation
account-app.sbs,PHISHING,3,brand-imitation
account-apple-auth.com,PHISHING,3,brand-imitation
account-apple-auth.net,PHISHING,3,brand-imitation
account-apple-buy.com,PHISHING,3,brand-imitation
account-apple-buy.net,PHISHING,3,brand-imitation
account-apple-code.com,PHISHING,3,brand-imitation
account-apple-code.net,PHISHING,3,brand-imitation
account-apple-icloudid.com,PHISHING,3,brand-imitation
account-apple-icloudsafe.com,PHISHING,3,brand-imitation
account-apple-icloudsecure.net,PHISHING,3,brand-imitation
account-apple-icloudsecurelink.com,PHISHING,3,brand-imitation
account-apple-idicloud.com,PHISHING,3,brand-imitation
account-apple-idsafe.com,PHISHING,3,brand-imitation
account-apple-idsafe.net,PHISHING,3,brand-imitation
account-apple-idsecure.com,PHISHING,3,brand-imitation
account-apple-mail.com,PHISHING,3,brand-imitation
account-apple-mail.net,PHISHING,3,brand-imitation
account-apple-safe.com,PHISHING,3,brand-imitation
account-apple-safeicloud.com,PHISHING,3,brand-imitation
account-apple-safeid.com,PHISHING,3,brand-imitation
account-apple-safeid.net,PHISHING,3,brand-imitation
account-apple-safeidlink.net,PHISHING,3,brand-imitation
account-apple-secure.com,PHISHING,3,brand-imitation
account-apple-secure.net,PHISHING,3,brand-imitation
account-apple-secureicloud.com,PHISHING,3,brand-imitation
account-apple-secureid.com,PHISHING,3,brand-imitation
account-apple-secureidlink.com,PHISHING,3,brand-imitation
account-apple-secureidlink.net,PHISHING,3,brand-imitation
account-apple-store.com,PHISHING,3,brand-imitation
account-apple-store.net,PHISHING,3,brand-imitation
account-approval.click,PHISHING,3,brand-imitation
account-athuorisation-home.net,PHISHING,3,brand-imitation
account-authuser.com,PHISHING,3,brand-imitation
account-automation.com,PHISHING,3,brand-imitation
account-autorisation-home.net,PHISHING,3,brand-imitation
account-base.app,PHISHING,3,brand-imitation
account-bill.info,PHISHING,3,brand-imitation
account-bloccato-gxp.cyou,PHISHING,3,brand-imitation
account-btse.com,PHISHING,3,brand-imitation
account-buy.com,PHISHING,3,brand-imitation
account-cbase.help,PHISHING,3,brand-imitation
account-center.info,PHISHING,3,brand-imitation
account-center.live,PHISHING,3,brand-imitation
account-checkpoint.help,PHISHING,3,brand-imitation
account-chrome.com,PHISHING,3,brand-imitation
account-co.site,PHISHING,3,brand-imitation
account-code.help,PHISHING,3,brand-imitation
account-coinbase.com,PHISHING,3,brand-imitation
account-coinbesa.com,PHISHING,3,brand-imitation
account-coinmarketcap.com,PHISHING,3,brand-imitation
account-config.info,PHISHING,3,brand-imitation
account-confirm.help,PHISHING,3,brand-imitation
account-confirmation.help,PHISHING,3,brand-imitation
account-connect.cfd,PHISHING,3,brand-imitation
account-dash.pro,PHISHING,3,brand-imitation
account-departmntorgs.com,PHISHING,3,brand-imitation
account-dept.com,PHISHING,3,brand-imitation
account-details-fr.com,PHISHING,3,brand-imitation
account-disn-eyplus-support.info,PHISHING,3,brand-imitation
account-doordash.com,PHISHING,3,brand-imitation
account-drive.com,PHISHING,3,brand-imitation
account-executive.rest,PHISHING,3,brand-imitation
account-find.cloud,PHISHING,3,brand-imitation
account-find.info,PHISHING,3,brand-imitation
account-fiverr.click,PHISHING,3,brand-imitation
account-flix.info,PHISHING,3,brand-imitation
account-form874943.cfd,PHISHING,3,brand-imitation
account-freedom-mobile5g.net,PHISHING,3,brand-imitation
account-freshwroks.sbs,PHISHING,3,brand-imitation
account-fvr.help,PHISHING,3,brand-imitation
account-fvrr.help,PHISHING,3,brand-imitation
account-g00gl.site,PHISHING,3,brand-imitation
account-geblokkeerd-flm.cyou,PHISHING,3,brand-imitation
account-glkb.info,PHISHING,3,brand-imitation
account-gmgn.site,PHISHING,3,brand-imitation
account-goog1e.site,PHISHING,3,brand-imitation
account-google-login.sbs,PHISHING,3,brand-imitation
account-google.net,PHISHING,3,brand-imitation
account-help.com,PHISHING,3,brand-imitation
account-help.xyz,PHISHING,3,brand-imitation
account-helpcenter.com,PHISHING,3,brand-imitation
account-helpdesk.help,PHISHING,3,brand-imitation
account-icloud.info,PHISHING,3,brand-imitation
account-identifier.com,PHISHING,3,brand-imitation
account-identifikation.online,PHISHING,3,brand-imitation
account-import.com,PHISHING,3,brand-imitation
account-info-checking-process.cfd,PHISHING,3,brand-imitation
account-info-mx.help,PHISHING,3,brand-imitation
account-info.help,PHISHING,3,brand-imitation
account-infoa.xyz,PHISHING,3,brand-imitation
account-infob.xyz,PHISHING,3,brand-imitation
account-infoc.xyz,PHISHING,3,brand-imitation
account-infod.xyz,PHISHING,3,brand-imitation
account-infoe.xyz,PHISHING,3,brand-imitation
account-infog.xyz,PHISHING,3,brand-imitation
account-infoh.xyz,PHISHING,3,brand-imitation
account-infoi.xyz,PHISHING,3,brand-imitation
account-infoj.xyz,PHISHING,3,brand-imitation
account-infok.xyz,PHISHING,3,brand-imitation
account-infologin.com,PHISHING,3,brand-imitation
account-infom.xyz,PHISHING,3,brand-imitation
account-infon.xyz,PHISHING,3,brand-imitation
account-infoo.xyz,PHISHING,3,brand-imitation
account-infoq.xyz,PHISHING,3,brand-imitation
account-infos.xyz,PHISHING,3,brand-imitation
account-infot.xyz,PHISHING,3,brand-imitation
account-infou.xyz,PHISHING,3,brand-imitation
account-infov.xyz,PHISHING,3,brand-imitation
account-infox.xyz,PHISHING,3,brand-imitation
account-infoy.xyz,PHISHING,3,brand-imitation
account-kontrolle.online,PHISHING,3,brand-imitation
account-koppeling.xyz,PHISHING,3,brand-imitation
account-lnfomaps.life,PHISHING,3,brand-imitation
account-located.link,PHISHING,3,brand-imitation
account-locked-au-gjo.cyou,PHISHING,3,brand-imitation
account-log-in.site,PHISHING,3,brand-imitation
account-logiin.pro,PHISHING,3,brand-imitation
account-login-renew.help,PHISHING,3,brand-imitation
account-login.click,PHISHING,3,brand-imitation
account-login.cyou,PHISHING,3,brand-imitation
account-logins.help,PHISHING,3,brand-imitation
account-logln.com,PHISHING,3,brand-imitation
account-lost-mx.help,PHISHING,3,brand-imitation
account-lse.com,PHISHING,3,brand-imitation
account-lse.org,PHISHING,3,brand-imitation
account-mail-ru.icu,PHISHING,3,brand-imitation
account-mail.icu,PHISHING,3,brand-imitation
account-mail.life,PHISHING,3,brand-imitation
account-mail.pro,PHISHING,3,brand-imitation
account-manage.info,PHISHING,3,brand-imitation
account-management.info,PHISHING,3,brand-imitation
account-manager.info,PHISHING,3,brand-imitation
account-managment.one,PHISHING,3,brand-imitation
account-mapscloud.life,PHISHING,3,brand-imitation
account-master.xyz,PHISHING,3,brand-imitation
account-miscauth.cfd,PHISHING,3,brand-imitation
account-miscauth.online,PHISHING,3,brand-imitation
account-mybell.net,PHISHING,3,brand-imitation
account-myfiix.com,PHISHING,3,brand-imitation
account-mymx.info,PHISHING,3,brand-imitation
account-netffix.com,PHISHING,3,brand-imitation
account-netflix.help,PHISHING,3,brand-imitation
account-ntflx.help,PHISHING,3,brand-imitation
account-number-on-check.bar,PHISHING,3,brand-imitation
account-number-on-check.cfd,PHISHING,3,brand-imitation
account-number-on-check.rest,PHISHING,3,brand-imitation
account-number-on-check.sbs,PHISHING,3,brand-imitation
account-number.cfd,PHISHING,3,brand-imitation
account-secure-flix.com,PHISHING,3,brand-imitation
account-secure-ledger.com,PHISHING,3,brand-imitation
account-securecheck.help,PHISHING,3,brand-imitation
account-securelink.com,PHISHING,3,brand-imitation
account-sign-in-token.click,PHISHING,3,brand-imitation
account-support-crypto.com,PHISHING,3,brand-imitation
account-support-netflix.com,PHISHING,3,brand-imitation
account-support-paypal.com,PHISHING,3,brand-imitation
account-support.sbs,PHISHING,3,brand-imitation
account-supporting.help,PHISHING,3,brand-imitation
account-updatea.xyz,PHISHING,3,brand-imitation
account-updateb.xyz,PHISHING,3,brand-imitation
account-updatec.xyz,PHISHING,3,brand-imitation
account-updatee.xyz,PHISHING,3,brand-imitation
account-updatef.xyz,PHISHING,3,brand-imitation
account-updateh.xyz,PHISHING,3,brand-imitation
account-updatej.xyz,PHISHING,3,brand-imitation
account-updatek.xyz,PHISHING,3,brand-imitation
account-updatel.xyz,PHISHING,3,brand-imitation
account-updatem.xyz,PHISHING,3,brand-imitation
account-updaten.xyz,PHISHING,3,brand-imitation
account-updatep.xyz,PHISHING,3,brand-imitation
account-updater.xyz,PHISHING,3,brand-imitation
account-updates.xyz,PHISHING,3,brand-imitation
account-updatet.xyz,PHISHING,3,brand-imitation
account-updateu.xyz,PHISHING,3,brand-imitation
account-updatew.xyz,PHISHING,3,brand-imitation
account-updatex.xyz,PHISHING,3,brand-imitation
account-updatey.xyz,PHISHING,3,brand-imitation
account-updatez.xyz,PHISHING,3,brand-imitation
account-verify-support.com,PHISHING,3,brand-imitation
account-verify.website,PHISHING,3,brand-imitation
account6-crypto.com,PHISHING,3,brand-imitation
accountcentersupport.com,PHISHING,3,brand-imitation
accountclaimverify.sbs,PHISHING,3,brand-imitation
accountcloudnotificationsautomatedmessagesecurebeenonline.click,PHISHING,3,brand-imitation
accountconnection.store,PHISHING,3,brand-imitation
accountdataupdate.online,PHISHING,3,brand-imitation
accountdevicesupport.help,PHISHING,3,brand-imitation
accountgmailsecure.net,PHISHING,3,brand-imitation
accountinfoverify.online,PHISHING,3,brand-imitation
accountingbytokens.com,PHISHING,3,brand-imitation
accountingerrorsupport.com,PHISHING,3,brand-imitation
accountingstandardvault.best,PHISHING,3,brand-imitation
accountingupdates.com,PHISHING,3,brand-imitation
accountrecoveryupdate.com,PHISHING,3,brand-imitation
accountreviewsverify.xyz,PHISHING,3,brand-imitation
accounts-crypto.com,PHISHING,3,brand-imitation
accounts-securedfrppcakgedocs.com,PHISHING,3,brand-imitation
accounts-support.com,PHISHING,3,brand-imitation
accountsecure.app,PHISHING,3,brand-imitation
accountsecurityupdate.buzz,PHISHING,3,brand-imitation
accountstatusupdate.online,PHISHING,3,brand-imitation
accountsupport.center,PHISHING,3,brand-imitation
accountsupport.pro,PHISHING,3,brand-imitation
accountsupportdesk.com,PHISHING,3,brand-imitation
accountsupportonline.help,PHISHING,3,brand-imitation
accounttechnicalsupport.info,PHISHING,3,brand-imitation
accounttechnicalsupport.online,PHISHING,3,brand-imitation
accounttechnicalsupport.site,PHISHING,3,brand-imitation
accounttechnicalsupport.website,PHISHING,3,brand-imitation
accountupdate.app,PHISHING,3,brand-imitation
accountupdatecenter.com,PHISHING,3,brand-imitation
accountupdatecenter.online,PHISHING,3,brand-imitation
accountupdatescenter.com,PHISHING,3,brand-imitation
accountvault.live,PHISHING,3,brand-imitation
accountverificationsupport.info,PHISHING,3,brand-imitation
accountverificationsupport.online,PHISHING,3,brand-imitation
accountverificationsupport.site,PHISHING,3,brand-imitation
accountverificationsupport.website,PHISHING,3,brand-imitation
accountverify-booking.com,PHISHING,3,brand-imitation
accountverify-secrbc.info,PHISHING,3,brand-imitation
accountverify.org,PHISHING,3,brand-imitation
accountverify.services,PHISHING,3,brand-imitation
accountverifycenter.com,PHISHING,3,brand-imitation
accountwithsupport.com,PHISHING,3,brand-imitation
accra-trust.rest,PHISHING,3,brand-imitation
accraconnect.net,PHISHING,3,brand-imitation
accs0verify.icu,PHISHING,3,brand-imitation
accsecure.online,PHISHING,3,brand-imitation
accsecureveriffy.help,PHISHING,3,brand-imitation
acctsupport-linkdln.com,PHISHING,3,brand-imitation
acctupdatehub.live,PHISHING,3,brand-imitation
accubusconnect.com,PHISHING,3,brand-imitation
accubusconnect.net,PHISHING,3,brand-imitation
accubusconnect.org,PHISHING,3,brand-imitation
accuedconnect.app,PHISHING,3,brand-imitation
accuedconnect.com,PHISHING,3,brand-imitation
accuedconnect.net,PHISHING,3,brand-imitation
accuedconnect.org,PHISHING,3,brand-imitation
accuratecybersecureoptimized.autos,PHISHING,3,brand-imitation
accuratecybersmartsecure.autos,PHISHING,3,brand-imitation
accurateoptimizedsecurelightweight.autos,PHISHING,3,brand-imitation
accurateoptimizedsecurereliable.autos,PHISHING,3,brand-imitation
accurateproactiveshieldsecure.autos,PHISHING,3,brand-imitation
accuratesecurelightweightcyber.autos,PHISHING,3,brand-imitation
accuratesmartsecureadvanced.autos,PHISHING,3,brand-imitation
accutrainconnect.com,PHISHING,3,brand-imitation
accuvault.com,PHISHING,3,brand-imitation
accvault.cyou,PHISHING,3,brand-imitation
accverify.online,PHISHING,3,brand-imitation
accverifypro.online,PHISHING,3,brand-imitation
acdnconnect.net,PHISHING,3,brand-imitation
ace-horse-farm.com,PHISHING,3,brand-imitation
aceglobaltrust.com,PHISHING,3,brand-imitation
acelinktrust.com,PHISHING,3,brand-imitation
acelinktrusts.com,PHISHING,3,brand-imitation
aceshareassetsecureofficefl.sbs,PHISHING,3,brand-imitation
acessauthverify.help,PHISHING,3,brand-imitation
acessauthverifylogin.help,PHISHING,3,brand-imitation
acessauthverifylogon.help,PHISHING,3,brand-imitation
acessconnectallps.lat,PHISHING,3,brand-imitation
acessmyintrust.help,PHISHING,3,brand-imitation
acessmyloginverify.click,PHISHING,3,brand-imitation
acessonlinenowverify.help,PHISHING,3,brand-imitation
acessonlineverify.help,PHISHING,3,brand-imitation
acessonlineverifyautt.help,PHISHING,3,brand-imitation
acessreviewverify.help,PHISHING,3,brand-imitation
acesssecureblazedigital.help,PHISHING,3,brand-imitation
acesssmycryptsecureinbox.info,PHISHING,3,brand-imitation
acesssonlinesupport.help,PHISHING,3,brand-imitation
acessssupportdesk.help,PHISHING,3,brand-imitation
acesssupport.help,PHISHING,3,brand-imitation
acessupportreview.help,PHISHING,3,brand-imitation
acessverifyauth.help,PHISHING,3,brand-imitation
acessverifyauthorize.help,PHISHING,3,brand-imitation
acessverifyent.help,PHISHING,3,brand-imitation
acessverifylogin.help,PHISHING,3,brand-imitation
acessverifylogon.click,PHISHING,3,brand-imitation
acessverifylogon.info,PHISHING,3,brand-imitation
acessverifynow.help,PHISHING,3,brand-imitation
acessverifynowauth.help,PHISHING,3,brand-imitation
acessverifyonline.help,PHISHING,3,brand-imitation
acessverifyreview.help,PHISHING,3,brand-imitation
acessverifyvystarauth.help,PHISHING,3,brand-imitation
acetokenhub.com,PHISHING,3,brand-imitation
acetrustbankholding.com,PHISHING,3,brand-imitation
acevaulthub.info,PHISHING,3,brand-imitation
acevaults.com,PHISHING,3,brand-imitation
achatcryptostg.com,PHISHING,3,brand-imitation
acheminement-supportcolis.info,PHISHING,3,brand-imitation
achieverealestatefarmingsuccess.com,PHISHING,3,brand-imitation
achifarmproduce.com,PHISHING,3,brand-imitation
achsecurefile.com,PHISHING,3,brand-imitation
acidrefluxsupporthub.com,PHISHING,3,brand-imitation
ackconnector.com,PHISHING,3,brand-imitation
aclaimi.beer,PHISHING,3,brand-imitation
acmails5-secure-ne-jp.info,PHISHING,3,brand-imitation
acmails6-secure-ne-jp.info,PHISHING,3,brand-imitation
acncverify.info,PHISHING,3,brand-imitation
aconnectionsafes.bond,PHISHING,3,brand-imitation
aconnectionsafes.cfd,PHISHING,3,brand-imitation
aconnectionsafes.icu,PHISHING,3,brand-imitation
aconnectionsafes.lat,PHISHING,3,brand-imitation
aconnectionsafes.sbs,PHISHING,3,brand-imitation
aconnectionsafes.xyz,PHISHING,3,brand-imitation
aconnectionsaffes.icu,PHISHING,3,brand-imitation
acordameetingsconnect.com,PHISHING,3,brand-imitation
acoustictrust.com,PHISHING,3,brand-imitation
acpofficesecurefiles.sbs,PHISHING,3,brand-imitation
acpofficesecurefilesxx.sbs,PHISHING,3,brand-imitation
acquafarma.com,PHISHING,3,brand-imitation
acquisitionsupport.com,PHISHING,3,brand-imitation
acquista-farmaci-da-banco.life,PHISHING,3,brand-imitation
acquistare-farmaci-on-line.life,PHISHING,3,brand-imitation
acquistarefarmacionline.life,PHISHING,3,brand-imitation
acquisto-farmaci-on-line.life,PHISHING,3,brand-imitation
acratrustbar-gov-sg.org,PHISHING,3,brand-imitation
acrobat-pdf-ad0360update-view.help,PHISHING,3,brand-imitation
acrobat-updater.com,PHISHING,3,brand-imitation
acrobatsclientplugins-initializefederationconnect0b6a10.sbs,PHISHING,3,brand-imitation
acrobatsclientplugins-initializefederationconnect0c4e30.sbs,PHISHING,3,brand-imitation
acrobatsclientplugins-initializefederationconnect0f9d20.sbs,PHISHING,3,brand-imitation
acrobatsclientplugins-initializefederationconnect0v4d60.sbs,PHISHING,3,brand-imitation
acryptoeth.com,PHISHING,3,brand-imitation
acryptostart.com,PHISHING,3,brand-imitation
acs-claims.net,PHISHING,3,brand-imitation
acsecurehuntington.help,PHISHING,3,brand-imitation
acssecurehuntington.help,PHISHING,3,brand-imitation
acsssecurehutington.help,PHISHING,3,brand-imitation
actcomsssupportscheme.com,PHISHING,3,brand-imitation
actconnect.sbs,PHISHING,3,brand-imitation
action-strike-vault.com,PHISHING,3,brand-imitation
actiondrivenfarming.blog,PHISHING,3,brand-imitation
actiondrivenfarming.com,PHISHING,3,brand-imitation
actiondrivenfarming.media,PHISHING,3,brand-imitation
actiondrivenfarming.net,PHISHING,3,brand-imitation
actiondrivenfarming.news,PHISHING,3,brand-imitation
actiondrivenfarming.org,PHISHING,3,brand-imitation
actiondriventrust.blog,PHISHING,3,brand-imitation
actiondriventrust.com,PHISHING,3,brand-imitation
actiondriventrust.media,PHISHING,3,brand-imitation
actiondriventrust.net,PHISHING,3,brand-imitation
actiondriventrust.org,PHISHING,3,brand-imitation
actionhightrustedrecommended.autos,PHISHING,3,brand-imitation
actions-crypto.com,PHISHING,3,brand-imitation
actioretailbridge.info,PHISHING,3,brand-imitation
activateclaim.live,PHISHING,3,brand-imitation
activateprofittrust.com,PHISHING,3,brand-imitation
activatewallets.com,PHISHING,3,brand-imitation
activation-app-trust.info,PHISHING,3,brand-imitation
activation-du-token.com,PHISHING,3,brand-imitation
active24-claim.info,PHISHING,3,brand-imitation
activeclaim.live,PHISHING,3,brand-imitation
activeclaimonline.xyz,PHISHING,3,brand-imitation
activeclaims.live,PHISHING,3,brand-imitation
activeclaimz.xyz,PHISHING,3,brand-imitation
activehealthpathsupport.com,PHISHING,3,brand-imitation
activelifesupport.info,PHISHING,3,brand-imitation
activelifesupporthub.info,PHISHING,3,brand-imitation
activelifesupportpro.info,PHISHING,3,brand-imitation
activelifesupportzone.info,PHISHING,3,brand-imitation
activemail5-secure-ne-jp.info,PHISHING,3,brand-imitation
activemail7-secure-ne-jp.info,PHISHING,3,brand-imitation
activemailkagoyasecureonlinesession.icu,PHISHING,3,brand-imitation
activesupporta.info,PHISHING,3,brand-imitation
activesupportb.info,PHISHING,3,brand-imitation
activesupportc.info,PHISHING,3,brand-imitation
activesupportd.info,PHISHING,3,brand-imitation
activesupporti.info,PHISHING,3,brand-imitation
activetrustwallet.com,PHISHING,3,brand-imitation
activeupdates.link,PHISHING,3,brand-imitation
activeverify.help,PHISHING,3,brand-imitation
activisionsupport.org,PHISHING,3,brand-imitation
activities-detected-trusted-now.autos,PHISHING,3,brand-imitation
activitiesdetectedtrustednow.autos,PHISHING,3,brand-imitation
activitiesdetectedtrustedtoday.autos,PHISHING,3,brand-imitation
activitybasedsupport.info,PHISHING,3,brand-imitation
activitystatusupdate.info,PHISHING,3,brand-imitation
activityupdateauditmor-prof.info,PHISHING,3,brand-imitation
activosupport.com,PHISHING,3,brand-imitation
actonbridgeparishcouncil.org,PHISHING,3,brand-imitation
actrustonline.xyz,PHISHING,3,brand-imitation
acurastclaim.click,PHISHING,3,brand-imitation
acverifyhuntington.help,PHISHING,3,brand-imitation
ad-connections.com,PHISHING,3,brand-imitation
ad-opesecure.sbs,PHISHING,3,brand-imitation
ad-secure.com,PHISHING,3,brand-imitation
ad-supportcenter.help,PHISHING,3,brand-imitation
ad2bitcoin.com,PHISHING,3,brand-imitation
adacrypto.com,PHISHING,3,brand-imitation
adalbertosecure.com,PHISHING,3,brand-imitation
adamistvanconnect.com,PHISHING,3,brand-imitation
adaptionalclaims.com,PHISHING,3,brand-imitation
adaptionalclaimsai.com,PHISHING,3,brand-imitation
adaptionalclaimsapp.com,PHISHING,3,brand-imitation
adaptionalclaimsdata.com,PHISHING,3,brand-imitation
adaptionalclaimsdigital.com,PHISHING,3,brand-imitation
adaptionalclaimstech.com,PHISHING,3,brand-imitation
adaupdate.app,PHISHING,3,brand-imitation
adc-job-connect.com,PHISHING,3,brand-imitation
adc-jobs-connect.com,PHISHING,3,brand-imitation
adccareersconnect.com,PHISHING,3,brand-imitation
adcjobconnect.com,PHISHING,3,brand-imitation
adcjobsconnect.com,PHISHING,3,brand-imitation
adcomintelligence.com,PHISHING,3,brand-imitation
adconnecta.com,PHISHING,3,brand-imitation
adconnectbr.com,PHISHING,3,brand-imitation
adconnectbrazil.com,PHISHING,3,brand-imitation
adcrypto.org,PHISHING,3,brand-imitation
addedvaluefarm.com,PHISHING,3,brand-imitation
adderss-update.sbs,PHISHING,3,brand-imitation
addicted-support.fun,PHISHING,3,brand-imitation
addicted-usersupport.fun,PHISHING,3,brand-imitation
addikit-support.com,PHISHING,3,brand-imitation
additionalfundsforasbestosclaims.com,PHISHING,3,brand-imitation
address-generator-bitcoin.com,PHISHING,3,brand-imitation
addresspoint-support.sbs,PHISHING,3,brand-imitation
addressverify-post.xyz,PHISHING,3,brand-imitation
addsmint.com,PHISHING,3,brand-imitation
adecco-connect.com,PHISHING,3,brand-imitation
adeccobridgezone.com,PHISHING,3,brand-imitation
adeccocareerconnect.com,PHISHING,3,brand-imitation
adeccojobconnect.com,PHISHING,3,brand-imitation
adecconnectgroup.com,PHISHING,3,brand-imitation
adeccostaffbridge.com,PHISHING,3,brand-imitation
adeccostaffconnect.com,PHISHING,3,brand-imitation
adeccotalentconnect.com,PHISHING,3,brand-imitation
adhdwomensupport.com,PHISHING,3,brand-imitation
adhfconnect.xyz,PHISHING,3,brand-imitation
adidomefarminstitute.com,PHISHING,3,brand-imitation
adkebraxcrypto.com,PHISHING,3,brand-imitation
admafarm.com,PHISHING,3,brand-imitation
admin-authverify.site,PHISHING,3,brand-imitation
admin-support.buzz,PHISHING,3,brand-imitation
admin-support.sbs,PHISHING,3,brand-imitation
admin-supporttttteam.cfd,PHISHING,3,brand-imitation
admin-supporttttteamme.click,PHISHING,3,brand-imitation
admin-trustnet.org,PHISHING,3,brand-imitation
adminbookingverify.com,PHISHING,3,brand-imitation
adminbptoken.com,PHISHING,3,brand-imitation
adminconnects.icu,PHISHING,3,brand-imitation
admincontrlrefsupport.pro,PHISHING,3,brand-imitation
administration-secure-files.com,PHISHING,3,brand-imitation
administration-secure-files.net,PHISHING,3,brand-imitation
administrativeconnection.com,PHISHING,3,brand-imitation
administratorconnect.icu,PHISHING,3,brand-imitation
administratorconnects.icu,PHISHING,3,brand-imitation
adminsecure.click,PHISHING,3,brand-imitation
adminsupporttttteammapp.cyou,PHISHING,3,brand-imitation
admintank.com,PHISHING,3,brand-imitation
adminteamx.info,PHISHING,3,brand-imitation
adminterrabet9hm.xyz,PHISHING,3,brand-imitation
admintgroup.com,PHISHING,3,brand-imitation
admintktops.com,PHISHING,3,brand-imitation
admintogel.net,PHISHING,3,brand-imitation
admintogel77.com,PHISHING,3,brand-imitation
admintogel77.org,PHISHING,3,brand-imitation
admintogel88.com,PHISHING,3,brand-imitation
admintogel88.org,PHISHING,3,brand-imitation
admintop.casino,PHISHING,3,brand-imitation
admintot.com,PHISHING,3,brand-imitation
admintot.net,PHISHING,3,brand-imitation
admintot.org,PHISHING,3,brand-imitation
admintoto.xyz,PHISHING,3,brand-imitation
admintoto4d.net,PHISHING,3,brand-imitation
admintoto4d.org,PHISHING,3,brand-imitation
admintotologin.com,PHISHING,3,brand-imitation
admintrack.com,PHISHING,3,brand-imitation
admintsimasterclass.com,PHISHING,3,brand-imitation
adminturnertcco.com,PHISHING,3,brand-imitation
admintv.asia,PHISHING,3,brand-imitation
admintv.buzz,PHISHING,3,brand-imitation
admintv.cfd,PHISHING,3,brand-imitation
admintv.lat,PHISHING,3,brand-imitation
admintv.life,PHISHING,3,brand-imitation
admintv.pro,PHISHING,3,brand-imitation
admiralsecuredtrades.com,PHISHING,3,brand-imitation
admsupportnfecertingbr.cloud,PHISHING,3,brand-imitation
adobe-ms-update.com,PHISHING,3,brand-imitation
adobeacrobat-update.sbs,PHISHING,3,brand-imitation
adobeappsxpyrf-update.click,PHISHING,3,brand-imitation
adobeconnectupdate.help,PHISHING,3,brand-imitation
adobenewversionupdate.cfd,PHISHING,3,brand-imitation
adobenewversionupdate.icu,PHISHING,3,brand-imitation
adobesoftware-update.sbs,PHISHING,3,brand-imitation
adobeupdate.help,PHISHING,3,brand-imitation
adobeupdateconnect.help,PHISHING,3,brand-imitation
adobeusecure4reader.click,PHISHING,3,brand-imitation
adobeusecure4reader.help,PHISHING,3,brand-imitation
adobezzupdates.click,PHISHING,3,brand-imitation
adoebsecurely.com,PHISHING,3,brand-imitation
adore-mints.com,PHISHING,3,brand-imitation
adp-accountant-connect.cfd,PHISHING,3,brand-imitation
adpsecuremessagedeliveryx.sbs,PHISHING,3,brand-imitation
adpsecuremessagedeliveryxxx.sbs,PHISHING,3,brand-imitation
adr-support.com,PHISHING,3,brand-imitation
adresolutionsupportdesk.help,PHISHING,3,brand-imitation
adresolutionsupportdhub.help,PHISHING,3,brand-imitation
adrielsupport.com,PHISHING,3,brand-imitation
ads-supportcenter.help,PHISHING,3,brand-imitation
adscentersupportcase.help,PHISHING,3,brand-imitation
adscentersupportcasefb.help,PHISHING,3,brand-imitation
adsecure.com,PHISHING,3,brand-imitation
adsecure.net,PHISHING,3,brand-imitation
adsenseconnect.site,PHISHING,3,brand-imitation
adssupportai.help,PHISHING,3,brand-imitation
adssupportnetwork.help,PHISHING,3,brand-imitation
adstokenize01.com,PHISHING,3,brand-imitation
adstrust.click,PHISHING,3,brand-imitation
adstrustcenter.help,PHISHING,3,brand-imitation
adstrustdesk.help,PHISHING,3,brand-imitation
adstrustfunds03.com,PHISHING,3,brand-imitation
adsupportcentre.com,PHISHING,3,brand-imitation
adsupportnetwork.org,PHISHING,3,brand-imitation
adsupportnetworkcasefb.help,PHISHING,3,brand-imitation
adsvericationsupportcarefb.help,PHISHING,3,brand-imitation
adsvericationsupportcasefb.help,PHISHING,3,brand-imitation
adtrustbase.help,PHISHING,3,brand-imitation
adtrustcenterhub.help,PHISHING,3,brand-imitation
adultgamesvault.com,PHISHING,3,brand-imitation
adultsconnects.com,PHISHING,3,brand-imitation
adultswingconnection.com,PHISHING,3,brand-imitation
advance-crypto.com,PHISHING,3,brand-imitation
advanced-secured-privacy-trusted.autos,PHISHING,3,brand-imitation
advancedaccurateshieldsecure.autos,PHISHING,3,brand-imitation
advancedbrainvitalitysupport.com,PHISHING,3,brand-imitation
advancedcrypto.net,PHISHING,3,brand-imitation
advancedcrypto.tax,PHISHING,3,brand-imitation
advancedcryptocurrencytrading.com,PHISHING,3,brand-imitation
advancedcryptotax.com,PHISHING,3,brand-imitation
advancedcybersecureaccessed.autos,PHISHING,3,brand-imitation
advancedfastcybersecure.autos,PHISHING,3,brand-imitation
advancedguardlightweightsecure.autos,PHISHING,3,brand-imitation
advancedguardsecureoptimized.autos,PHISHING,3,brand-imitation
advancedhealthyslimsupport.com,PHISHING,3,brand-imitation
advancedlightweightcybersecure.autos,PHISHING,3,brand-imitation
advancedmovesupport.com,PHISHING,3,brand-imitation
advancedreliableaccuratesecure.autos,PHISHING,3,brand-imitation
advancedreliablesecurelightweight.autos,PHISHING,3,brand-imitation
advancedsecuredprivacytrusted.autos,PHISHING,3,brand-imitation
advancedsupport.help,PHISHING,3,brand-imitation
advancedsupportonline.com,PHISHING,3,brand-imitation
advancedtrustwallet.com,PHISHING,3,brand-imitation
advancedupdatesforbusinessmanagement.sbs,PHISHING,3,brand-imitation
advancenervesupport.com,PHISHING,3,brand-imitation
advaultsoftware.com,PHISHING,3,brand-imitation
advavabasebridge.link,PHISHING,3,brand-imitation
adventuregamesupport.com,PHISHING,3,brand-imitation
adventuresintreasurelandfarm.lat,PHISHING,3,brand-imitation
adverificationsupport.help,PHISHING,3,brand-imitation
advertise-crypto.com,PHISHING,3,brand-imitation
advertisemintcareers.com,PHISHING,3,brand-imitation
advertising-crypto.com,PHISHING,3,brand-imitation
advertisingaccountsecure.sbs,PHISHING,3,brand-imitation
advicefarm.com,PHISHING,3,brand-imitation
advicesupporthelp.com,PHISHING,3,brand-imitation
advicetrust.com,PHISHING,3,brand-imitation
advisersbitcoin.com,PHISHING,3,brand-imitation
advising-support.online,PHISHING,3,brand-imitation
advisor-trustwallet.com,PHISHING,3,brand-imitation
aegisupdate.com,PHISHING,3,brand-imitation
aegisvaults.pro,PHISHING,3,brand-imitation
aerialbridgeinspect.com,PHISHING,3,brand-imitation
aerialsecuritysupport.com,PHISHING,3,brand-imitation
aerobridgelog.com,PHISHING,3,brand-imitation
aerospaceconnectors.com,PHISHING,3,brand-imitation
aerotoken.xyz,PHISHING,3,brand-imitation
aerotrustlogistic.com,PHISHING,3,brand-imitation
aesthetesnftnewsletter.info,PHISHING,3,brand-imitation
aestheticwallet.com,PHISHING,3,brand-imitation
aesthtoken.com,PHISHING,3,brand-imitation
aesthtokens.com,PHISHING,3,brand-imitation
aesthvault.com,PHISHING,3,brand-imitation
aetherminto.life,PHISHING,3,brand-imitation
aethertrust.com,PHISHING,3,brand-imitation
aethertrust.org,PHISHING,3,brand-imitation
aethervaults.cloud,PHISHING,3,brand-imitation
aethra-commerce-bridge.lat,PHISHING,3,brand-imitation
aethra-commerce-bridge.sbs,PHISHING,3,brand-imitation
aethra-merchant-bridge.xyz,PHISHING,3,brand-imitation
aethracommercebridgebank.xyz,PHISHING,3,brand-imitation
aethracommercebridgepartners.click,PHISHING,3,brand-imitation
aethracommercebridges.click,PHISHING,3,brand-imitation
aethracommercebridges.lat,PHISHING,3,brand-imitation
aethracommercebridges.sbs,PHISHING,3,brand-imitation
aethracommercebridges.xyz,PHISHING,3,brand-imitation
aethramerchantbridges.click,PHISHING,3,brand-imitation
aethramerchantbridges.lat,PHISHING,3,brand-imitation
aethramerchantbridges.sbs,PHISHING,3,brand-imitation
aethraretailconnectdirect.lat,PHISHING,3,brand-imitation
aethraretailconnects.sbs,PHISHING,3,brand-imitation
aethraretailconnects.xyz,PHISHING,3,brand-imitation
aethraretailreconnect.click,PHISHING,3,brand-imitation
aethraretailreconnect.lat,PHISHING,3,brand-imitation
aethraretailreconnect.sbs,PHISHING,3,brand-imitation
aethraretailreconnect.xyz,PHISHING,3,brand-imitation
afaconnect.site,PHISHING,3,brand-imitation
afbridgetown.org,PHISHING,3,brand-imitation
afcasupport.com,PHISHING,3,brand-imitation
afccsupport.info,PHISHING,3,brand-imitation
afcsosupport.com,PHISHING,3,brand-imitation
affidavitletterofsupport.com,PHISHING,3,brand-imitation
affiliateconnect.live,PHISHING,3,brand-imitation
affiliatepromovault.com,PHISHING,3,brand-imitation
affirmationsprizevault.world,PHISHING,3,brand-imitation
affordable-connectivity-program.cfd,PHISHING,3,brand-imitation
affordable-connectivity-program.rest,PHISHING,3,brand-imitation
affordabledentiststockbridgega.com,PHISHING,3,brand-imitation
afforsecurecode.com,PHISHING,3,brand-imitation
afhtoken.org,PHISHING,3,brand-imitation
afnextrustfirm.info,PHISHING,3,brand-imitation
afodabofarm.com,PHISHING,3,brand-imitation
afraidsecurepay.com,PHISHING,3,brand-imitation
afraidsecurepaygt.com,PHISHING,3,brand-imitation
africa-badminton.com,PHISHING,3,brand-imitation
africabusinessconnectnetwork.com,PHISHING,3,brand-imitation
africaconnectseries.com,PHISHING,3,brand-imitation
africacontemporaryfarming.com,PHISHING,3,brand-imitation
africafootballersconnect.com,PHISHING,3,brand-imitation
africafruitconnect.com,PHISHING,3,brand-imitation
africaiomint.com,PHISHING,3,brand-imitation
africamarineclaims.com,PHISHING,3,brand-imitation
africanbusinessconnections.com,PHISHING,3,brand-imitation
africancarbontrust.org,PHISHING,3,brand-imitation
africanconnectionband.com,PHISHING,3,brand-imitation
africanfarmersstories.org,PHISHING,3,brand-imitation
africanfarms.biz,PHISHING,3,brand-imitation
africanft.com,PHISHING,3,brand-imitation
africantrustfund.com,PHISHING,3,brand-imitation
africayouthbridge.com,PHISHING,3,brand-imitation
africonnect-exchange.org,PHISHING,3,brand-imitation
africonnecttv.com,PHISHING,3,brand-imitation
afrikabusinessconnect.com,PHISHING,3,brand-imitation
afriktrust.com,PHISHING,3,brand-imitation
afritrialsconnect.com,PHISHING,3,brand-imitation
afro-wallet.com,PHISHING,3,brand-imitation
afrocaribeconnect.com,PHISHING,3,brand-imitation
afrosupport.com,PHISHING,3,brand-imitation
afterloveconnections.com,PHISHING,3,brand-imitation
aftertoken.com,PHISHING,3,brand-imitation
afterwallet.com,PHISHING,3,brand-imitation
aftoken.com,PHISHING,3,brand-imitation
afxtoken.xyz,PHISHING,3,brand-imitation
afyacharitabletrust.org,PHISHING,3,brand-imitation
afyaclaims.com,PHISHING,3,brand-imitation
ag-claim.link,PHISHING,3,brand-imitation
ag-crypto.com,PHISHING,3,brand-imitation
agamawallet.net,PHISHING,3,brand-imitation
agamawallet.org,PHISHING,3,brand-imitation
agamemnon-horsebreedingfarm.com,PHISHING,3,brand-imitation
agapaofarm.org,PHISHING,3,brand-imitation
agapepregnancysupport.org,PHISHING,3,brand-imitation
agavefarm.com,PHISHING,3,brand-imitation
agbitcoinminergroup.com,PHISHING,3,brand-imitation
agconnectministries.com,PHISHING,3,brand-imitation
agconnectministries.net,PHISHING,3,brand-imitation
agconnectministries.org,PHISHING,3,brand-imitation
agebsupport.info,PHISHING,3,brand-imitation
agecsupport.club,PHISHING,3,brand-imitation
ageingconnect.com,PHISHING,3,brand-imitation
agelessloveconnections.cfd,PHISHING,3,brand-imitation
agency-nft.website,PHISHING,3,brand-imitation
agency-supportcenter.help,PHISHING,3,brand-imitation
agencyappealsupport.help,PHISHING,3,brand-imitation
agencygrowthbridge.com,PHISHING,3,brand-imitation
agencysupport.help,PHISHING,3,brand-imitation
agent4crypto.xyz,PHISHING,3,brand-imitation
agentbsupport.link,PHISHING,3,brand-imitation
agentclaims.xyz,PHISHING,3,brand-imitation
agentebitcoin.com,PHISHING,3,brand-imitation
agentfarmingplan.com,PHISHING,3,brand-imitation
agentfarmingsimplified.com,PHISHING,3,brand-imitation
agentfarmingsolutions.com,PHISHING,3,brand-imitation
agentfarmingsuccess.com,PHISHING,3,brand-imitation
agentfarmingtools.com,PHISHING,3,brand-imitation
agentlabtrust.pro,PHISHING,3,brand-imitation
agentlawconnect.club,PHISHING,3,brand-imitation
agentlawsupport.club,PHISHING,3,brand-imitation
agentlegalbridge.club,PHISHING,3,brand-imitation
agents-crypto.com,PHISHING,3,brand-imitation
agents-farmers.com,PHISHING,3,brand-imitation
agentsconnect.com,PHISHING,3,brand-imitation
agentsfarming.com,PHISHING,3,brand-imitation
agentsupport.biz,PHISHING,3,brand-imitation
agentswallets.com,PHISHING,3,brand-imitation
agentvaultss.info,PHISHING,3,brand-imitation
agentverify.dev,PHISHING,3,brand-imitation
ageofarmageddon.com,PHISHING,3,brand-imitation
agfarmequipsales.com,PHISHING,3,brand-imitation
agi-globaltoken.com,PHISHING,3,brand-imitation
agilefarmer.consulting,PHISHING,3,brand-imitation
agileorganicfarms.com,PHISHING,3,brand-imitation
agntclaims.xyz,PHISHING,3,brand-imitation
agntechconnect.net,PHISHING,3,brand-imitation
agorafarmaceutica.com,PHISHING,3,brand-imitation
agribafarminstitute.com,PHISHING,3,brand-imitation
agribridgeghana.com,PHISHING,3,brand-imitation
agriculturalfarmtractor.com,PHISHING,3,brand-imitation
agriculturallandtrusts.com,PHISHING,3,brand-imitation
agrifarmcapitalsolutions.com,PHISHING,3,brand-imitation
agrifarms.org,PHISHING,3,brand-imitation
agrifreshfarms.com,PHISHING,3,brand-imitation
agritoken.com,PHISHING,3,brand-imitation
agrobloomfarms.com,PHISHING,3,brand-imitation
agrobridge.org,PHISHING,3,brand-imitation
agrococoafarm.online,PHISHING,3,brand-imitation
agrofarming.com,PHISHING,3,brand-imitation
agrofarmminers.com,PHISHING,3,brand-imitation
agrofarmminers.trade,PHISHING,3,brand-imitation
agrofarmsupport.com,PHISHING,3,brand-imitation
agroindustrialtrust.com,PHISHING,3,brand-imitation
agrosupport.com,PHISHING,3,brand-imitation
agrotradefarms.com,PHISHING,3,brand-imitation
agtrustsaca.com,PHISHING,3,brand-imitation
agyapavault.org,PHISHING,3,brand-imitation
ahappyfarm.com,PHISHING,3,brand-imitation
ahatrust.com,PHISHING,3,brand-imitation
ahatrust.org,PHISHING,3,brand-imitation
ahcusecured.help,PHISHING,3,brand-imitation
ahdaconnectionshockeyach.com,PHISHING,3,brand-imitation
ahdalltrust.club,PHISHING,3,brand-imitation
ahdtoptrust.club,PHISHING,3,brand-imitation
ahk-trust.com,PHISHING,3,brand-imitation
ahlivitamintips.info,PHISHING,3,brand-imitation
ahmadfaraztrust.org,PHISHING,3,brand-imitation
ahostingsupport.net,PHISHING,3,brand-imitation
ahoycrypto.com,PHISHING,3,brand-imitation
ahtrust-ex.com,PHISHING,3,brand-imitation
ai-claim-regent.help,PHISHING,3,brand-imitation
ai-connect-hub.com,PHISHING,3,brand-imitation
ai-crypto-bot-global.com,PHISHING,3,brand-imitation
ai-crypto.link,PHISHING,3,brand-imitation
ai-cryptohopper.com,PHISHING,3,brand-imitation
ai-token.click,PHISHING,3,brand-imitation
ai-token.help,PHISHING,3,brand-imitation
ai-token.icu,PHISHING,3,brand-imitation
ai-token.sbs,PHISHING,3,brand-imitation
ai-trustfund.com,PHISHING,3,brand-imitation
aiagentbridge.live,PHISHING,3,brand-imitation
aiagenttokenhub.com,PHISHING,3,brand-imitation
aiagenttokenpro.com,PHISHING,3,brand-imitation
aib-support.help,PHISHING,3,brand-imitation
aib-update-auth.com,PHISHING,3,brand-imitation
aibitragevault.com,PHISHING,3,brand-imitation
aibridge.vip,PHISHING,3,brand-imitation
aibridgeacademy.com,PHISHING,3,brand-imitation
aibridgecloudx.com,PHISHING,3,brand-imitation
aibridgedirect.com,PHISHING,3,brand-imitation
aibridgejp.biz,PHISHING,3,brand-imitation
aibridgelearningup.com,PHISHING,3,brand-imitation
aibridgerg.pro,PHISHING,3,brand-imitation
aibridgetrading.com,PHISHING,3,brand-imitation
aibridgeuptop.com,PHISHING,3,brand-imitation
aibtrust.org,PHISHING,3,brand-imitation
aibytebridge.com,PHISHING,3,brand-imitation
aibytestoken.com,PHISHING,3,brand-imitation
aibytetoken.com,PHISHING,3,brand-imitation
aiclipfarm.com,PHISHING,3,brand-imitation
aiclipfarming.com,PHISHING,3,brand-imitation
aicloudtrust.com,PHISHING,3,brand-imitation
aiconftracker.com,PHISHING,3,brand-imitation
aiconnectbacolod.com,PHISHING,3,brand-imitation
aiconnectbaguio.com,PHISHING,3,brand-imitation
aiconnectbarley.com,PHISHING,3,brand-imitation
aiconnectbulacan.com,PHISHING,3,brand-imitation
aiconnectbutuan.com,PHISHING,3,brand-imitation
aiconnectcavite.com,PHISHING,3,brand-imitation
aiconnectcebu.com,PHISHING,3,brand-imitation
aiconnectdavao.com,PHISHING,3,brand-imitation
aiconnectedcar.com,PHISHING,3,brand-imitation
aiconnectedcars.com,PHISHING,3,brand-imitation
aiconnecteddata.com,PHISHING,3,brand-imitation
aiconnectedvehicle.com,PHISHING,3,brand-imitation
aiconnectedvehicles.com,PHISHING,3,brand-imitation
aiconnectgensan.com,PHISHING,3,brand-imitation
aiconnectgluta.com,PHISHING,3,brand-imitation
aiconnectgummies.com,PHISHING,3,brand-imitation
aiconnectjapan.com,PHISHING,3,brand-imitation
aiconnectlaguna.com,PHISHING,3,brand-imitation
aiconnectmanila.com,PHISHING,3,brand-imitation
aiconnectpampanga.com,PHISHING,3,brand-imitation
aiconnectpartners.com,PHISHING,3,brand-imitation
aiconnectreviews.com,PHISHING,3,brand-imitation
aiconnectzamboanga.com,PHISHING,3,brand-imitation
aicoreconnect.com,PHISHING,3,brand-imitation
aicoresecure.com,PHISHING,3,brand-imitation
aicoreupdates.com,PHISHING,3,brand-imitation
aicrypto.trade,PHISHING,3,brand-imitation
aicryptoclub.com,PHISHING,3,brand-imitation
aicryptoguy.com,PHISHING,3,brand-imitation
aicryptolabs.xyz,PHISHING,3,brand-imitation
aicryptolive.com,PHISHING,3,brand-imitation
aicryptomining.ltd,PHISHING,3,brand-imitation
aicryptonewssentiment.pro,PHISHING,3,brand-imitation
aicryptorobot.com,PHISHING,3,brand-imitation
aicryptotech.com,PHISHING,3,brand-imitation
aicustomersupportsolutionsfinder23.cyou,PHISHING,3,brand-imitation
aicustomersupportsolutionsfinder29.cyou,PHISHING,3,brand-imitation
aicustomersupportsolutionsfinder37.cyou,PHISHING,3,brand-imitation
aicustomersupportsolutionsguide19.cyou,PHISHING,3,brand-imitation
aicustomersupportsolutionsguide46.cyou,PHISHING,3,brand-imitation
aicustomersupportsolutionshub16.cyou,PHISHING,3,brand-imitation
aicustomersupportsolutionshub31.cyou,PHISHING,3,brand-imitation
aicustomersupportsolutionshub46.cyou,PHISHING,3,brand-imitation
aicustomersupportsolutionsnet02.cyou,PHISHING,3,brand-imitation
aicustomersupportsolutionsnet20.cyou,PHISHING,3,brand-imitation
aicustomersupportsolutionsnow25.cyou,PHISHING,3,brand-imitation
aicustomersupportsolutionsnow27.cyou,PHISHING,3,brand-imitation
aicustomersupportsolutionsnow32.cyou,PHISHING,3,brand-imitation
aicustomersupportsolutionsnow38.cyou,PHISHING,3,brand-imitation
aicustomersupportsolutionsonline12.cyou,PHISHING,3,brand-imitation
aicustomersupportsolutionsonline37.cyou,PHISHING,3,brand-imitation
aicustomersupportsolutionsplus28.cyou,PHISHING,3,brand-imitation
aicustomersupportsolutionspro07.cyou,PHISHING,3,brand-imitation
aicustomersupportsolutionspro13.cyou,PHISHING,3,brand-imitation
aicustomersupportsolutionspro42.cyou,PHISHING,3,brand-imitation
aicustomersupportsolutionszone17.cyou,PHISHING,3,brand-imitation
aicustomersupportsolutionszone32.cyou,PHISHING,3,brand-imitation
aicustomersupportsolutionszone45.cyou,PHISHING,3,brand-imitation
aid-connect.org,PHISHING,3,brand-imitation
aid-secure913667.com,PHISHING,3,brand-imitation
aidbeaminternational.com,PHISHING,3,brand-imitation
aideepvault.com,PHISHING,3,brand-imitation
aidrop-walletconnect.network,PHISHING,3,brand-imitation
aiealthtrust.com,PHISHING,3,brand-imitation
aiearncrypto.com,PHISHING,3,brand-imitation
aiexpertsupport.com,PHISHING,3,brand-imitation
aifinancednewtrust.com,PHISHING,3,brand-imitation
aifinsupport.sbs,PHISHING,3,brand-imitation
aiglobaltrust.com,PHISHING,3,brand-imitation
aiglobaltrust.org,PHISHING,3,brand-imitation
aigrowthtrust.com,PHISHING,3,brand-imitation
aigtrustholding.com,PHISHING,3,brand-imitation
aiguidevault.best,PHISHING,3,brand-imitation
aihubconnect.com,PHISHING,3,brand-imitation
aiiciconnect.com,PHISHING,3,brand-imitation
aiinnft.com,PHISHING,3,brand-imitation
aikomtrustbank.com,PHISHING,3,brand-imitation
ailacrypto.xyz,PHISHING,3,brand-imitation
ailiontrustlimitedbot.com,PHISHING,3,brand-imitation
ailogicvault.com,PHISHING,3,brand-imitation
aim-crypto.com,PHISHING,3,brand-imitation
aim-crypto.net,PHISHING,3,brand-imitation
aimemetokens.com,PHISHING,3,brand-imitation
aimindfarm.com,PHISHING,3,brand-imitation
aimint.site,PHISHING,3,brand-imitation
aimintbox.com,PHISHING,3,brand-imitation
aimswallet.com,PHISHING,3,brand-imitation
aionixclaim.online,PHISHING,3,brand-imitation
aiontrust.online,PHISHING,3,brand-imitation
aionwallet.com,PHISHING,3,brand-imitation
aionwallet.org,PHISHING,3,brand-imitation
aiopoxtrust.com,PHISHING,3,brand-imitation
aioz-wallet.network,PHISHING,3,brand-imitation
aipbridge.info,PHISHING,3,brand-imitation
aipixelvaults.com,PHISHING,3,brand-imitation
aipnft.xyz,PHISHING,3,brand-imitation
aiprocessvault.com,PHISHING,3,brand-imitation
aipublictrust.com,PHISHING,3,brand-imitation
aipublictrust.org,PHISHING,3,brand-imitation
air-connect.online,PHISHING,3,brand-imitation
airbridgecargologistics.com,PHISHING,3,brand-imitation
airconnect.app,PHISHING,3,brand-imitation
airdop-walletconncect.network,PHISHING,3,brand-imitation
airdrop-brettbasetoken.xyz,PHISHING,3,brand-imitation
airdrop-claim.foundation,PHISHING,3,brand-imitation
airdrop-claimsmagiceden.xyz,PHISHING,3,brand-imitation
airdrop-pawstoken.net,PHISHING,3,brand-imitation
airdrop-pawtoken.net,PHISHING,3,brand-imitation
airdrop-verifyb3.fun,PHISHING,3,brand-imitation
airdrop-waletconnect.network,PHISHING,3,brand-imitation
airdrop-walletconect.network,PHISHING,3,brand-imitation
airdrop-walletconnect.live,PHISHING,3,brand-imitation
airdrop-walletconnect.lol,PHISHING,3,brand-imitation
airdrop-walletconnects.com,PHISHING,3,brand-imitation
airdrop-zrc-claim.xyz,PHISHING,3,brand-imitation
airdropclaim.org,PHISHING,3,brand-imitation
airdrops-icetoken.xyz,PHISHING,3,brand-imitation
airdrops-mintschains.lol,PHISHING,3,brand-imitation
airdrops-pawstoken.net,PHISHING,3,brand-imitation
airdropsecure.com,PHISHING,3,brand-imitation
airdropverifyb3.fun,PHISHING,3,brand-imitation
airdropwaletconnect.network,PHISHING,3,brand-imitation
airdropwalletconect.network,PHISHING,3,brand-imitation
airdrorp-walletconnect.network,PHISHING,3,brand-imitation
airductcleaningambridgepa.com,PHISHING,3,brand-imitation
airductcleaningbosquefarmsnm.com,PHISHING,3,brand-imitation
airductcleaningcambridgema.com,PHISHING,3,brand-imitation
airductcleaningfarmingtonut.com,PHISHING,3,brand-imitation
airductcleaningstockbridgega.com,PHISHING,3,brand-imitation
airfareconnection.com,PHISHING,3,brand-imitation
airobotconnection.com,PHISHING,3,brand-imitation
airportsecureparking.com,PHISHING,3,brand-imitation
airspacevault.com,PHISHING,3,brand-imitation
airtricitywindfarm.com,PHISHING,3,brand-imitation
airwalleten.xyz,PHISHING,3,brand-imitation
airwalletglobal.xyz,PHISHING,3,brand-imitation
aisafetrustit.com,PHISHING,3,brand-imitation
aisatrustit.com,PHISHING,3,brand-imitation
aisecureframework.com,PHISHING,3,brand-imitation
aisecurepath.com,PHISHING,3,brand-imitation
aisecureprocessing.com,PHISHING,3,brand-imitation
aisecurespace.com,PHISHING,3,brand-imitation
aisecuresystem.com,PHISHING,3,brand-imitation
aisecuresystems.com,PHISHING,3,brand-imitation
aisecuritytrust.com,PHISHING,3,brand-imitation
aisecuritytrust.org,PHISHING,3,brand-imitation
aisignalbridge.com,PHISHING,3,brand-imitation
aislewallet.com,PHISHING,3,brand-imitation
aisupportmarketing.com,PHISHING,3,brand-imitation
aisupportvectormachines.com,PHISHING,3,brand-imitation
aisystemsecure.com,PHISHING,3,brand-imitation
aitechnologytrust.com,PHISHING,3,brand-imitation
aitechnologytrust.org,PHISHING,3,brand-imitation
aitechtrust.com,PHISHING,3,brand-imitation
aitechtrust.org,PHISHING,3,brand-imitation
aitechupdate.info,PHISHING,3,brand-imitation
aitexttoken.com,PHISHING,3,brand-imitation
aiticketsupport.com,PHISHING,3,brand-imitation
aitoken.cam,PHISHING,3,brand-imitation
aitoken.forum,PHISHING,3,brand-imitation
aitoken.ooo,PHISHING,3,brand-imitation
aitoken.sbs,PHISHING,3,brand-imitation
aitoken.space,PHISHING,3,brand-imitation
aitoken.wiki,PHISHING,3,brand-imitation
aitoken666.com,PHISHING,3,brand-imitation
aitokenbyte.com,PHISHING,3,brand-imitation
aitokencs.com,PHISHING,3,brand-imitation
aitokenhub.vip,PHISHING,3,brand-imitation
aitokenkey.icu,PHISHING,3,brand-imitation
aitokens.one,PHISHING,3,brand-imitation
aitokensr.xyz,PHISHING,3,brand-imitation
aitokentrust.com,PHISHING,3,brand-imitation
aitoolconnect.com,PHISHING,3,brand-imitation
aitronewallet.com,PHISHING,3,brand-imitation
aitrustbitpro.com,PHISHING,3,brand-imitation
aitrustfin.com,PHISHING,3,brand-imitation
aitrustgates.com,PHISHING,3,brand-imitation
aitrustless.com,PHISHING,3,brand-imitation
aitrusty.biz,PHISHING,3,brand-imitation
aiupdate.app,PHISHING,3,brand-imitation
aivault3.com,PHISHING,3,brand-imitation
aiverify.cfd,PHISHING,3,brand-imitation
aiverify.sbs,PHISHING,3,brand-imitation
aiverifynow.com,PHISHING,3,brand-imitation
aiverifystocks.icu,PHISHING,3,brand-imitation
aivisionvault.com,PHISHING,3,brand-imitation
aiwallet.global,PHISHING,3,brand-imitation
aiwallet.network,PHISHING,3,brand-imitation
aiwalletpay.com,PHISHING,3,brand-imitation
aiwalletsecurity.com,PHISHING,3,brand-imitation
aiworldtrust.com,PHISHING,3,brand-imitation
aiworldtrust.org,PHISHING,3,brand-imitation
aiworldupdates.digital,PHISHING,3,brand-imitation
aiworldwidecryptomonitors.com,PHISHING,3,brand-imitation
aixbridgetosuccess.com,PHISHING,3,brand-imitation
aixbt-connect.com,PHISHING,3,brand-imitation
aixcb-connect.com,PHISHING,3,brand-imitation
aiyananfarm.com,PHISHING,3,brand-imitation
aiztoken.tech,PHISHING,3,brand-imitation
ajewoleconnect.com,PHISHING,3,brand-imitation
ajintrust-fg.site,PHISHING,3,brand-imitation
akamsremoteconnect.org,PHISHING,3,brand-imitation
akatokenrewards.click,PHISHING,3,brand-imitation
akconnecttv.com,PHISHING,3,brand-imitation
akesupport.com,PHISHING,3,brand-imitation
akintrust-ag.site,PHISHING,3,brand-imitation
akirasecuresfiles.icu,PHISHING,3,brand-imitation
akitatoken.info,PHISHING,3,brand-imitation
akrdairyfarm.com,PHISHING,3,brand-imitation
aktive-kag0ya-gmo-secur-active-secure-kag0ya.xyz,PHISHING,3,brand-imitation
aktualisierungs-support.help,PHISHING,3,brand-imitation
akurmint.xyz,PHISHING,3,brand-imitation
al-support.help,PHISHING,3,brand-imitation
alaappconnect-1f.online,PHISHING,3,brand-imitation
alaappconnect-2f.online,PHISHING,3,brand-imitation
alaappconnect-3f.online,PHISHING,3,brand-imitation
alaappconnect-4f.online,PHISHING,3,brand-imitation
alaappconnect-5f.online,PHISHING,3,brand-imitation
alaappconnect-6f.online,PHISHING,3,brand-imitation
alaappconnect-7f.online,PHISHING,3,brand-imitation
alaappconnect-8f.online,PHISHING,3,brand-imitation
alaappconnect-9f.online,PHISHING,3,brand-imitation
alabama-connections-academy.cfd,PHISHING,3,brand-imitation
alabama-connections-academy.sbs,PHISHING,3,brand-imitation
alaconnectapp-1a.online,PHISHING,3,brand-imitation
alaconnectapp-2a.online,PHISHING,3,brand-imitation
alaconnectapp-3a.online,PHISHING,3,brand-imitation
alaconnectapp-4a.online,PHISHING,3,brand-imitation
alaconnectapp-5a.online,PHISHING,3,brand-imitation
alaconnectapp-6a.online,PHISHING,3,brand-imitation
alaconnectapp-7a.online,PHISHING,3,brand-imitation
alaconnectapp-8a.online,PHISHING,3,brand-imitation
alaconnectapp-9a.online,PHISHING,3,brand-imitation
alamancefarmer.com,PHISHING,3,brand-imitation
alamintelecombd.xyz,PHISHING,3,brand-imitation
alamintraders.net,PHISHING,3,brand-imitation
alanfarms.com,PHISHING,3,brand-imitation
alaoainfarms.mobi,PHISHING,3,brand-imitation
alarmvault.net,PHISHING,3,brand-imitation
alb-update.com,PHISHING,3,brand-imitation
albabridge.info,PHISHING,3,brand-imitation
albafarmers.org,PHISHING,3,brand-imitation
albitcoinh501.xyz,PHISHING,3,brand-imitation
albrightstonebridge.cloud,PHISHING,3,brand-imitation
alchemymatchesconnections.com,PHISHING,3,brand-imitation
alconnecttv.com,PHISHING,3,brand-imitation
aldentrustplc.com,PHISHING,3,brand-imitation
aldwarkbridge.com,PHISHING,3,brand-imitation
alegatesecure.com,PHISHING,3,brand-imitation
alegrefarmsresort.com,PHISHING,3,brand-imitation
aleppo-trust.rest,PHISHING,3,brand-imitation
alert-secure-detect-safe.autos,PHISHING,3,brand-imitation
alert-support.help,PHISHING,3,brand-imitation
alert-supportclouud.com,PHISHING,3,brand-imitation
alert-update.help,PHISHING,3,brand-imitation
alertasatelital-findsupport.help,PHISHING,3,brand-imitation
alertesecuredarty.online,PHISHING,3,brand-imitation
alertlost-support.cloud,PHISHING,3,brand-imitation
alerts-crypto.com,PHISHING,3,brand-imitation
alerts-id-support.help,PHISHING,3,brand-imitation
alerts-map-supports.help,PHISHING,3,brand-imitation
alertscoosasupport-1c.online,PHISHING,3,brand-imitation
alertsecuredetectsafe.autos,PHISHING,3,brand-imitation
alertsecuresearchsafe.autos,PHISHING,3,brand-imitation
alertsforcrypto.com,PHISHING,3,brand-imitation
alertsinterconnectuserdigital.online,PHISHING,3,brand-imitation
alertslegacyconnect-1f.online,PHISHING,3,brand-imitation
alertslegacyconnect-2f.online,PHISHING,3,brand-imitation
alertslegacyconnect-3f.online,PHISHING,3,brand-imitation
alertslegacyconnect-4f.online,PHISHING,3,brand-imitation
alertslegacyconnect-5f.online,PHISHING,3,brand-imitation
alertslegacyconnect-6f.online,PHISHING,3,brand-imitation
alertslegacyconnect-7f.online,PHISHING,3,brand-imitation
alertslegacyconnect-8f.online,PHISHING,3,brand-imitation
alertslegacyconnect-9f.online,PHISHING,3,brand-imitation
alexabitcoins.com,PHISHING,3,brand-imitation
alextrustbank.com,PHISHING,3,brand-imitation
alfa-crypto.com,PHISHING,3,brand-imitation
alfafarmakeio.com,PHISHING,3,brand-imitation
alfayrouzfarms.com,PHISHING,3,brand-imitation
algarvefarmhouses.com,PHISHING,3,brand-imitation
algo-wallet.com,PHISHING,3,brand-imitation
algomabridge.com,PHISHING,3,brand-imitation
algomint.pro,PHISHING,3,brand-imitation
algomint.sbs,PHISHING,3,brand-imitation
alianzaconnect.com,PHISHING,3,brand-imitation
alianzaconnects.com,PHISHING,3,brand-imitation
aliastoken.vip,PHISHING,3,brand-imitation
alieninvasionupdate.com,PHISHING,3,brand-imitation
alieninvasionupdates.com,PHISHING,3,brand-imitation
aliensamongusupdates.com,PHISHING,3,brand-imitation
alienvault.tech,PHISHING,3,brand-imitation
alignmintcollectibles.com,PHISHING,3,brand-imitation
alignotrust.best,PHISHING,3,brand-imitation
alimony-and-spousal-support-bih.cyou,PHISHING,3,brand-imitation
alimony-and-spousal-support-iqg.click,PHISHING,3,brand-imitation
alimony-and-spousal-support-kqa.cyou,PHISHING,3,brand-imitation
alimony-and-spousal-support-lon.sbs,PHISHING,3,brand-imitation
alimony-and-spousal-support-lwb.cyou,PHISHING,3,brand-imitation
alimony-and-spousal-support-rxe.cyou,PHISHING,3,brand-imitation
alimony-and-spousal-support-uvl.cyou,PHISHING,3,brand-imitation
alimony-and-spousal-support-uzq.sbs,PHISHING,3,brand-imitation
alimony-and-spousal-support-xaj.cyou,PHISHING,3,brand-imitation
alimonyandspousalsupport04.cyou,PHISHING,3,brand-imitation
alipay-secure.com,PHISHING,3,brand-imitation
alisonverify.com,PHISHING,3,brand-imitation
alisveris-secure-odeme.com,PHISHING,3,brand-imitation
alitrustpakistan.org,PHISHING,3,brand-imitation
alkaziminternational.com,PHISHING,3,brand-imitation
alkhairtrust.org,PHISHING,3,brand-imitation
allaboutcryptoexchanges.com,PHISHING,3,brand-imitation
allaytrustunion.com,PHISHING,3,brand-imitation
allbitcoincasinos.online,PHISHING,3,brand-imitation
allbitcoinprivatekeys.com,PHISHING,3,brand-imitation
allbridge.help,PHISHING,3,brand-imitation
allbridge.support,PHISHING,3,brand-imitation
allbridge.trade,PHISHING,3,brand-imitation
allclaim.xyz,PHISHING,3,brand-imitation
allcryptocasinos.online,PHISHING,3,brand-imitation
allcryptocourses.com,PHISHING,3,brand-imitation
allcryptomadeez.com,PHISHING,3,brand-imitation
allcryptomadeez.net,PHISHING,3,brand-imitation
allcryptonews.com,PHISHING,3,brand-imitation
allcryptopay.com,PHISHING,3,brand-imitation
alldailyupdates.com,PHISHING,3,brand-imitation
alldatabridge.live,PHISHING,3,brand-imitation
alldayvault.com,PHISHING,3,brand-imitation
allentrust.online,PHISHING,3,brand-imitation
allentrusts.live,PHISHING,3,brand-imitation
allergyclaim.com,PHISHING,3,brand-imitation
alleytrustcapital.com,PHISHING,3,brand-imitation
allfarmmag.com,PHISHING,3,brand-imitation
alliancebridge.biz,PHISHING,3,brand-imitation
alliancecredittrust.com,PHISHING,3,brand-imitation
alliancegoldsvault.com,PHISHING,3,brand-imitation
alliancehaventrust.com,PHISHING,3,brand-imitation
alliancenovatrust.pro,PHISHING,3,brand-imitation
alliancepetrolueminterests.com,PHISHING,3,brand-imitation
alliancetrustbns.com,PHISHING,3,brand-imitation
alliancetrustg.com,PHISHING,3,brand-imitation
alliancetrustsbn.com,PHISHING,3,brand-imitation
allianttrustonline.com,PHISHING,3,brand-imitation
alliedcitytrustbank.com,PHISHING,3,brand-imitation
alliedcryptos.com,PHISHING,3,brand-imitation
alliedfintrust.com,PHISHING,3,brand-imitation
alliedglobaltrust.com,PHISHING,3,brand-imitation
alliefamilyfarm.com,PHISHING,3,brand-imitation
allin1winvault.click,PHISHING,3,brand-imitation
allin1winvault.lat,PHISHING,3,brand-imitation
allin1winvault.sbs,PHISHING,3,brand-imitation
allin1winvault.world,PHISHING,3,brand-imitation
allincrypto.org,PHISHING,3,brand-imitation
allincrypto.xyz,PHISHING,3,brand-imitation
allinfosecurebcb.help,PHISHING,3,brand-imitation
allinonewinsvault.click,PHISHING,3,brand-imitation
allinonewinsvault.world,PHISHING,3,brand-imitation
allinonewinsvault.xyz,PHISHING,3,brand-imitation
allinonewinvaultapp.lat,PHISHING,3,brand-imitation
allinonewinvaultapp.sbs,PHISHING,3,brand-imitation
allinonewinvaults.click,PHISHING,3,brand-imitation
allinonewinvaults.sbs,PHISHING,3,brand-imitation
allinonewinvaults.world,PHISHING,3,brand-imitation
allinonewinvaults.xyz,PHISHING,3,brand-imitation
allinonewonvault.lat,PHISHING,3,brand-imitation
allinonewonvault.xyz,PHISHING,3,brand-imitation
allinqfstrust.com,PHISHING,3,brand-imitation
allipaysecured.com,PHISHING,3,brand-imitation
alllanceltrust.com,PHISHING,3,brand-imitation
allmintcollection.com,PHISHING,3,brand-imitation
allnewsupdates.click,PHISHING,3,brand-imitation
allnovelupdates.com,PHISHING,3,brand-imitation
allo-claims.xyz,PHISHING,3,brand-imitation
allocation-icetoken.xyz,PHISHING,3,brand-imitation
allocation-pengutoken.com,PHISHING,3,brand-imitation
allocation-shibatoken.xyz,PHISHING,3,brand-imitation
allocation-shibtoken.xyz,PHISHING,3,brand-imitation
allocations-icetoken.xyz,PHISHING,3,brand-imitation
allocations-icetokens.xyz,PHISHING,3,brand-imitation
allocations-shibatoken.xyz,PHISHING,3,brand-imitation
allocations-shibtoken.xyz,PHISHING,3,brand-imitation
allorwa-claims.xyz,PHISHING,3,brand-imitation
allprizesvaultclub.world,PHISHING,3,brand-imitation
allprizesvaultzone.world,PHISHING,3,brand-imitation
allrpcswalletc0nn0de.xyz,PHISHING,3,brand-imitation
allsecurehosting.com,PHISHING,3,brand-imitation
allsecureroutes.com,PHISHING,3,brand-imitation
allsecureroutes.live,PHISHING,3,brand-imitation
allstarsupdate.info,PHISHING,3,brand-imitation
allstate-claims-phone-number.cfd,PHISHING,3,brand-imitation
allstate-claims.cfd,PHISHING,3,brand-imitation
alltokensinterconnectingmigrateairdrop.lol,PHISHING,3,brand-imitation
alltopupdates.com,PHISHING,3,brand-imitation
alltru-verify.com,PHISHING,3,brand-imitation
alltrustfinanceplc.com,PHISHING,3,brand-imitation
alltrustgame.com,PHISHING,3,brand-imitation
alltrustplc.com,PHISHING,3,brand-imitation
alltrustpremiier.com,PHISHING,3,brand-imitation
allupdatesonaustrailianreturn.info,PHISHING,3,brand-imitation
allwalletshop.com,PHISHING,3,brand-imitation
allysecurespay.com,PHISHING,3,brand-imitation
allytrustshield.com,PHISHING,3,brand-imitation
almaktoumintlatives.org,PHISHING,3,brand-imitation
almintegration.com,PHISHING,3,brand-imitation
almintegration.info,PHISHING,3,brand-imitation
almintegration.xyz,PHISHING,3,brand-imitation
alohabitcoins.com,PHISHING,3,brand-imitation
alotofsecureapp.lat,PHISHING,3,brand-imitation
alotofsecured.xyz,PHISHING,3,brand-imitation
alotofsecures.world,PHISHING,3,brand-imitation
alotofverify.sbs,PHISHING,3,brand-imitation
alpendtrust.pro,PHISHING,3,brand-imitation
alpentrust-advisory.com,PHISHING,3,brand-imitation
alpentrustcapital.com,PHISHING,3,brand-imitation
alpha-gr-ekyc-update.help,PHISHING,3,brand-imitation
alpha-gr-update-ekyc.help,PHISHING,3,brand-imitation
alpha-vault.life,PHISHING,3,brand-imitation
alpha-vault.org,PHISHING,3,brand-imitation
alphabetfarms.com,PHISHING,3,brand-imitation
alphabetvault.com,PHISHING,3,brand-imitation
alphabridge.biz,PHISHING,3,brand-imitation
alphabridges.sbs,PHISHING,3,brand-imitation
alphabridgesystems.com,PHISHING,3,brand-imitation
alphabridgetrust.com,PHISHING,3,brand-imitation
alphabridgetrusts.com,PHISHING,3,brand-imitation
alphacapitalbitcoin.com,PHISHING,3,brand-imitation
alphacitytrust.com,PHISHING,3,brand-imitation
alphacryptobot.com,PHISHING,3,brand-imitation
alphacryptohub.com,PHISHING,3,brand-imitation
alphacrypton.biz,PHISHING,3,brand-imitation
alphacryptonova.xyz,PHISHING,3,brand-imitation
alphafoxtrusteeltd.org,PHISHING,3,brand-imitation
alphasecureinvest.com,PHISHING,3,brand-imitation
alphasecurityvaultservices.com,PHISHING,3,brand-imitation
alphatrustfinancialgroup.online,PHISHING,3,brand-imitation
alphatrustheritage.com,PHISHING,3,brand-imitation
alphatrustplc.com,PHISHING,3,brand-imitation
alpinetrustcapital.com,PHISHING,3,brand-imitation
alpinetrustpartners.com,PHISHING,3,brand-imitation
alptrustgpt.com,PHISHING,3,brand-imitation
alqalamtrust.com,PHISHING,3,brand-imitation
alqalamtrust.net,PHISHING,3,brand-imitation
alqalamtrust.org,PHISHING,3,brand-imitation
alsabridge.com,PHISHING,3,brand-imitation
alsawsanfarms.com,PHISHING,3,brand-imitation
alshafiwelfaretrust.org,PHISHING,3,brand-imitation
alt-token.sbs,PHISHING,3,brand-imitation
altadenafarmersmarket.com,PHISHING,3,brand-imitation
altclaim.biz,PHISHING,3,brand-imitation
altclaim.com,PHISHING,3,brand-imitation
altcryptogems.com,PHISHING,3,brand-imitation
alterwallet.com,PHISHING,3,brand-imitation
altitudewallets.monster,PHISHING,3,brand-imitation
altlayervault.xyz,PHISHING,3,brand-imitation
altnft.com,PHISHING,3,brand-imitation
altrady-token.sbs,PHISHING,3,brand-imitation
altsecure.com,PHISHING,3,brand-imitation
alttextvault.org,PHISHING,3,brand-imitation
alturatoken.app,PHISHING,3,brand-imitation
altuscrypto.com,PHISHING,3,brand-imitation
altynwallet.info,PHISHING,3,brand-imitation
alugardenbridge.com,PHISHING,3,brand-imitation
aluxcrypto-dex.com,PHISHING,3,brand-imitation
alvendatrust.com,PHISHING,3,brand-imitation
alwaysclaim.xyz,PHISHING,3,brand-imitation
amafarms.com,PHISHING,3,brand-imitation
amafarmtribe.com,PHISHING,3,brand-imitation
amagohfarm.com,PHISHING,3,brand-imitation
amanatrusthomes.com,PHISHING,3,brand-imitation
amaratrust.org,PHISHING,3,brand-imitation
amateurcamvault.com,PHISHING,3,brand-imitation
amateurscamvault.com,PHISHING,3,brand-imitation
amazing-claim-giveaway-instantwin.autos,PHISHING,3,brand-imitation
amazing-claim-specialoffer-giving.autos,PHISHING,3,brand-imitation
amazingbigwininstantwinclaim.autos,PHISHING,3,brand-imitation
amazingclaimgiveawayinstant.autos,PHISHING,3,brand-imitation
amazingclaimgiveawayinstantwin.autos,PHISHING,3,brand-imitation
amazingclaimspecialoffergiving.autos,PHISHING,3,brand-imitation
amazingcryptosecrets.com,PHISHING,3,brand-imitation
amazingfarmers.com,PHISHING,3,brand-imitation
amazingfreebitcoin.com,PHISHING,3,brand-imitation
amazingly-secure-offers.com,PHISHING,3,brand-imitation
amazinglysecure-offers.net,PHISHING,3,brand-imitation
amazingsearchclaimweekly.autos,PHISHING,3,brand-imitation
amazom-update.help,PHISHING,3,brand-imitation
amazomupdate.help,PHISHING,3,brand-imitation
amazomupdates.help,PHISHING,3,brand-imitation
amazon-co-jp-security-verify.help,PHISHING,3,brand-imitation
amazon-update.help,PHISHING,3,brand-imitation
amazoncaptchaverify.com,PHISHING,3,brand-imitation
amazonsecuredcrypto.com,PHISHING,3,brand-imitation
amazonupdate.help,PHISHING,3,brand-imitation
ambassedorbridge.com,PHISHING,3,brand-imitation
ambire-wallet.com,PHISHING,3,brand-imitation
ambridgesolution.com,PHISHING,3,brand-imitation
ambridgetowing.top,PHISHING,3,brand-imitation
ambusinesstrust.com,PHISHING,3,brand-imitation
amclaims.com,PHISHING,3,brand-imitation
amcryptoteams.com,PHISHING,3,brand-imitation
amds-secure.cam,PHISHING,3,brand-imitation
amds-secured.com,PHISHING,3,brand-imitation
amehtrust.org,PHISHING,3,brand-imitation
ameli-gouv-secure.com,PHISHING,3,brand-imitation
ameliatoken.vip,PHISHING,3,brand-imitation
ameliatoken.xyz,PHISHING,3,brand-imitation
amelirenouvellementsecure.xyz,PHISHING,3,brand-imitation
amendmentpayclaim.info,PHISHING,3,brand-imitation
amendmentsecureclaim.info,PHISHING,3,brand-imitation
amendtrust-0.cfd,PHISHING,3,brand-imitation
amendtrust-1.cfd,PHISHING,3,brand-imitation
amendtrust-10.cfd,PHISHING,3,brand-imitation
amendtrust-11.cfd,PHISHING,3,brand-imitation
amendtrust-12.cfd,PHISHING,3,brand-imitation
amendtrust-13.cfd,PHISHING,3,brand-imitation
amendtrust-14.cfd,PHISHING,3,brand-imitation
amendtrust-15.cfd,PHISHING,3,brand-imitation
amendtrust-16.cfd,PHISHING,3,brand-imitation
amendtrust-17.cfd,PHISHING,3,brand-imitation
amendtrust-18.cfd,PHISHING,3,brand-imitation
amendtrust-19.cfd,PHISHING,3,brand-imitation
amendtrust-2.cfd,PHISHING,3,brand-imitation
amendtrust-20.cfd,PHISHING,3,brand-imitation
amendtrust-21.cfd,PHISHING,3,brand-imitation
amendtrust-22.cfd,PHISHING,3,brand-imitation
amendtrust-23.cfd,PHISHING,3,brand-imitation
amendtrust-24.cfd,PHISHING,3,brand-imitation
amendtrust-25.cfd,PHISHING,3,brand-imitation
amensecure.com,PHISHING,3,brand-imitation
americanbitcoinexchange.com,PHISHING,3,brand-imitation
americanbitcoinpartners.com,PHISHING,3,brand-imitation
americanexpresssecureportal.com,PHISHING,3,brand-imitation
americanfarmlandinvestments.com,PHISHING,3,brand-imitation
americanfarmlandinvestments.net,PHISHING,3,brand-imitation
americanfarmlandinvestments.org,PHISHING,3,brand-imitation
americanfireclaimadjusters.biz,PHISHING,3,brand-imitation
americanfireclaimadjusters.com,PHISHING,3,brand-imitation
americanfireclaimadjusters.net,PHISHING,3,brand-imitation
americanfireclaimadjusters.org,PHISHING,3,brand-imitation
americanfireclaimsadjusters.biz,PHISHING,3,brand-imitation
americanfireclaimsadjusters.com,PHISHING,3,brand-imitation
americanfireclaimsadjusters.net,PHISHING,3,brand-imitation
americanfireclaimsadjusters.org,PHISHING,3,brand-imitation
americans-farm.com,PHISHING,3,brand-imitation
americlaimwi.com,PHISHING,3,brand-imitation
americrypto.xyz,PHISHING,3,brand-imitation
ameripcrypto.com,PHISHING,3,brand-imitation
ameverify.com,PHISHING,3,brand-imitation
amexverify.com,PHISHING,3,brand-imitation
amfmintl.org,PHISHING,3,brand-imitation
amiablegreenfarms.com,PHISHING,3,brand-imitation
amigo-token.org,PHISHING,3,brand-imitation
amincrypto.com,PHISHING,3,brand-imitation
aminfarm.com,PHISHING,3,brand-imitation
amint.autos,PHISHING,3,brand-imitation
amintea.com,PHISHING,3,brand-imitation
amintechlab.com,PHISHING,3,brand-imitation
amintechnology.com,PHISHING,3,brand-imitation
amintelecom.com,PHISHING,3,brand-imitation
aminteleport.com,PHISHING,3,brand-imitation
amintelevision.com,PHISHING,3,brand-imitation
aminteriorshindupur.com,PHISHING,3,brand-imitation
aminterlors.com,PHISHING,3,brand-imitation
aminterors.com,PHISHING,3,brand-imitation
aminthermo.com,PHISHING,3,brand-imitation
aminthread.com,PHISHING,3,brand-imitation
aminthreads.com,PHISHING,3,brand-imitation
amintime.com,PHISHING,3,brand-imitation
amintiridinromania.com,PHISHING,3,brand-imitation
amintorepeluso.com,PHISHING,3,brand-imitation
amintoto.net,PHISHING,3,brand-imitation
amintoto88.com,PHISHING,3,brand-imitation
amintrack.com,PHISHING,3,brand-imitation
amintracking.com,PHISHING,3,brand-imitation
amintraders.com,PHISHING,3,brand-imitation
amintransit.com,PHISHING,3,brand-imitation
amintransport.com,PHISHING,3,brand-imitation
amintransportation.com,PHISHING,3,brand-imitation
amintransporting.com,PHISHING,3,brand-imitation
amintransports.com,PHISHING,3,brand-imitation
amintravel.com,PHISHING,3,brand-imitation
amintrip.com,PHISHING,3,brand-imitation
amintrucking.com,PHISHING,3,brand-imitation
amintrucks.com,PHISHING,3,brand-imitation
amintv.com,PHISHING,3,brand-imitation
amiwalletcheck.info,PHISHING,3,brand-imitation
aml-crypto.org,PHISHING,3,brand-imitation
aml-cryptocheck.info,PHISHING,3,brand-imitation
aml-cryptocom.help,PHISHING,3,brand-imitation
aml-secure.net,PHISHING,3,brand-imitation
aml-team-crypto.com,PHISHING,3,brand-imitation
aml-verify.app,PHISHING,3,brand-imitation
aml-verify.info,PHISHING,3,brand-imitation
aml-verify.sbs,PHISHING,3,brand-imitation
aml-wallet.app,PHISHING,3,brand-imitation
aml-wallet.report,PHISHING,3,brand-imitation
aml-walletcheck.com,PHISHING,3,brand-imitation
aml-wallets.com,PHISHING,3,brand-imitation
amlacrypto.com,PHISHING,3,brand-imitation
amlawallets.info,PHISHING,3,brand-imitation
amlblockchainsecure.com,PHISHING,3,brand-imitation
amlbotsecure.org,PHISHING,3,brand-imitation
amlcheck-atomicwallet.com,PHISHING,3,brand-imitation
amlcheck-trustwallet.com,PHISHING,3,brand-imitation
amlcheckswallet.com,PHISHING,3,brand-imitation
amlcheckvault.com,PHISHING,3,brand-imitation
amlcheckwallet.org,PHISHING,3,brand-imitation
amlcheksecure.com,PHISHING,3,brand-imitation
amlchekverify.com,PHISHING,3,brand-imitation
amlchekwallet.com,PHISHING,3,brand-imitation
amlclaim.com,PHISHING,3,brand-imitation
amlcrypto.info,PHISHING,3,brand-imitation
amlcryptocontrol.com,PHISHING,3,brand-imitation
amlcryptoeu.org,PHISHING,3,brand-imitation
amlcryptos.org,PHISHING,3,brand-imitation
amlcryptosupport.com,PHISHING,3,brand-imitation
amlcryptotest.com,PHISHING,3,brand-imitation
amlcryptowallet.com,PHISHING,3,brand-imitation
amlcryptoweb3.com,PHISHING,3,brand-imitation
amlescrypto.com,PHISHING,3,brand-imitation
amlewalletcheck.com,PHISHING,3,brand-imitation
amlofarms.com,PHISHING,3,brand-imitation
amlscanerwallet.com,PHISHING,3,brand-imitation
amlscannerlwallet.com,PHISHING,3,brand-imitation
amlscannerwallet.com,PHISHING,3,brand-imitation
amlscansecure.com,PHISHING,3,brand-imitation
amlscanwallet.com,PHISHING,3,brand-imitation
amlsecure-com.icu,PHISHING,3,brand-imitation
amlsecure.click,PHISHING,3,brand-imitation
amlsecure.cloud,PHISHING,3,brand-imitation
amlsecure.expert,PHISHING,3,brand-imitation
amlsecure.life,PHISHING,3,brand-imitation
amlsecure.onl,PHISHING,3,brand-imitation
amltestcrypto.com,PHISHING,3,brand-imitation
amltrustswallet.com,PHISHING,3,brand-imitation
amltrustwallet.app,PHISHING,3,brand-imitation
amltrustwallets.app,PHISHING,3,brand-imitation
amltrustwallets.com,PHISHING,3,brand-imitation
amlusdtwallet.com,PHISHING,3,brand-imitation
amlverify.club,PHISHING,3,brand-imitation
amlwallet3.com,PHISHING,3,brand-imitation
amlwalletapp.com,PHISHING,3,brand-imitation
amlwalletbot.com,PHISHING,3,brand-imitation
amlwalletcheck.com,PHISHING,3,brand-imitation
amlwalletcheck.info,PHISHING,3,brand-imitation
amlwalletcheck.org,PHISHING,3,brand-imitation
amlwalletrisk.com,PHISHING,3,brand-imitation
amlwallets.app,PHISHING,3,brand-imitation
amlwalletscaner.com,PHISHING,3,brand-imitation
amlwalletscanner.com,PHISHING,3,brand-imitation
amlwalletsecure.com,PHISHING,3,brand-imitation
amlwallettest.com,PHISHING,3,brand-imitation
amlweb3crypto.com,PHISHING,3,brand-imitation
amodelcrypto.com,PHISHING,3,brand-imitation
ampbridge.pro,PHISHING,3,brand-imitation
amzonverify.info,PHISHING,3,brand-imitation
an-update-on-our-family.cfd,PHISHING,3,brand-imitation
anadoludogafarm.pro,PHISHING,3,brand-imitation
anbtxverify.com,PHISHING,3,brand-imitation
anchorawallet.com,PHISHING,3,brand-imitation
anchorupdate.com,PHISHING,3,brand-imitation
ancient8ggupdate.info,PHISHING,3,brand-imitation
ancillarytoken.com,PHISHING,3,brand-imitation
ancillarytokens.com,PHISHING,3,brand-imitation
andclaimheaven.sbs,PHISHING,3,brand-imitation
andclaimheavens.lat,PHISHING,3,brand-imitation
andclaimparadise.click,PHISHING,3,brand-imitation
andclaimparadise.world,PHISHING,3,brand-imitation
andclaims.lat,PHISHING,3,brand-imitation
andclaimsparadise.click,PHISHING,3,brand-imitation
andclaimsparadise.sbs,PHISHING,3,brand-imitation
andcollecttrustedgiftvault.click,PHISHING,3,brand-imitation
andcollecttrustedgiftvaults.click,PHISHING,3,brand-imitation
andcollecttrustedgiftvaults.lat,PHISHING,3,brand-imitation
andcollecttrustedgiftvaults.sbs,PHISHING,3,brand-imitation
android-update-stuck-enp.cyou,PHISHING,3,brand-imitation
androidscreenupdate.com,PHISHING,3,brand-imitation
androidshieldupdatefr.live,PHISHING,3,brand-imitation
androidshieldupdatesfr.live,PHISHING,3,brand-imitation
androidupdate.net,PHISHING,3,brand-imitation
androidupdate.org,PHISHING,3,brand-imitation
androidupdate.xyz,PHISHING,3,brand-imitation
androidupdates.org,PHISHING,3,brand-imitation
anexo-securefiles.com,PHISHING,3,brand-imitation
anft88.sbs,PHISHING,3,brand-imitation
anfty.link,PHISHING,3,brand-imitation
angelscryptocurrency.com,PHISHING,3,brand-imitation
angiemaccambridgedesign.com,PHISHING,3,brand-imitation
angolocrypto.com,PHISHING,3,brand-imitation
anichkovbridge.com,PHISHING,3,brand-imitation
animal-farm.app,PHISHING,3,brand-imitation
animalfarm.top,PHISHING,3,brand-imitation
anime-vault.com,PHISHING,3,brand-imitation
anivault.win,PHISHING,3,brand-imitation
anlsecure.com,PHISHING,3,brand-imitation
anlverify.com,PHISHING,3,brand-imitation
annapolisfarming.com,PHISHING,3,brand-imitation
annaswallet.com,PHISHING,3,brand-imitation
annauniversityupdates.com,PHISHING,3,brand-imitation
annualaandaupdate.com,PHISHING,3,brand-imitation
annualpass-farmfresh.com,PHISHING,3,brand-imitation
anodosupdate.info,PHISHING,3,brand-imitation
anointedkingdominternationalministries.com,PHISHING,3,brand-imitation
anonbitcoinwallet.com,PHISHING,3,brand-imitation
anonsecure.host,PHISHING,3,brand-imitation
anonsecurehost.com,PHISHING,3,brand-imitation
anonsecurehost.net,PHISHING,3,brand-imitation
anonvault.net,PHISHING,3,brand-imitation
anonvault.org,PHISHING,3,brand-imitation
anonvault.video,PHISHING,3,brand-imitation
anonvault.xyz,PHISHING,3,brand-imitation
anonvaultpremium.com,PHISHING,3,brand-imitation
anonymouscryptobettingworldcup2026.net,PHISHING,3,brand-imitation
anonymouscryptocasinos.com,PHISHING,3,brand-imitation
anonymwallet.com,PHISHING,3,brand-imitation
antfarmingandtractor.com,PHISHING,3,brand-imitation
antisecurefileexcutiveinboxfolder.sbs,PHISHING,3,brand-imitation
antivirus-vault.sbs,PHISHING,3,brand-imitation
antivirusvault24.world,PHISHING,3,brand-imitation
antivirusvaults.lat,PHISHING,3,brand-imitation
antixclaim.xyz,PHISHING,3,brand-imitation
anvilvaultsandsafes.com,PHISHING,3,brand-imitation
anyikofarm.com,PHISHING,3,brand-imitation
anyoneupdate.info,PHISHING,3,brand-imitation
anyreaderprivilegedverify.info,PHISHING,3,brand-imitation
anytoken.one,PHISHING,3,brand-imitation
anywherewallet.com,PHISHING,3,brand-imitation
anzbankverify.xyz,PHISHING,3,brand-imitation
anzeigenkontoverify.com,PHISHING,3,brand-imitation
anzverifyid.xyz,PHISHING,3,brand-imitation
aoafarms.com,PHISHING,3,brand-imitation
aoisecuredrive.sbs,PHISHING,3,brand-imitation
aokvault.com,PHISHING,3,brand-imitation
aolupdate.blog,PHISHING,3,brand-imitation
aomailodiuywthupdatemailakdju.icu,PHISHING,3,brand-imitation
ap-south-1-verify.link,PHISHING,3,brand-imitation
apcbillingsecuredfile.click,PHISHING,3,brand-imitation
apchoicefarm.com,PHISHING,3,brand-imitation
apebridge.net,PHISHING,3,brand-imitation
apecoin-airdropclaim.lol,PHISHING,3,brand-imitation
apecoin-nfts.com,PHISHING,3,brand-imitation
apeiron-nft.com,PHISHING,3,brand-imitation
apenft.lol,PHISHING,3,brand-imitation
aperoinnft.com,PHISHING,3,brand-imitation
apeupdate.info,PHISHING,3,brand-imitation
apeverify.xyz,PHISHING,3,brand-imitation
apexbridge.buzz,PHISHING,3,brand-imitation
apexbridge.cfd,PHISHING,3,brand-imitation
apexbridgeinternational.com,PHISHING,3,brand-imitation
apexbridgetradinggroupptyltd.com,PHISHING,3,brand-imitation
apexclaimsolutions.com,PHISHING,3,brand-imitation
apexcreditvault.com,PHISHING,3,brand-imitation
apexcryptocurrrencyminer.com,PHISHING,3,brand-imitation
apexcryptohub.com,PHISHING,3,brand-imitation
apexcryptoinvestments.com,PHISHING,3,brand-imitation
apexcryptotrader.com,PHISHING,3,brand-imitation
apexcryptotrades.com,PHISHING,3,brand-imitation
apexcryptovest.com,PHISHING,3,brand-imitation
apexglobalvault.com,PHISHING,3,brand-imitation
apexnftstore.com,PHISHING,3,brand-imitation
apexnovavaults.com,PHISHING,3,brand-imitation
apexvault.lol,PHISHING,3,brand-imitation
apexvaultmedia.com,PHISHING,3,brand-imitation
apexweedfarm.com,PHISHING,3,brand-imitation
api-token.services,PHISHING,3,brand-imitation
api-tokenpoc.com,PHISHING,3,brand-imitation
api-tokens.com,PHISHING,3,brand-imitation
api2bptoken.com,PHISHING,3,brand-imitation
api3bptoken.com,PHISHING,3,brand-imitation
apifarmasino.com,PHISHING,3,brand-imitation
apiforxsafariupdate.com,PHISHING,3,brand-imitation
apiforxsafariupdate.net,PHISHING,3,brand-imitation
apivaults.com,PHISHING,3,brand-imitation
apiwallet.icu,PHISHING,3,brand-imitation
apktoken168.com,PHISHING,3,brand-imitation
apkupdate.com,PHISHING,3,brand-imitation
app-bitcoin.tax,PHISHING,3,brand-imitation
app-claim.xyz,PHISHING,3,brand-imitation
app-cryptoallstars.xyz,PHISHING,3,brand-imitation
app-electronwallet.help,PHISHING,3,brand-imitation
app-fugunft.com,PHISHING,3,brand-imitation
app-hyperbridge.network,PHISHING,3,brand-imitation
app-imtoken.xyz,PHISHING,3,brand-imitation
app-mynearwallet.app,PHISHING,3,brand-imitation
app-newbridge-bep2tool.lol,PHISHING,3,brand-imitation
app-osmosis-bridge.xyz,PHISHING,3,brand-imitation
app-rabbywallet.live,PHISHING,3,brand-imitation
app-restorewallet.com,PHISHING,3,brand-imitation
app-spysecures.click,PHISHING,3,brand-imitation
app-sunrisebridge.xyz,PHISHING,3,brand-imitation
app-superbridge.site,PHISHING,3,brand-imitation
app-superbridges.xyz,PHISHING,3,brand-imitation
app-walletconnect.net,PHISHING,3,brand-imitation
app-walletconnects.info,PHISHING,3,brand-imitation
appalupdates-1f.online,PHISHING,3,brand-imitation
appalupdates-2f.online,PHISHING,3,brand-imitation
appalupdates-3f.online,PHISHING,3,brand-imitation
appalupdates-4f.online,PHISHING,3,brand-imitation
appalupdates-5f.online,PHISHING,3,brand-imitation
appalupdates-6f.online,PHISHING,3,brand-imitation
appalupdates-7f.online,PHISHING,3,brand-imitation
appalupdates-8f.online,PHISHING,3,brand-imitation
appalupdates-9f.online,PHISHING,3,brand-imitation
appatomicwallet.com,PHISHING,3,brand-imitation
appeals-crypto.com,PHISHING,3,brand-imitation
appelfarms.com,PHISHING,3,brand-imitation
apphyperbridge.network,PHISHING,3,brand-imitation
appie-claim.cloud,PHISHING,3,brand-imitation
appkeyverify.click,PHISHING,3,brand-imitation
appkeyverify.com,PHISHING,3,brand-imitation
appkeyverify.sbs,PHISHING,3,brand-imitation
apple-secure.help,PHISHING,3,brand-imitation
apple-verify.sbs,PHISHING,3,brand-imitation
appleclaim.xyz,PHISHING,3,brand-imitation
appleid-secure.com,PHISHING,3,brand-imitation
appleid-verify.link,PHISHING,3,brand-imitation
appletoken.network,PHISHING,3,brand-imitation
applevalleyfarm.net,PHISHING,3,brand-imitation
appleverify.sbs,PHISHING,3,brand-imitation
applicantbridge.com,PHISHING,3,brand-imitation
application-wallet.help,PHISHING,3,brand-imitation
applicationverify.com,PHISHING,3,brand-imitation
appliedfarm.com,PHISHING,3,brand-imitation
appliedfarms.com,PHISHING,3,brand-imitation
appliedjung-wallet.com,PHISHING,3,brand-imitation
applyforbitcoin.com,PHISHING,3,brand-imitation
applyforbitcoins.com,PHISHING,3,brand-imitation
appmintcore.com,PHISHING,3,brand-imitation
apppayverify.help,PHISHING,3,brand-imitation
apps-vault.com,PHISHING,3,brand-imitation
appsupdate.xyz,PHISHING,3,brand-imitation
appsuperbridge.link,PHISHING,3,brand-imitation
appverify.homes,PHISHING,3,brand-imitation
appwalletconnect.live,PHISHING,3,brand-imitation
appwallets--connects.com,PHISHING,3,brand-imitation
appywallet.com,PHISHING,3,brand-imitation
apribetfarms.com,PHISHING,3,brand-imitation
aptwallet.org,PHISHING,3,brand-imitation
apuestasbitcoin.com,PHISHING,3,brand-imitation
apuestascryptoanonimasmundial2026.com,PHISHING,3,brand-imitation
aqnft.com,PHISHING,3,brand-imitation
aquafarmer.com,PHISHING,3,brand-imitation
aquagricofarmsng.com,PHISHING,3,brand-imitation
arabainfarms.com,PHISHING,3,brand-imitation
arabcryptocoin.com,PHISHING,3,brand-imitation
arabiansfarm.com,PHISHING,3,brand-imitation
arabtokens.com,PHISHING,3,brand-imitation
arakufarm.com,PHISHING,3,brand-imitation
aramintabrightbrook.com,PHISHING,3,brand-imitation
aratfarm.com,PHISHING,3,brand-imitation
arbitrarywallet.com,PHISHING,3,brand-imitation
arbitrarywalletinv.com,PHISHING,3,brand-imitation
arbitrawallet.net,PHISHING,3,brand-imitation
arbitrumbridgesapp.pro,PHISHING,3,brand-imitation
arbitrumwallet.org,PHISHING,3,brand-imitation
arcadetokens.blog,PHISHING,3,brand-imitation
arcadiabridge.pro,PHISHING,3,brand-imitation
arcane-wallet.com,PHISHING,3,brand-imitation
arcanefarm.sbs,PHISHING,3,brand-imitation
arcanewallet.com,PHISHING,3,brand-imitation
arcbridgereceivables.com,PHISHING,3,brand-imitation
archifarm.com,PHISHING,3,brand-imitation
archipelago-mint.com,PHISHING,3,brand-imitation
architectvault.online,PHISHING,3,brand-imitation
architectvaulte.com,PHISHING,3,brand-imitation
archivault.top,PHISHING,3,brand-imitation
archivault.xyz,PHISHING,3,brand-imitation
archives-vault.sbs,PHISHING,3,brand-imitation
archivevault.download,PHISHING,3,brand-imitation
arcitex-token.com,PHISHING,3,brand-imitation
arcticnft.com,PHISHING,3,brand-imitation
arcticpablotoken.fun,PHISHING,3,brand-imitation
arcticpablotoken.help,PHISHING,3,brand-imitation
ardneilfarm.com,PHISHING,3,brand-imitation
ardorwallet.org,PHISHING,3,brand-imitation
area51nfts.com,PHISHING,3,brand-imitation
arefanwallet.com,PHISHING,3,brand-imitation
arenalotvault.com,PHISHING,3,brand-imitation
areum-claims.xyz,PHISHING,3,brand-imitation
arianacrypto.com,PHISHING,3,brand-imitation
arianatoken.com,PHISHING,3,brand-imitation
arkada-laughvault.site,PHISHING,3,brand-imitation
arkada-laughvault.website,PHISHING,3,brand-imitation
arkhamintelegence.org,PHISHING,3,brand-imitation
arkhamintelligence.claims,PHISHING,3,brand-imitation
arkvault.icu,PHISHING,3,brand-imitation
arkwallet.org,PHISHING,3,brand-imitation
armadacrypto.xyz,PHISHING,3,brand-imitation
armanseedfarm.com,PHISHING,3,brand-imitation
armintlbd.com,PHISHING,3,brand-imitation
armoredwallet.com,PHISHING,3,brand-imitation
armorywallet.org,PHISHING,3,brand-imitation
arnlverify.com,PHISHING,3,brand-imitation
aronatoken.xyz,PHISHING,3,brand-imitation
aronlogicfarm.com,PHISHING,3,brand-imitation
arqmawallet.com,PHISHING,3,brand-imitation
arrayyanfarm.com,PHISHING,3,brand-imitation
arsenalautovault.com,PHISHING,3,brand-imitation
art-verify.sbs,PHISHING,3,brand-imitation
artblocks-mint.com,PHISHING,3,brand-imitation
artbridgecr.com,PHISHING,3,brand-imitation
artdigitalmintnft.com,PHISHING,3,brand-imitation
arteft-eftclaimdept.online,PHISHING,3,brand-imitation
artenft.org,PHISHING,3,brand-imitation
artfulltokens.com,PHISHING,3,brand-imitation
artminted.com,PHISHING,3,brand-imitation
artondalefarm.com,PHISHING,3,brand-imitation
artvaultz.com,PHISHING,3,brand-imitation
arumifarmamedika.com,PHISHING,3,brand-imitation
arvest-acct-verify.com,PHISHING,3,brand-imitation
arvestbankverify.org,PHISHING,3,brand-imitation
aryaneevermint.com,PHISHING,3,brand-imitation
asadazfarmasi.com,PHISHING,3,brand-imitation
asburyfarm.org,PHISHING,3,brand-imitation
asesoriadefarmacias.com,PHISHING,3,brand-imitation
asfarm.com,PHISHING,3,brand-imitation
ashbridgechimneys.com,PHISHING,3,brand-imitation
ashbridgeline.com,PHISHING,3,brand-imitation
ashefarms.com,PHISHING,3,brand-imitation
ashfordprobateandclaimsllp.com,PHISHING,3,brand-imitation
ashfordprobateandclaimsllp.net,PHISHING,3,brand-imitation
ashifarm.com,PHISHING,3,brand-imitation
ashramfarms.com,PHISHING,3,brand-imitation
asiafarmer.net,PHISHING,3,brand-imitation
asiatoken2049.com,PHISHING,3,brand-imitation
asicryptonews.com,PHISHING,3,brand-imitation
asistclaimant.xyz,PHISHING,3,brand-imitation
askanadjusterclaims.com,PHISHING,3,brand-imitation
aslamdairyfarmbd.com,PHISHING,3,brand-imitation
asmihadfarms.com,PHISHING,3,brand-imitation
asofarmagen.org,PHISHING,3,brand-imitation
assaultthevault.com,PHISHING,3,brand-imitation
assesstoken.sbs,PHISHING,3,brand-imitation
assetbackedcryptocurrency.net,PHISHING,3,brand-imitation
assetbitcoin.com,PHISHING,3,brand-imitation
assetbridge.cfd,PHISHING,3,brand-imitation
assetbridgeltd.com,PHISHING,3,brand-imitation
assetclaim.org,PHISHING,3,brand-imitation
assetclaimdashboard.help,PHISHING,3,brand-imitation
assetminting.org,PHISHING,3,brand-imitation
assetprotection-crypto.com,PHISHING,3,brand-imitation
assetprotectionvault.com,PHISHING,3,brand-imitation
assetreclaim.org,PHISHING,3,brand-imitation
assetreclaimuk.com,PHISHING,3,brand-imitation
assetreferencedtoken.com,PHISHING,3,brand-imitation
assetreferencedtokens.com,PHISHING,3,brand-imitation
assetsbridgepartners.com,PHISHING,3,brand-imitation
assetsreclaim.org,PHISHING,3,brand-imitation
assetsvault.org,PHISHING,3,brand-imitation
assetvault-coinbase.com,PHISHING,3,brand-imitation
assetvault-crypto.com,PHISHING,3,brand-imitation
assetvaultpay.com,PHISHING,3,brand-imitation
assistancetrustwallet.com,PHISHING,3,brand-imitation
assistantcrypto.com,PHISHING,3,brand-imitation
assistantcrypto.info,PHISHING,3,brand-imitation
assisttrustwallet.com,PHISHING,3,brand-imitation
assurewallet.net,PHISHING,3,brand-imitation
aster-dex-claim.help,PHISHING,3,brand-imitation
asterdexclaim.online,PHISHING,3,brand-imitation
asterdexverify.pro,PHISHING,3,brand-imitation
asterfarmer.com,PHISHING,3,brand-imitation
asterhardwallet.com,PHISHING,3,brand-imitation
asteroidfarmer.com,PHISHING,3,brand-imitation
asteroidfarms.com,PHISHING,3,brand-imitation
asterverify.pro,PHISHING,3,brand-imitation
astoricrypto.com,PHISHING,3,brand-imitation
astoriverify.com,PHISHING,3,brand-imitation
astraeonbuyerbridgepartners.click,PHISHING,3,brand-imitation
astraeonbuyerbridgepartners.xyz,PHISHING,3,brand-imitation
astraeonbuyerbridgerealty.sbs,PHISHING,3,brand-imitation
astraeonbuyerbridgerealty.xyz,PHISHING,3,brand-imitation
astraeonbuyerbridges.lat,PHISHING,3,brand-imitation
astraeonbuyerbridges.sbs,PHISHING,3,brand-imitation
astraeonbuyersbridge.lat,PHISHING,3,brand-imitation
astraeonbuyingbridge.click,PHISHING,3,brand-imitation
astraeonbuyingbridge.sbs,PHISHING,3,brand-imitation
astraeonprocurementbridge.click,PHISHING,3,brand-imitation
astraeonprocurementbridge.lat,PHISHING,3,brand-imitation
astraeonprocurementbridge.xyz,PHISHING,3,brand-imitation
astraeonretailbridgepartners.click,PHISHING,3,brand-imitation
astraeonretailbridgerealty.xyz,PHISHING,3,brand-imitation
astraeonretailbridges.lat,PHISHING,3,brand-imitation
astraeonretailbridges.sbs,PHISHING,3,brand-imitation
astraeonsellersbridge.click,PHISHING,3,brand-imitation
astraeonsellersbridge.xyz,PHISHING,3,brand-imitation
astraeuscryptoreserve.com,PHISHING,3,brand-imitation
astrafarm.xyz,PHISHING,3,brand-imitation
astravault.guru,PHISHING,3,brand-imitation
astrobitcoins.com,PHISHING,3,brand-imitation
astrobitcoins.net,PHISHING,3,brand-imitation
astrocryptotrades.com,PHISHING,3,brand-imitation
astroincwallet.com,PHISHING,3,brand-imitation
atbridgepost.com,PHISHING,3,brand-imitation
atemufarm.com,PHISHING,3,brand-imitation
athenacryptobank.com,PHISHING,3,brand-imitation
athwalfarms.com,PHISHING,3,brand-imitation
atikafarm.com,PHISHING,3,brand-imitation
atlanta-state-farmers-market.com,PHISHING,3,brand-imitation
atlantabridge.com,PHISHING,3,brand-imitation
atlantisbridgeholdings.com,PHISHING,3,brand-imitation
atlas-vault.com,PHISHING,3,brand-imitation
atlasbiofarm.com,PHISHING,3,brand-imitation
atlasbridgespoint.com,PHISHING,3,brand-imitation
atlashardwallet.com,PHISHING,3,brand-imitation
atlassecurevault.com,PHISHING,3,brand-imitation
atlasvault.xyz,PHISHING,3,brand-imitation
atlasvaultlogistics.org,PHISHING,3,brand-imitation
atlasvaultonline.com,PHISHING,3,brand-imitation
atlbitcoinembassy.org,PHISHING,3,brand-imitation
atmint.com,PHISHING,3,brand-imitation
atmintoto.org,PHISHING,3,brand-imitation
atoclaimaccesspoint.click,PHISHING,3,brand-imitation
atoclaimrefunds.online,PHISHING,3,brand-imitation
atomic-wallet-department.support,PHISHING,3,brand-imitation
atomic-wallet-info.com,PHISHING,3,brand-imitation
atomic-wallet-info.org,PHISHING,3,brand-imitation
atomic-wallet-support.com,PHISHING,3,brand-imitation
atomic-wallet.exchange,PHISHING,3,brand-imitation
atomic-wallet.icu,PHISHING,3,brand-imitation
atomic-wallet.life,PHISHING,3,brand-imitation
atomic-wallet.one,PHISHING,3,brand-imitation
atomic-wallet.onl,PHISHING,3,brand-imitation
atomic-wallet.support,PHISHING,3,brand-imitation
atomic-wallets.com,PHISHING,3,brand-imitation
atomic-wallets.help,PHISHING,3,brand-imitation
atomiccoldwallet.help,PHISHING,3,brand-imitation
atomiccrypto.org,PHISHING,3,brand-imitation
atomiccryptowallet.help,PHISHING,3,brand-imitation
atomiccryptowallet.org,PHISHING,3,brand-imitation
atomiccwallet.org,PHISHING,3,brand-imitation
atomicewallet.com,PHISHING,3,brand-imitation
atomicewallet.help,PHISHING,3,brand-imitation
atomicswallet.help,PHISHING,3,brand-imitation
atomicswallet.net,PHISHING,3,brand-imitation
atomicswallet.support,PHISHING,3,brand-imitation
atomicswapwallet.org,PHISHING,3,brand-imitation
atomicwallet-compliance.com,PHISHING,3,brand-imitation
atomicwallet-eu.com,PHISHING,3,brand-imitation
atomicwallet-service.com,PHISHING,3,brand-imitation
atomicwallet-services.com,PHISHING,3,brand-imitation
atomicwallet-support.help,PHISHING,3,brand-imitation
atomicwallet-support.org,PHISHING,3,brand-imitation
atomicwallet-team.com,PHISHING,3,brand-imitation
atomicwallet.agency,PHISHING,3,brand-imitation
atomicwallet.click,PHISHING,3,brand-imitation
atomicwallet.digital,PHISHING,3,brand-imitation
atomicwallet.finance,PHISHING,3,brand-imitation
atomicwallet.icu,PHISHING,3,brand-imitation
atomicwallet.international,PHISHING,3,brand-imitation
atomicwallet.lat,PHISHING,3,brand-imitation
atomicwallet.live,PHISHING,3,brand-imitation
atomicwallet.online,PHISHING,3,brand-imitation
atomicwallet.world,PHISHING,3,brand-imitation
atomicwalletapp.info,PHISHING,3,brand-imitation
atomicwalletexchange.com,PHISHING,3,brand-imitation
atomicwalletglobal.com,PHISHING,3,brand-imitation
atomicwalletgroup.com,PHISHING,3,brand-imitation
atomicwalletplatform.com,PHISHING,3,brand-imitation
atomicwalletpriority.com,PHISHING,3,brand-imitation
atomicwalletrecovery.org,PHISHING,3,brand-imitation
atomicwallets.help,PHISHING,3,brand-imitation
atomicwalletsupport.org,PHISHING,3,brand-imitation
atomicwalletsupports.net,PHISHING,3,brand-imitation
atomicwebwallet.com,PHISHING,3,brand-imitation
atomwallet.org,PHISHING,3,brand-imitation
atoverify.info,PHISHING,3,brand-imitation
attractionwindbridge.beauty,PHISHING,3,brand-imitation
atwallets.org,PHISHING,3,brand-imitation
atxbikefarm.com,PHISHING,3,brand-imitation
au-claimsg.sbs,PHISHING,3,brand-imitation
auaccesstaxationclaim.org,PHISHING,3,brand-imitation
aubinfarms.com,PHISHING,3,brand-imitation
auclaim-centers.online,PHISHING,3,brand-imitation
auclaimsecure.info,PHISHING,3,brand-imitation
auclaimverifiedcenters.com,PHISHING,3,brand-imitation
auclaimverifycenters.com,PHISHING,3,brand-imitation
aucrypto.com,PHISHING,3,brand-imitation
auctioncryptonft.com,PHISHING,3,brand-imitation
auctionnftcrypto.com,PHISHING,3,brand-imitation
audiovaultpro.com,PHISHING,3,brand-imitation
auditbridge.pro,PHISHING,3,brand-imitation
auditbridgeline.com,PHISHING,3,brand-imitation
auditvault.pro,PHISHING,3,brand-imitation
auecrypto.info,PHISHING,3,brand-imitation
augovclaimportal.info,PHISHING,3,brand-imitation
auincome-helpclaim.tax,PHISHING,3,brand-imitation
aulodgeclaim.com,PHISHING,3,brand-imitation
aulodgeverifys.info,PHISHING,3,brand-imitation
auntybitcoin.com,PHISHING,3,brand-imitation
aupost-addressverify.xyz,PHISHING,3,brand-imitation
aupost-verify.com,PHISHING,3,brand-imitation
aupost-verify.net,PHISHING,3,brand-imitation
aura-crypto.com,PHISHING,3,brand-imitation
aura-farmer-official.xyz,PHISHING,3,brand-imitation
aura-wallet.live,PHISHING,3,brand-imitation
aurafarming.org,PHISHING,3,brand-imitation
aurafarming.wiki,PHISHING,3,brand-imitation
aurafbridge.club,PHISHING,3,brand-imitation
auralisasclickvault.info,PHISHING,3,brand-imitation
auralisasclickvault.lat,PHISHING,3,brand-imitation
auralisasclickvault.world,PHISHING,3,brand-imitation
auralisasclickvault.xyz,PHISHING,3,brand-imitation
auralizsclicksvault.info,PHISHING,3,brand-imitation
auralizsclickvaultapp.click,PHISHING,3,brand-imitation
auralizsclickvaultapp.info,PHISHING,3,brand-imitation
auralizsclickvaultapp.sbs,PHISHING,3,brand-imitation
auralizsclickvaultapp.xyz,PHISHING,3,brand-imitation
auralizsclickvaults.lat,PHISHING,3,brand-imitation
auralizsclickvaults.sbs,PHISHING,3,brand-imitation
auralizsclickvaults.world,PHISHING,3,brand-imitation
auralizsclickvaults.xyz,PHISHING,3,brand-imitation
auralizsvault.click,PHISHING,3,brand-imitation
auralizsvaults.click,PHISHING,3,brand-imitation
auralizsvaults.lat,PHISHING,3,brand-imitation
auralizsvaults.sbs,PHISHING,3,brand-imitation
auralizsvaults.world,PHISHING,3,brand-imitation
auramaxclicksvault.lat,PHISHING,3,brand-imitation
auramaxclicksvault.sbs,PHISHING,3,brand-imitation
auramaxclicksvault.world,PHISHING,3,brand-imitation
auramaxclicksvault.xyz,PHISHING,3,brand-imitation
auramaxclickvaultapp.info,PHISHING,3,brand-imitation
auramaxclickvaultapp.sbs,PHISHING,3,brand-imitation
auramaxclickvaultapp.xyz,PHISHING,3,brand-imitation
auramaxclickvaults.click,PHISHING,3,brand-imitation
auramaxclickvaults.info,PHISHING,3,brand-imitation
auramaxclickvaults.lat,PHISHING,3,brand-imitation
auramaxclickvaults.world,PHISHING,3,brand-imitation
auramaxclickvaults.xyz,PHISHING,3,brand-imitation
auramaxsnapvault.info,PHISHING,3,brand-imitation
auramaxsnapvault.lat,PHISHING,3,brand-imitation
auramaxsnapvault.world,PHISHING,3,brand-imitation
auramaxvault.click,PHISHING,3,brand-imitation
auranft.live,PHISHING,3,brand-imitation
aureoncrypto.com,PHISHING,3,brand-imitation
aurionvault.com,PHISHING,3,brand-imitation
aurixcrypto.exchange,PHISHING,3,brand-imitation
aurora-cryptoglobal.com,PHISHING,3,brand-imitation
aurorabridge.pro,PHISHING,3,brand-imitation
auroracrypto.asia,PHISHING,3,brand-imitation
auroracryptoglobal.com,PHISHING,3,brand-imitation
auroratoken.buzz,PHISHING,3,brand-imitation
auroratoken.click,PHISHING,3,brand-imitation
auroratoken.site,PHISHING,3,brand-imitation
auroxtoken-staking.com,PHISHING,3,brand-imitation
auroxtoken-staking.org,PHISHING,3,brand-imitation
aurumvault.net,PHISHING,3,brand-imitation
aurumvaultsco.com,PHISHING,3,brand-imitation
aus-claimlodgement.info,PHISHING,3,brand-imitation
ausbappverify.com,PHISHING,3,brand-imitation
ausclaimportals.info,PHISHING,3,brand-imitation
ausdirectclaimsdesk.info,PHISHING,3,brand-imitation
ausgovclaimportal.info,PHISHING,3,brand-imitation
aushelpclaims.online,PHISHING,3,brand-imitation
ausindbridge.info,PHISHING,3,brand-imitation
auspost-verify.com,PHISHING,3,brand-imitation
auspost-verify.net,PHISHING,3,brand-imitation
aussiechickfarm.com,PHISHING,3,brand-imitation
aussieclaim.info,PHISHING,3,brand-imitation
aussiecryptos.com,PHISHING,3,brand-imitation
austin-bergstromintairp.com,PHISHING,3,brand-imitation
australiacryptocenter.online,PHISHING,3,brand-imitation
australiafinancewallet.com,PHISHING,3,brand-imitation
australiancryptos.com,PHISHING,3,brand-imitation
australianfarm.com,PHISHING,3,brand-imitation
auszahlung-crypto.org,PHISHING,3,brand-imitation
autaxationclaimcenterserv.org,PHISHING,3,brand-imitation
autaxationclaimcentersv.org,PHISHING,3,brand-imitation
autaxationonlineclaimcenter.org,PHISHING,3,brand-imitation
auth-accountverify.xyz,PHISHING,3,brand-imitation
auth-kinectaverify.icu,PHISHING,3,brand-imitation
auth-oneclient-rbcverify.info,PHISHING,3,brand-imitation
auth-support-verify.com,PHISHING,3,brand-imitation
auth-verify-microsft.online,PHISHING,3,brand-imitation
auth-verify.help,PHISHING,3,brand-imitation
auth0claim.online,PHISHING,3,brand-imitation
auth0verify.help,PHISHING,3,brand-imitation
auth0verifyfacebook.help,PHISHING,3,brand-imitation
authenticateacessverify.help,PHISHING,3,brand-imitation
authentification01-verify1-online.com,PHISHING,3,brand-imitation
autheverify.com,PHISHING,3,brand-imitation
authlogonverify.help,PHISHING,3,brand-imitation
authonlineverify.help,PHISHING,3,brand-imitation
authorizedrefundclaim.life,PHISHING,3,brand-imitation
authors-vault.com,PHISHING,3,brand-imitation
authsharesverifytoday.com,PHISHING,3,brand-imitation
authverify-myaccount.click,PHISHING,3,brand-imitation
authverify.help,PHISHING,3,brand-imitation
authverify24.sbs,PHISHING,3,brand-imitation
authverifydisco.help,PHISHING,3,brand-imitation
auto-accident-claims.com,PHISHING,3,brand-imitation
auto-ewallet.com,PHISHING,3,brand-imitation
auto-verify.info,PHISHING,3,brand-imitation
autoaccidentinjuryclaim.com,PHISHING,3,brand-imitation
autobitcoinsignals.com,PHISHING,3,brand-imitation
autoclaimshelp.net,PHISHING,3,brand-imitation
autocryptomachine.com,PHISHING,3,brand-imitation
autocryptotradingfxtm.xyz,PHISHING,3,brand-imitation
autoewallet.net,PHISHING,3,brand-imitation
autogrowcryptotrade.com,PHISHING,3,brand-imitation
automatebitcoin.com,PHISHING,3,brand-imitation
automatedbitcoinmachine.com,PHISHING,3,brand-imitation
automatedcryptosignals.com,PHISHING,3,brand-imitation
automatictokens.com,PHISHING,3,brand-imitation
automating-learningmintelatring.icu,PHISHING,3,brand-imitation
autominingcryptoexchange.com,PHISHING,3,brand-imitation
autommintwo.digital,PHISHING,3,brand-imitation
autonagentwallet.com,PHISHING,3,brand-imitation
autonftsignals.com,PHISHING,3,brand-imitation
autopverify.xyz,PHISHING,3,brand-imitation
autostokenreward.xyz,PHISHING,3,brand-imitation
autoverifymyaulodge.click,PHISHING,3,brand-imitation
autoverifypro.com,PHISHING,3,brand-imitation
autumnhousefarm.com,PHISHING,3,brand-imitation
autumnsgatefarm.com,PHISHING,3,brand-imitation
autumnstonebridge.live,PHISHING,3,brand-imitation
auvtoken.xyz,PHISHING,3,brand-imitation
av-bridge.com,PHISHING,3,brand-imitation
avabitcoin.com,PHISHING,3,brand-imitation
avalanche-wallet.network,PHISHING,3,brand-imitation
avalon-claim.com,PHISHING,3,brand-imitation
avantfarme.com,PHISHING,3,brand-imitation
avaxbridge-app.xyz,PHISHING,3,brand-imitation
avaxtoken.com,PHISHING,3,brand-imitation
avaxtoken.org,PHISHING,3,brand-imitation
avaxtokens.com,PHISHING,3,brand-imitation
avaxwallet.com,PHISHING,3,brand-imitation
aviatorcrypto-bd.com,PHISHING,3,brand-imitation
aviatorwallet.support,PHISHING,3,brand-imitation
aviewfromthebridgebroadway.com,PHISHING,3,brand-imitation
avionbadmintonclub.com,PHISHING,3,brand-imitation
avivfarm.com,PHISHING,3,brand-imitation
avocatcrypto.info,PHISHING,3,brand-imitation
avofarmproduce.com,PHISHING,3,brand-imitation
avolisvaultify.com,PHISHING,3,brand-imitation
avsfarm.com,PHISHING,3,brand-imitation
awardfarmertubemuseum.boats,PHISHING,3,brand-imitation
awarewallet.com,PHISHING,3,brand-imitation
awstokens.org,PHISHING,3,brand-imitation
axefarmsng.com,PHISHING,3,brand-imitation
axieinfinity-claim.xyz,PHISHING,3,brand-imitation
axienftexchange.com,PHISHING,3,brand-imitation
axiomcustomerbridge.info,PHISHING,3,brand-imitation
axiomintltrading.com,PHISHING,3,brand-imitation
axiommintel.club,PHISHING,3,brand-imitation
axiomretailbridge.digital,PHISHING,3,brand-imitation
axiomretailbridge.world,PHISHING,3,brand-imitation
axiomretailbridge.xyz,PHISHING,3,brand-imitation
axiomvaccinevault.com,PHISHING,3,brand-imitation
axion-customer-bridge.digital,PHISHING,3,brand-imitation
axion-customer-bridge.world,PHISHING,3,brand-imitation
axion-customer-bridge.xyz,PHISHING,3,brand-imitation
axion-retail-bridge.world,PHISHING,3,brand-imitation
axion-retail-bridge.xyz,PHISHING,3,brand-imitation
axioncustomerbridgebank.info,PHISHING,3,brand-imitation
axioncustomerbridgemanagement.info,PHISHING,3,brand-imitation
axioncustomerbridges.digital,PHISHING,3,brand-imitation
axioncustomerbridges.world,PHISHING,3,brand-imitation
axioncustomerbridges.xyz,PHISHING,3,brand-imitation
axioncustomersbridge.digital,PHISHING,3,brand-imitation
axioncustomersbridge.world,PHISHING,3,brand-imitation
axioncustomersbridge.xyz,PHISHING,3,brand-imitation
axionretailbridgepartners.info,PHISHING,3,brand-imitation
axionretailbridges.digital,PHISHING,3,brand-imitation
axionretailbridges.world,PHISHING,3,brand-imitation
axionretailbridges.xyz,PHISHING,3,brand-imitation
axiontoken.com,PHISHING,3,brand-imitation
axisfarm.com,PHISHING,3,brand-imitation
axisfarms.com,PHISHING,3,brand-imitation
axondaoclaim.xyz,PHISHING,3,brand-imitation
axontoken.vip,PHISHING,3,brand-imitation
axotoken.com,PHISHING,3,brand-imitation
axowallet.com,PHISHING,3,brand-imitation
ayaminteractive.com,PHISHING,3,brand-imitation
aylafarms.com,PHISHING,3,brand-imitation
aymcrypto.com,PHISHING,3,brand-imitation
ayouxuanften.sbs,PHISHING,3,brand-imitation
ayouxuanfthree.sbs,PHISHING,3,brand-imitation
ayouxuanftwo.sbs,PHISHING,3,brand-imitation
azandairyfarm.com,PHISHING,3,brand-imitation
azure-key-vault.cfd,PHISHING,3,brand-imitation
azurevault.net,PHISHING,3,brand-imitation
azwayasmintakaful.com,PHISHING,3,brand-imitation
b2bdemo-cryptobroker.com,PHISHING,3,brand-imitation
b3mnft.sbs,PHISHING,3,brand-imitation
b4uwallet.com,PHISHING,3,brand-imitation
babeltoken.net,PHISHING,3,brand-imitation
babeltoken.org,PHISHING,3,brand-imitation
babeltokens.com,PHISHING,3,brand-imitation
babotoken.xyz,PHISHING,3,brand-imitation
babovebridge.xyz,PHISHING,3,brand-imitation
babyadatoken.com,PHISHING,3,brand-imitation
babybirdcrypto.org,PHISHING,3,brand-imitation
babydinosnft.com,PHISHING,3,brand-imitation
babydoge-claim.com,PHISHING,3,brand-imitation
babydoge-claim.xyz,PHISHING,3,brand-imitation
babydoge-claims.xyz,PHISHING,3,brand-imitation
babydogetoken.xyz,PHISHING,3,brand-imitation
babydogetokens.com,PHISHING,3,brand-imitation
babygrok-claims.xyz,PHISHING,3,brand-imitation
babysharktoken.xyz,PHISHING,3,brand-imitation
babywikicatclaim.online,PHISHING,3,brand-imitation
backend-crypto.com,PHISHING,3,brand-imitation
backuptrustwallet.com,PHISHING,3,brand-imitation
backupvaults.xyz,PHISHING,3,brand-imitation
backupwalletnode.com,PHISHING,3,brand-imitation
backupweb3vault.com,PHISHING,3,brand-imitation
backyardchickenfarming.com,PHISHING,3,brand-imitation
baconmints.com,PHISHING,3,brand-imitation
badandminton.com,PHISHING,3,brand-imitation
badberredfarmhash.com,PHISHING,3,brand-imitation
badclaim.com,PHISHING,3,brand-imitation
badfarmer.com,PHISHING,3,brand-imitation
badgeminter.com,PHISHING,3,brand-imitation
badgerfarmequip.com,PHISHING,3,brand-imitation
badminton.forum,PHISHING,3,brand-imitation
badmintonagenda.com,PHISHING,3,brand-imitation
badmintonandalucia.com,PHISHING,3,brand-imitation
badmintoncn.sbs,PHISHING,3,brand-imitation
badmintoncourt.com,PHISHING,3,brand-imitation
badmintondeal.com,PHISHING,3,brand-imitation
badmintondelight.com,PHISHING,3,brand-imitation
badmintonexperts.com,PHISHING,3,brand-imitation
badmintonfix.com,PHISHING,3,brand-imitation
badmintonhighlights.com,PHISHING,3,brand-imitation
badmintonmanufacturer.com,PHISHING,3,brand-imitation
badmintonnetting.com,PHISHING,3,brand-imitation
badmintonpedia.com,PHISHING,3,brand-imitation
badmintonreviews.net,PHISHING,3,brand-imitation
badmintonsales.com,PHISHING,3,brand-imitation
badmintonsupplier.com,PHISHING,3,brand-imitation
badmintontickets.com,PHISHING,3,brand-imitation
baftoken.org,PHISHING,3,brand-imitation
bahgatfarms.com,PHISHING,3,brand-imitation
bailbondsbridgeport.com,PHISHING,3,brand-imitation
baileyfarmsmaui.com,PHISHING,3,brand-imitation
bainbridgebrokeragellc.com,PHISHING,3,brand-imitation
bainbridgeinc.cam,PHISHING,3,brand-imitation
bainbridgeirealestate.com,PHISHING,3,brand-imitation
bainbridgenursing.com,PHISHING,3,brand-imitation
bainbridgenursinghome.com,PHISHING,3,brand-imitation
bainbridgenursinghomeandrehabilitationcenter.com,PHISHING,3,brand-imitation
baktiuniversalvaults.com,PHISHING,3,brand-imitation
balabiofarms.com,PHISHING,3,brand-imitation
balancebridgeline.com,PHISHING,3,brand-imitation
balancerclaim.lol,PHISHING,3,brand-imitation
baliskyfarms.com,PHISHING,3,brand-imitation
ballerina-farm.one,PHISHING,3,brand-imitation
ballerinafarm.one,PHISHING,3,brand-imitation
ballerinafarms.one,PHISHING,3,brand-imitation
ballerinafarms.site,PHISHING,3,brand-imitation
ballyclarebadminton.com,PHISHING,3,brand-imitation
balmintech.com,PHISHING,3,brand-imitation
baloianfarms.sbs,PHISHING,3,brand-imitation
baltimore-bridge-update.cfd,PHISHING,3,brand-imitation
baltimore-bridge.cfd,PHISHING,3,brand-imitation
baltozerfarms.com,PHISHING,3,brand-imitation
bamboofarmington.com,PHISHING,3,brand-imitation
bamboofarmingusa.com,PHISHING,3,brand-imitation
bamboofarmingusa.net,PHISHING,3,brand-imitation
bambridgeconsultingservices.com,PHISHING,3,brand-imitation
bambuwallet.link,PHISHING,3,brand-imitation
banatcrypto.com,PHISHING,3,brand-imitation
banddfarms.net,PHISHING,3,brand-imitation
banddsfarmvenue.com,PHISHING,3,brand-imitation
bangkokfarmersmarket.org,PHISHING,3,brand-imitation
banhmintea.com,PHISHING,3,brand-imitation
bank-verify.net,PHISHING,3,brand-imitation
bank2wallet.com,PHISHING,3,brand-imitation
bankcryptocentral.com,PHISHING,3,brand-imitation
bankersagainstbitcoin.org,PHISHING,3,brand-imitation
bankerscrypto.com,PHISHING,3,brand-imitation
bankinfoverify.info,PHISHING,3,brand-imitation
bankingcircleverify.com,PHISHING,3,brand-imitation
bankingwallet.info,PHISHING,3,brand-imitation
bankofamerica-loginverify.com,PHISHING,3,brand-imitation
bankofcambridge.com,PHISHING,3,brand-imitation
bankofrockbridge.com,PHISHING,3,brand-imitation
bankverify.pics,PHISHING,3,brand-imitation
bannerbridgeco.com,PHISHING,3,brand-imitation
bannerverify.info,PHISHING,3,brand-imitation
banolifarm.com,PHISHING,3,brand-imitation
banonyminty.sbs,PHISHING,3,brand-imitation
baptismintheholyspirit.org,PHISHING,3,brand-imitation
barakafarmskenya.com,PHISHING,3,brand-imitation
bargainvaulthub.com,PHISHING,3,brand-imitation
barkerfarmsllc.com,PHISHING,3,brand-imitation
barkingcowfarms.com,PHISHING,3,brand-imitation
barneyfarmsliving.com,PHISHING,3,brand-imitation
barneysfarmseeds.com,PHISHING,3,brand-imitation
barneytoken.xyz,PHISHING,3,brand-imitation
barry-callebauttalentvault.com,PHISHING,3,brand-imitation
bartendervault.com,PHISHING,3,brand-imitation
bartendervault.org,PHISHING,3,brand-imitation
base-claim.online,PHISHING,3,brand-imitation
base-token.sbs,PHISHING,3,brand-imitation
base-wallet.app,PHISHING,3,brand-imitation
base-wallet.help,PHISHING,3,brand-imitation
baseballstatisticsvault.com,PHISHING,3,brand-imitation
basedawgz-claim.xyz,PHISHING,3,brand-imitation
basedawgztoken.live,PHISHING,3,brand-imitation
basedegentoken.app,PHISHING,3,brand-imitation
basedegentoken.net,PHISHING,3,brand-imitation
basedegentokens.net,PHISHING,3,brand-imitation
basel-nft.com,PHISHING,3,brand-imitation
baselbridgepf.com,PHISHING,3,brand-imitation
basenftdrop.org,PHISHING,3,brand-imitation
basesvault-coinbase.com,PHISHING,3,brand-imitation
basetoken.sale,PHISHING,3,brand-imitation
basevaultsecure.com,PHISHING,3,brand-imitation
basevaultstorage.com,PHISHING,3,brand-imitation
basevaulttrust.com,PHISHING,3,brand-imitation
basewallet-ue.com,PHISHING,3,brand-imitation
basewallet-withdraw.help,PHISHING,3,brand-imitation
basewallet.help,PHISHING,3,brand-imitation
basewallet.team,PHISHING,3,brand-imitation
basewalletfinance.com,PHISHING,3,brand-imitation
basewalletinfo.help,PHISHING,3,brand-imitation
basewallets.com,PHISHING,3,brand-imitation
basewallets.help,PHISHING,3,brand-imitation
basiccrypto-capital.xyz,PHISHING,3,brand-imitation
basiccryptoskill.com,PHISHING,3,brand-imitation
basisbridge.com,PHISHING,3,brand-imitation
batchvault.com,PHISHING,3,brand-imitation
batchvault.net,PHISHING,3,brand-imitation
batoken.com,PHISHING,3,brand-imitation
batongtradingandfarms.com,PHISHING,3,brand-imitation
battleforcrypto.com,PHISHING,3,brand-imitation
battlemint.com,PHISHING,3,brand-imitation
battoken.icu,PHISHING,3,brand-imitation
baybunyamintam.xyz,PHISHING,3,brand-imitation
baytime-bridge.com,PHISHING,3,brand-imitation
bbbabbridge.xyz,PHISHING,3,brand-imitation
bbitcoin.com,PHISHING,3,brand-imitation
bbitcoin.org,PHISHING,3,brand-imitation
bbmintellegent.com,PHISHING,3,brand-imitation
bbmintelligent.com,PHISHING,3,brand-imitation
bbnwallet.com,PHISHING,3,brand-imitation
bbridge33capital.com,PHISHING,3,brand-imitation
bbridgecapital.org,PHISHING,3,brand-imitation
bbxbitcoin.com,PHISHING,3,brand-imitation
bc-claim.com,PHISHING,3,brand-imitation
bccryptomining.com,PHISHING,3,brand-imitation
bchainwallet.ltd,PHISHING,3,brand-imitation
bciticrypto.com,PHISHING,3,brand-imitation
bcunverify.icu,PHISHING,3,brand-imitation
bd-verify-6sz39acdzt.com,PHISHING,3,brand-imitation
bd-verify-gu7sqsxf6r.com,PHISHING,3,brand-imitation
beachtoken.com,PHISHING,3,brand-imitation
beaconbridgehq.com,PHISHING,3,brand-imitation
beaconbridgelab.com,PHISHING,3,brand-imitation
beaminteractive.com,PHISHING,3,brand-imitation
bearerbitcoin.com,PHISHING,3,brand-imitation
beastraeonbuyerbridge.lat,PHISHING,3,brand-imitation
beastraeonretailbridge.click,PHISHING,3,brand-imitation
beaststokens.com,PHISHING,3,brand-imitation
beasttokens.com,PHISHING,3,brand-imitation
beatbridge.dev,PHISHING,3,brand-imitation
beatvault.net,PHISHING,3,brand-imitation
beau-bridges.cfd,PHISHING,3,brand-imitation
beausbridge.com,PHISHING,3,brand-imitation
beautycreamvault.info,PHISHING,3,brand-imitation
beautycreamvaulthj.info,PHISHING,3,brand-imitation
beautycreamvaultmf.info,PHISHING,3,brand-imitation
beautycreamvaultmu.info,PHISHING,3,brand-imitation
beautycreamvaultqh.info,PHISHING,3,brand-imitation
beautycreamvaultqk.info,PHISHING,3,brand-imitation
beautycreamvaultqp.info,PHISHING,3,brand-imitation
beautycreamvaultsf.info,PHISHING,3,brand-imitation
bebridge.foundation,PHISHING,3,brand-imitation
becandbridge.xyz,PHISHING,3,brand-imitation
becryphosretailbridge.sbs,PHISHING,3,brand-imitation
becryphosretailbridge.xyz,PHISHING,3,brand-imitation
bedbridgescrew.org,PHISHING,3,brand-imitation
bedmintonbet.com,PHISHING,3,brand-imitation
bedroomintruder.com,PHISHING,3,brand-imitation
beermints.com,PHISHING,3,brand-imitation
beholdbitcoin.com,PHISHING,3,brand-imitation
belastingen-tr7qverify.info,PHISHING,3,brand-imitation
belemkomint.fun,PHISHING,3,brand-imitation
bellatoken.xyz,PHISHING,3,brand-imitation
bellco-sign0nverify.icu,PHISHING,3,brand-imitation
belraomint.click,PHISHING,3,brand-imitation
belugatoken.xyz,PHISHING,3,brand-imitation
belverderebridge.com,PHISHING,3,brand-imitation
bembridgeislandtours.com,PHISHING,3,brand-imitation
bembridgesc.net,PHISHING,3,brand-imitation
benchmark-token.com,PHISHING,3,brand-imitation
bene-bridge.com,PHISHING,3,brand-imitation
bengtoken.xyz,PHISHING,3,brand-imitation
benjamintheriot.com,PHISHING,3,brand-imitation
benjamintone.com,PHISHING,3,brand-imitation
benyamintoyotamedan.com,PHISHING,3,brand-imitation
beorvellavault.lat,PHISHING,3,brand-imitation
bepe-claim.com,PHISHING,3,brand-imitation
bepetoken.xyz,PHISHING,3,brand-imitation
beratoken.info,PHISHING,3,brand-imitation
berrytoken.info,PHISHING,3,brand-imitation
best-bitcoin-mining-pool.com,PHISHING,3,brand-imitation
best-crypto-wallet.cfd,PHISHING,3,brand-imitation
best-site-to-buy-bitcoins.com,PHISHING,3,brand-imitation
bestbitcoinbots.com,PHISHING,3,brand-imitation
bestbitcoincasinosaustralia.com,PHISHING,3,brand-imitation
bestbitcoinmining.com,PHISHING,3,brand-imitation
bestbitcoinreview.com,PHISHING,3,brand-imitation
bestbitcoinrobots.com,PHISHING,3,brand-imitation
bestbitcointumblers.cash,PHISHING,3,brand-imitation
bestclaimm.xyz,PHISHING,3,brand-imitation
bestgamesvault.com,PHISHING,3,brand-imitation
bestholidaysurprisevault.info,PHISHING,3,brand-imitation
bestnft.tips,PHISHING,3,brand-imitation
bestnfttoken.com,PHISHING,3,brand-imitation
bestofbitcoin.org,PHISHING,3,brand-imitation
bestoffervault.xyz,PHISHING,3,brand-imitation
besttokenupdate.info,PHISHING,3,brand-imitation
bestwaifunft.com,PHISHING,3,brand-imitation
bestwalletclaim.info,PHISHING,3,brand-imitation
bestwalletforbitcoin.com,PHISHING,3,brand-imitation
bestwallettoken.best,PHISHING,3,brand-imitation
bestwallettoken.email,PHISHING,3,brand-imitation
bestwallettoken.live,PHISHING,3,brand-imitation
bestwaytobuybitcoin.net,PHISHING,3,brand-imitation
bestwebsecretsvault.com,PHISHING,3,brand-imitation
bestwullettoken.com,PHISHING,3,brand-imitation
betoken.fund,PHISHING,3,brand-imitation
betokennews.com,PHISHING,3,brand-imitation
betternft.net,PHISHING,3,brand-imitation
bevor-ai-claim.xyz,PHISHING,3,brand-imitation
bevorai-claim.xyz,PHISHING,3,brand-imitation
bfadmintools.com,PHISHING,3,brand-imitation
bfi-cases-kroll-claims.xyz,PHISHING,3,brand-imitation
bfi-cases-kroll-verify.xyz,PHISHING,3,brand-imitation
bfi-claims.com,PHISHING,3,brand-imitation
bfi-kroll-distrib-claims.xyz,PHISHING,3,brand-imitation
bfi-kroll-distrib-verify.xyz,PHISHING,3,brand-imitation
bfi-vault.xyz,PHISHING,3,brand-imitation
bfic-claims.com,PHISHING,3,brand-imitation
bgsgemmint.com,PHISHING,3,brand-imitation
bibahisnft.com,PHISHING,3,brand-imitation
bibletokens.com,PHISHING,3,brand-imitation
biclaim.lat,PHISHING,3,brand-imitation
bifurtoken.xyz,PHISHING,3,brand-imitation
big-cash-claim.sbs,PHISHING,3,brand-imitation
big-claim.lat,PHISHING,3,brand-imitation
bigcashclaimloans.xyz,PHISHING,3,brand-imitation
bigcashclaimnow.lat,PHISHING,3,brand-imitation
bigclaimnow.world,PHISHING,3,brand-imitation
bigclaims.sbs,PHISHING,3,brand-imitation
bigcoin-claim.com,PHISHING,3,brand-imitation
bigwin-champion-claim-chance.autos,PHISHING,3,brand-imitation
bigwin-claim-search-congrats.autos,PHISHING,3,brand-imitation
bigwinchampionclaimchance.autos,PHISHING,3,brand-imitation
bigwinclaimgivingspecialoffer.autos,PHISHING,3,brand-imitation
bigwinclaimsearch.autos,PHISHING,3,brand-imitation
bigwinclaimsearchcongrats.autos,PHISHING,3,brand-imitation
bigwinluckyinstantwinclaim.autos,PHISHING,3,brand-imitation
bilibilitoken.xyz,PHISHING,3,brand-imitation
billions-claim.xyz,PHISHING,3,brand-imitation
billvault.com,PHISHING,3,brand-imitation
biminteriordesign.com,PHISHING,3,brand-imitation
binance-airdrop-claim.com,PHISHING,3,brand-imitation
binance-token.com,PHISHING,3,brand-imitation
binance-verify.com,PHISHING,3,brand-imitation
binancelifenft.com,PHISHING,3,brand-imitation
binanceverify.org,PHISHING,3,brand-imitation
binanciapoolverify.xyz,PHISHING,3,brand-imitation
bingotoken.info,PHISHING,3,brand-imitation
biocharvault.com,PHISHING,3,brand-imitation
biomassvault.com,PHISHING,3,brand-imitation
biotokens.org,PHISHING,3,brand-imitation
birchvault.com,PHISHING,3,brand-imitation
birdiebadminton.com,PHISHING,3,brand-imitation
birminghaminternet.com,PHISHING,3,brand-imitation
bison-verify.help,PHISHING,3,brand-imitation
bispclaim.online,PHISHING,3,brand-imitation
bit-verify.xyz,PHISHING,3,brand-imitation
bitc-vault.com,PHISHING,3,brand-imitation
bitcetftoken.pro,PHISHING,3,brand-imitation
bitclaim.monster,PHISHING,3,brand-imitation
bitcoin--price.com,PHISHING,3,brand-imitation
bitcoin-101.com,PHISHING,3,brand-imitation
bitcoin-2024.xyz,PHISHING,3,brand-imitation
bitcoin-2026.com,PHISHING,3,brand-imitation
bitcoin-25.net,PHISHING,3,brand-imitation
bitcoin-360.com,PHISHING,3,brand-imitation
bitcoin-account.com,PHISHING,3,brand-imitation
bitcoin-address-generator.com,PHISHING,3,brand-imitation
bitcoin-address-maker.com,PHISHING,3,brand-imitation
bitcoin-apex.bond,PHISHING,3,brand-imitation
bitcoin-apex.click,PHISHING,3,brand-imitation
bitcoin-apex.cloud,PHISHING,3,brand-imitation
bitcoin-apex.guru,PHISHING,3,brand-imitation
bitcoin-apex.help,PHISHING,3,brand-imitation
bitcoin-apex.pro,PHISHING,3,brand-imitation
bitcoin-apex.store,PHISHING,3,brand-imitation
bitcoin-apex.website,PHISHING,3,brand-imitation
bitcoin-archon.com,PHISHING,3,brand-imitation
bitcoin-banking.org,PHISHING,3,brand-imitation
bitcoin-banking.sbs,PHISHING,3,brand-imitation
bitcoin-can-change-your.life,PHISHING,3,brand-imitation
bitcoin-cash.org,PHISHING,3,brand-imitation
bitcoin-casino-otzyvy.com,PHISHING,3,brand-imitation
bitcoin-casino-uk.xyz,PHISHING,3,brand-imitation
bitcoin-casino.monster,PHISHING,3,brand-imitation
bitcoin-casino.reviews,PHISHING,3,brand-imitation
bitcoin-cloud-mining.net,PHISHING,3,brand-imitation
bitcoin-coinbase.help,PHISHING,3,brand-imitation
bitcoin-collector.com,PHISHING,3,brand-imitation
bitcoin-container.com,PHISHING,3,brand-imitation
bitcoin-decode.business,PHISHING,3,brand-imitation
bitcoin-decode.com,PHISHING,3,brand-imitation
bitcoin-decode.company,PHISHING,3,brand-imitation
bitcoin-decode.life,PHISHING,3,brand-imitation
bitcoin-decode.xyz,PHISHING,3,brand-imitation
bitcoin-dk-pris-xyz.cyou,PHISHING,3,brand-imitation
bitcoin-dresden.org,PHISHING,3,brand-imitation
bitcoin-edu.help,PHISHING,3,brand-imitation
bitcoin-etf-investment.info,PHISHING,3,brand-imitation
bitcoin-evolution.pro,PHISHING,3,brand-imitation
bitcoin-exchange.link,PHISHING,3,brand-imitation
bitcoin-exploit.com,PHISHING,3,brand-imitation
bitcoin-express.com,PHISHING,3,brand-imitation
bitcoin-fast-profit.com,PHISHING,3,brand-imitation
bitcoin-firm.com,PHISHING,3,brand-imitation
bitcoin-girls.com,PHISHING,3,brand-imitation
bitcoin-gpt-bot.sbs,PHISHING,3,brand-imitation
bitcoin-guru.net,PHISHING,3,brand-imitation
bitcoin-halving-clock.com,PHISHING,3,brand-imitation
bitcoin-halving-countdown.com,PHISHING,3,brand-imitation
bitcoin-hk.org,PHISHING,3,brand-imitation
bitcoin-hyip.com,PHISHING,3,brand-imitation
bitcoin-hyper.click,PHISHING,3,brand-imitation
bitcoin-hyper.sbs,PHISHING,3,brand-imitation
bitcoin-ira.net,PHISHING,3,brand-imitation
bitcoin-kran.com,PHISHING,3,brand-imitation
bitcoin-lottery.xyz,PHISHING,3,brand-imitation
bitcoin-ltd.com,PHISHING,3,brand-imitation
bitcoin-mart.com,PHISHING,3,brand-imitation
bitcoin-mindset.com,PHISHING,3,brand-imitation
bitcoin-miningrace.com,PHISHING,3,brand-imitation
bitcoin-mix.net,PHISHING,3,brand-imitation
bitcoin-mixer.com,PHISHING,3,brand-imitation
bitcoin-national.exchange,PHISHING,3,brand-imitation
bitcoin-nova.com,PHISHING,3,brand-imitation
bitcoin-outlet.com,PHISHING,3,brand-imitation
bitcoin-payment-gateway.com,PHISHING,3,brand-imitation
bitcoin-payment-processor.com,PHISHING,3,brand-imitation
bitcoin-payment.info,PHISHING,3,brand-imitation
bitcoin-preco-hoje-br-ool.cyou,PHISHING,3,brand-imitation
bitcoin-preco-hoje-br-opi.cyou,PHISHING,3,brand-imitation
bitcoin-price-usd.click,PHISHING,3,brand-imitation
bitcoin-price-usd1.info,PHISHING,3,brand-imitation
bitcoin-price-usd2.click,PHISHING,3,brand-imitation
bitcoin-price-usd2.info,PHISHING,3,brand-imitation
bitcoin-prijs-nederland-orw.cyou,PHISHING,3,brand-imitation
bitcoin-prime.live,PHISHING,3,brand-imitation
bitcoin-pris-se-yya.cyou,PHISHING,3,brand-imitation
bitcoin-profit.news,PHISHING,3,brand-imitation
bitcoin-pundit.com,PHISHING,3,brand-imitation
bitcoin-pundit.net,PHISHING,3,brand-imitation
bitcoin-puppets.com,PHISHING,3,brand-imitation
bitcoin-reichtum.info,PHISHING,3,brand-imitation
bitcoin-reports.com,PHISHING,3,brand-imitation
bitcoin-roulette.com,PHISHING,3,brand-imitation
bitcoin-sarah.com,PHISHING,3,brand-imitation
bitcoin-suisse.support,PHISHING,3,brand-imitation
bitcoin-supreme.org,PHISHING,3,brand-imitation
bitcoin-trader.live,PHISHING,3,brand-imitation
bitcoin-trading.cfd,PHISHING,3,brand-imitation
bitcoin-tumbler.com,PHISHING,3,brand-imitation
bitcoin-unlimited.com,PHISHING,3,brand-imitation
bitcoin-up.app,PHISHING,3,brand-imitation
bitcoin-visualizer.com,PHISHING,3,brand-imitation
bitcoin-wallet-generator.com,PHISHING,3,brand-imitation
bitcoin-wallet-maker.com,PHISHING,3,brand-imitation
bitcoin-web-wallet.com,PHISHING,3,brand-imitation
bitcoin-x.org,PHISHING,3,brand-imitation
bitcoin-xcel.com,PHISHING,3,brand-imitation
bitcoin-xyz.com,PHISHING,3,brand-imitation
bitcoin.black,PHISHING,3,brand-imitation
bitcoin.cricket,PHISHING,3,brand-imitation
bitcoin.faith,PHISHING,3,brand-imitation
bitcoin.foundation,PHISHING,3,brand-imitation
bitcoin.inc,PHISHING,3,brand-imitation
bitcoin.istanbul,PHISHING,3,brand-imitation
bitcoin.storage,PHISHING,3,brand-imitation
bitcoin.webcam,PHISHING,3,brand-imitation
bitcoin100.net,PHISHING,3,brand-imitation
bitcoin1004.com,PHISHING,3,brand-imitation
bitcoin1111.xyz,PHISHING,3,brand-imitation
bitcoin138.net,PHISHING,3,brand-imitation
bitcoin13xlexipro.lat,PHISHING,3,brand-imitation
bitcoin147.site,PHISHING,3,brand-imitation
bitcoin147.xyz,PHISHING,3,brand-imitation
bitcoin148.site,PHISHING,3,brand-imitation
bitcoin148.xyz,PHISHING,3,brand-imitation
bitcoin14xbumex.cfd,PHISHING,3,brand-imitation
bitcoin168.net,PHISHING,3,brand-imitation
bitcoin1on1.com,PHISHING,3,brand-imitation
bitcoin2023.net,PHISHING,3,brand-imitation
bitcoin2025.pro,PHISHING,3,brand-imitation
bitcoinblazetoken.net,PHISHING,3,brand-imitation
bitcoinblazetoken.org,PHISHING,3,brand-imitation
bitcoinsvault.com,PHISHING,3,brand-imitation
bitconblazetoken.com,PHISHING,3,brand-imitation
bitget-token.click,PHISHING,3,brand-imitation
bitget-token.club,PHISHING,3,brand-imitation
bitget-token.help,PHISHING,3,brand-imitation
bitget-token.info,PHISHING,3,brand-imitation
bitget-token.net,PHISHING,3,brand-imitation
bitget-token.site,PHISHING,3,brand-imitation
bitmintasic.com,PHISHING,3,brand-imitation
bitminted.com,PHISHING,3,brand-imitation
bitnft.com,PHISHING,3,brand-imitation
bitnfts.org,PHISHING,3,brand-imitation
bitpanda-claim.xyz,PHISHING,3,brand-imitation
bitswapixtokenpresale2025.click,PHISHING,3,brand-imitation
bitswapixtokenpresale2025.xyz,PHISHING,3,brand-imitation
bitswapixtokensale2025.click,PHISHING,3,brand-imitation
bitswapixtokensale2025.xyz,PHISHING,3,brand-imitation
bkcuverify.icu,PHISHING,3,brand-imitation
blackfungibletoken.com,PHISHING,3,brand-imitation
blackfungibletoken.org,PHISHING,3,brand-imitation
blackfungibletokens.com,PHISHING,3,brand-imitation
blackfungibletokens.org,PHISHING,3,brand-imitation
blackhistorytoken.com,PHISHING,3,brand-imitation
blackmint.rest,PHISHING,3,brand-imitation
blackrock-tokens.com,PHISHING,3,brand-imitation
blackrocktoken.info,PHISHING,3,brand-imitation
blackstreamints.com,PHISHING,3,brand-imitation
bladenft.com,PHISHING,3,brand-imitation
blawtoken.vip,PHISHING,3,brand-imitation
blawtoken.xyz,PHISHING,3,brand-imitation
blepetoken.xyz,PHISHING,3,brand-imitation
blfi-kroll-claims.com,PHISHING,3,brand-imitation
blincverifycheckout.click,PHISHING,3,brand-imitation
blincverifycheckout.info,PHISHING,3,brand-imitation
blincverifycheckout.world,PHISHING,3,brand-imitation
blincverifycheckout.xyz,PHISHING,3,brand-imitation
blipnft.com,PHISHING,3,brand-imitation
blisstoken.com,PHISHING,3,brand-imitation
blisstoken.xyz,PHISHING,3,brand-imitation
blnance-claim.com,PHISHING,3,brand-imitation
blndtoken.xyz,PHISHING,3,brand-imitation
block-fi-kroll-claimants.xyz,PHISHING,3,brand-imitation
block-token.com,PHISHING,3,brand-imitation
blockchainclaimdesk.com,PHISHING,3,brand-imitation
blockdagclaim.xyz,PHISHING,3,brand-imitation
blockfi-centerofclaims.com,PHISHING,3,brand-imitation
blockfi-claim-portal.xyz,PHISHING,3,brand-imitation
blockfi-claim.xyz,PHISHING,3,brand-imitation
blockfi-claims-center.com,PHISHING,3,brand-imitation
blockfi-claims-kroll.xyz,PHISHING,3,brand-imitation
blockfi-claims-pending.xyz,PHISHING,3,brand-imitation
blockfi-claims.org,PHISHING,3,brand-imitation
blockfi-claims.xyz,PHISHING,3,brand-imitation
blockfi-kroll-claims.xyz,PHISHING,3,brand-imitation
blockfikroll-bfiportal-claiming.xyz,PHISHING,3,brand-imitation
blockfikroll-bfiportal-claims.xyz,PHISHING,3,brand-imitation
blominternationaloperations.com,PHISHING,3,brand-imitation
blossomintoacowpoke.com,PHISHING,3,brand-imitation
bltoken.com,PHISHING,3,brand-imitation
blueberrymint.com,PHISHING,3,brand-imitation
bluefinclaim.bond,PHISHING,3,brand-imitation
bluefinclaim.cfd,PHISHING,3,brand-imitation
bluefinclaim.cyou,PHISHING,3,brand-imitation
bluemint.net,PHISHING,3,brand-imitation
bluemint.rest,PHISHING,3,brand-imitation
bluemint.sbs,PHISHING,3,brand-imitation
blueminti.link,PHISHING,3,brand-imitation
blur-nft.link,PHISHING,3,brand-imitation
blurbmint.world,PHISHING,3,brand-imitation
blushymint.com,PHISHING,3,brand-imitation
blxpnft.pics,PHISHING,3,brand-imitation
bmo-verifytransanctions.info,PHISHING,3,brand-imitation
bmo1user-verify.info,PHISHING,3,brand-imitation
bmoaccountverify.com,PHISHING,3,brand-imitation
bmobanking-verify.com,PHISHING,3,brand-imitation
bmobanking-verifyinfo.com,PHISHING,3,brand-imitation
bmobanking-verifyinfosecure.com,PHISHING,3,brand-imitation
bmobanking-verifysecure.com,PHISHING,3,brand-imitation
bmologinverify.com,PHISHING,3,brand-imitation
bnbnft.org,PHISHING,3,brand-imitation
bnmhbmmvgnftgg.life,PHISHING,3,brand-imitation
bo2faverify-auth.help,PHISHING,3,brand-imitation
bo2faverify.info,PHISHING,3,brand-imitation
boa-2faverify.help,PHISHING,3,brand-imitation
boa-loginverify.help,PHISHING,3,brand-imitation
boa-logonverify.help,PHISHING,3,brand-imitation
boa-logverify.help,PHISHING,3,brand-imitation
boa-onlineverify.help,PHISHING,3,brand-imitation
boa-secuverify.help,PHISHING,3,brand-imitation
boa-userverify.help,PHISHING,3,brand-imitation
boa-usrverify.help,PHISHING,3,brand-imitation
boa-verifyuser.help,PHISHING,3,brand-imitation
boldfreedominternational.com,PHISHING,3,brand-imitation
boltmint.com,PHISHING,3,brand-imitation
bonft.info,PHISHING,3,brand-imitation
boopnft.com,PHISHING,3,brand-imitation
boredapeartnfts.com,PHISHING,3,brand-imitation
boredapeavatarsnfts.com,PHISHING,3,brand-imitation
boxofmints.com,PHISHING,3,brand-imitation
bplnft.com,PHISHING,3,brand-imitation
brazilnft.com,PHISHING,3,brand-imitation
breakfreenft.com,PHISHING,3,brand-imitation
brezzermint.com,PHISHING,3,brand-imitation
bridgenft.com,PHISHING,3,brand-imitation
bristlemint.sbs,PHISHING,3,brand-imitation
brokermintwave.club,PHISHING,3,brand-imitation
brothatsmint.com,PHISHING,3,brand-imitation
bruinsnft.com,PHISHING,3,brand-imitation
brzdheim-mintex-cz.com,PHISHING,3,brand-imitation
btbadminton.com,PHISHING,3,brand-imitation
bubblesmint.com,PHISHING,3,brand-imitation
buildmint.net,PHISHING,3,brand-imitation
buildsofttechnomint.xyz,PHISHING,3,brand-imitation
burgersnft.com,PHISHING,3,brand-imitation
buynftbanknotes.com,PHISHING,3,brand-imitation
buynftfractions.com,PHISHING,3,brand-imitation
buynfts.com,PHISHING,3,brand-imitation
buysellnft.com,PHISHING,3,brand-imitation
bvildwithmint.com,PHISHING,3,brand-imitation
bwnfte.skin,PHISHING,3,brand-imitation
byebrumintas.com,PHISHING,3,brand-imitation
byoutreachmint.com,PHISHING,3,brand-imitation
bytemint.com,PHISHING,3,brand-imitation
calamint.xyz,PHISHING,3,brand-imitation
canft.link,PHISHING,3,brand-imitation
capsulemachinenft.com,PHISHING,3,brand-imitation
cardsnftrumps.site,PHISHING,3,brand-imitation
castiesnft.com,PHISHING,3,brand-imitation
castlenft.exchange,PHISHING,3,brand-imitation
cbnft.xyz,PHISHING,3,brand-imitation
celebrationft.com,PHISHING,3,brand-imitation
cheapnfttrade.com,PHISHING,3,brand-imitation
cipherpunks69nft.com,PHISHING,3,brand-imitation
citrusapenft.lol,PHISHING,3,brand-imitation
ckyvnfttox.rest,PHISHING,3,brand-imitation
claim-fugunft.com,PHISHING,3,brand-imitation
claimjup-nft.com,PHISHING,3,brand-imitation
claimjupsnft.com,PHISHING,3,brand-imitation
claimjupsnfts.com,PHISHING,3,brand-imitation
claimnft-yala.org,PHISHING,3,brand-imitation
claimnftyala.org,PHISHING,3,brand-imitation
claims-fugunft.com,PHISHING,3,brand-imitation
clicknft.net,PHISHING,3,brand-imitation
cnft04.sbs,PHISHING,3,brand-imitation
cnft168.com,PHISHING,3,brand-imitation
cnftregistry.com,PHISHING,3,brand-imitation
cnftscanner.com,PHISHING,3,brand-imitation
cnftv.link,PHISHING,3,brand-imitation
cnftw.com,PHISHING,3,brand-imitation
cocktailnfts.com,PHISHING,3,brand-imitation
cocnft.com,PHISHING,3,brand-imitation
coffnftyt.sbs,PHISHING,3,brand-imitation
coin-basednftswap.online,PHISHING,3,brand-imitation
coinbase-nft.net,PHISHING,3,brand-imitation
coinbase-nfts.com,PHISHING,3,brand-imitation
coinbasenft.exchange,PHISHING,3,brand-imitation
coinbasenft.help,PHISHING,3,brand-imitation
coinbasenfts.exchange,PHISHING,3,brand-imitation
coinbasenftsecure.com,PHISHING,3,brand-imitation
coinbasenftssupport.com,PHISHING,3,brand-imitation
coinbasewalletnfts.com,PHISHING,3,brand-imitation
coinftimwaces.com,PHISHING,3,brand-imitation
collecttrumpcardsnft.com,PHISHING,3,brand-imitation
com-exchange-nft1.icu,PHISHING,3,brand-imitation
com-exchange-nft100885.sbs,PHISHING,3,brand-imitation
com-exchange-nft101406.sbs,PHISHING,3,brand-imitation
com-exchange-nft104104.cfd,PHISHING,3,brand-imitation
com-exchange-nft109195.sbs,PHISHING,3,brand-imitation
com-exchange-nft109260.sbs,PHISHING,3,brand-imitation
com-exchange-nft110425.sbs,PHISHING,3,brand-imitation
com-exchange-nft111587.cfd,PHISHING,3,brand-imitation
com-exchange-nft113214.sbs,PHISHING,3,brand-imitation
com-exchange-nft115336.cfd,PHISHING,3,brand-imitation
com-exchange-nft116769.sbs,PHISHING,3,brand-imitation
com-exchange-nft121059.sbs,PHISHING,3,brand-imitation
com-exchange-nft124719.cfd,PHISHING,3,brand-imitation
com-exchange-nft125317.cfd,PHISHING,3,brand-imitation
com-exchange-nft129010.cfd,PHISHING,3,brand-imitation
com-exchange-nft129688.cfd,PHISHING,3,brand-imitation
com-exchange-nft130838.cfd,PHISHING,3,brand-imitation
com-exchange-nft134712.sbs,PHISHING,3,brand-imitation
com-exchange-nft137600.cfd,PHISHING,3,brand-imitation
com-exchange-nft137830.sbs,PHISHING,3,brand-imitation
com-exchange-nft13973.sbs,PHISHING,3,brand-imitation
com-exchange-nft141148.cfd,PHISHING,3,brand-imitation
com-exchange-nft144101.sbs,PHISHING,3,brand-imitation
com-exchange-nft148850.sbs,PHISHING,3,brand-imitation
com-exchange-nft148865.sbs,PHISHING,3,brand-imitation
com-exchange-nft150404.sbs,PHISHING,3,brand-imitation
com-exchange-nft152120.sbs,PHISHING,3,brand-imitation
com-exchange-nft153772.sbs,PHISHING,3,brand-imitation
com-exchange-nft154519.cfd,PHISHING,3,brand-imitation
com-exchange-nft157371.sbs,PHISHING,3,brand-imitation
com-exchange-nft160091.sbs,PHISHING,3,brand-imitation
com-exchange-nft162829.cfd,PHISHING,3,brand-imitation
com-exchange-nft16686.sbs,PHISHING,3,brand-imitation
com-exchange-nft170157.cfd,PHISHING,3,brand-imitation
com-exchange-nft172680.sbs,PHISHING,3,brand-imitation
com-exchange-nft173541.cfd,PHISHING,3,brand-imitation
com-exchange-nft175688.sbs,PHISHING,3,brand-imitation
com-exchange-nft177342.sbs,PHISHING,3,brand-imitation
com-exchange-nft178500.sbs,PHISHING,3,brand-imitation
com-exchange-nft179970.cfd,PHISHING,3,brand-imitation
com-exchange-nft180208.cfd,PHISHING,3,brand-imitation
com-exchange-nft18101.cfd,PHISHING,3,brand-imitation
com-exchange-nft18416.cfd,PHISHING,3,brand-imitation
com-exchange-nft191865.cfd,PHISHING,3,brand-imitation
com-exchange-nft196100.cfd,PHISHING,3,brand-imitation
com-exchange-nft196390.cfd,PHISHING,3,brand-imitation
com-exchange-nft196934.sbs,PHISHING,3,brand-imitation
com-exchange-nft2.icu,PHISHING,3,brand-imitation
com-exchange-nft201640.cfd,PHISHING,3,brand-imitation
com-exchange-nft208073.cfd,PHISHING,3,brand-imitation
com-exchange-nft212039.sbs,PHISHING,3,brand-imitation
com-exchange-nft218651.sbs,PHISHING,3,brand-imitation
com-exchange-nft22006.sbs,PHISHING,3,brand-imitation
com-exchange-nft221483.cfd,PHISHING,3,brand-imitation
com-exchange-nft222182.cfd,PHISHING,3,brand-imitation
com-exchange-nft224068.cfd,PHISHING,3,brand-imitation
com-exchange-nft22426.cfd,PHISHING,3,brand-imitation
com-exchange-nft225060.cfd,PHISHING,3,brand-imitation
com-exchange-nft238051.cfd,PHISHING,3,brand-imitation
com-exchange-nft238142.sbs,PHISHING,3,brand-imitation
com-exchange-nft241938.cfd,PHISHING,3,brand-imitation
com-exchange-nft244674.cfd,PHISHING,3,brand-imitation
com-exchange-nft244935.cfd,PHISHING,3,brand-imitation
com-exchange-nft247371.sbs,PHISHING,3,brand-imitation
com-exchange-nft249413.sbs,PHISHING,3,brand-imitation
com-exchange-nft249493.sbs,PHISHING,3,brand-imitation
com-exchange-nft251747.sbs,PHISHING,3,brand-imitation
com-exchange-nft253505.sbs,PHISHING,3,brand-imitation
com-exchange-nft258062.cfd,PHISHING,3,brand-imitation
com-exchange-nft25982.sbs,PHISHING,3,brand-imitation
com-exchange-nft26081.cfd,PHISHING,3,brand-imitation
com-exchange-nft262202.cfd,PHISHING,3,brand-imitation
com-exchange-nft265256.sbs,PHISHING,3,brand-imitation
com-exchange-nft265450.sbs,PHISHING,3,brand-imitation
com-exchange-nft266678.cfd,PHISHING,3,brand-imitation
com-exchange-nft268807.sbs,PHISHING,3,brand-imitation
com-exchange-nft270422.cfd,PHISHING,3,brand-imitation
com-exchange-nft270927.sbs,PHISHING,3,brand-imitation
com-exchange-nft273670.cfd,PHISHING,3,brand-imitation
com-exchange-nft275665.sbs,PHISHING,3,brand-imitation
com-exchange-nft279472.cfd,PHISHING,3,brand-imitation
com-exchange-nft279975.cfd,PHISHING,3,brand-imitation
90v5dpv.xyz,SUSPICIOUS,2,serial-registrant
54702pf.xyz,SUSPICIOUS,2,serial-registrant
anglehero.sbs,SUSPICIOUS,2,serial-registrant
3ndf5.com,SUSPICIOUS,2,serial-registrant
b5o3v.com,SUSPICIOUS,2,serial-registrant
acscomponents.com,SUSPICIOUS,2,serial-registrant
aitopoutdoors.com,SUSPICIOUS,2,serial-registrant
circlesquaretriangle.org,SUSPICIOUS,2,serial-registrant
lzpfvymqjg.help,SUSPICIOUS,2,serial-registrant
secretdesignguru.com,SUSPICIOUS,2,serial-registrant
blerotiv.com,SUSPICIOUS,2,serial-registrant
dqzsbgb.xyz,SUSPICIOUS,2,serial-registrant
1y2ue5.vip,SUSPICIOUS,2,serial-registrant
aoncash88.net,SUSPICIOUS,2,serial-registrant
enterexpansio.com,SUSPICIOUS,2,serial-registrant
axlelabstore.com,SUSPICIOUS,2,serial-registrant
11m80.xyz,SUSPICIOUS,2,serial-registrant
acceleratewithexpansio.com,SUSPICIOUS,2,serial-registrant
globalpropertypartners.net,SUSPICIOUS,2,serial-registrant
brookwick.com,SUSPICIOUS,2,serial-registrant
bogotasub.quest,SUSPICIOUS,2,serial-registrant
cc8yxo.lat,SUSPICIOUS,2,serial-registrant
klientbboost.com,SUSPICIOUS,2,serial-registrant
aasseller.com,SUSPICIOUS,2,serial-registrant
candyog.sbs,SUSPICIOUS,2,serial-registrant
openfactor.sbs,SUSPICIOUS,2,serial-registrant
turkifsaclub26.sbs,SUSPICIOUS,2,serial-registrant
phinehasmanchala.com,SUSPICIOUS,2,serial-registrant
prevoyance-mes-obseques.com,SUSPICIOUS,2,serial-registrant
5x5xa.xyz,SUSPICIOUS,2,serial-registrant
91hlww.com,SUSPICIOUS,2,serial-registrant
diytoyy.com,SUSPICIOUS,2,serial-registrant
seeutilitydrillingpro.com,SUSPICIOUS,2,serial-registrant
foy.works,SUSPICIOUS,2,serial-registrant
expandtodayexpansio.com,SUSPICIOUS,2,serial-registrant
gen3m.net,SUSPICIOUS,2,serial-registrant
002gh.xyz,SUSPICIOUS,2,serial-registrant
017ty.xyz,SUSPICIOUS,2,serial-registrant
bukhara-win-uz.club,SUSPICIOUS,2,serial-registrant
meritjing2009.com,SUSPICIOUS,2,serial-registrant
54b5r9k.xyz,SUSPICIOUS,2,serial-registrant
midibluetooth.com,SUSPICIOUS,2,serial-registrant
67661110.com,SUSPICIOUS,2,serial-registrant
seesportspro.com,SUSPICIOUS,2,serial-registrant
angeltradinggroup.com,SUSPICIOUS,2,serial-registrant
0806766.com,SUSPICIOUS,2,serial-registrant
cgrnpracticequestions.com,SUSPICIOUS,2,serial-registrant
djynpxbmkz.help,SUSPICIOUS,2,serial-registrant
11n11.xyz,SUSPICIOUS,2,serial-registrant
hdflipspacesinteriordesign.com,SUSPICIOUS,2,serial-registrant
meritkimg1689.com,SUSPICIOUS,2,serial-registrant
merirking2009.com,SUSPICIOUS,2,serial-registrant
corpcotiza.com,SUSPICIOUS,2,serial-registrant
driveocity.com,SUSPICIOUS,2,serial-registrant
newsuncustomcanvas.com,SUSPICIOUS,2,serial-registrant
91pn109.cc,SUSPICIOUS,2,serial-registrant
bet359.sbs,SUSPICIOUS,2,serial-registrant
bbgcdn.com,SUSPICIOUS,2,serial-registrant
flipspacesofficedesigns.com,SUSPICIOUS,2,serial-registrant
seevirtualrealitypro.com,SUSPICIOUS,2,serial-registrant
arahsakong.net,SUSPICIOUS,2,serial-registrant
qc5nvk.casa,SUSPICIOUS,2,serial-registrant
16kp89mm.xyz,SUSPICIOUS,2,serial-registrant
seecrmpro.com,SUSPICIOUS,2,serial-registrant
9t7waz2.xyz,SUSPICIOUS,2,serial-registrant
hainbows.com,SUSPICIOUS,2,serial-registrant
theairbrushexpert.com,SUSPICIOUS,2,serial-registrant
cleaninsides.com,SUSPICIOUS,2,serial-registrant
nu3ioz.cfd,SUSPICIOUS,2,serial-registrant
c6z7z.com,SUSPICIOUS,2,serial-registrant
91chi-c91.wiki,SUSPICIOUS,2,serial-registrant
indicohn.com,SUSPICIOUS,2,serial-registrant
021fp.xyz,SUSPICIOUS,2,serial-registrant
chicken-ua.sbs,SUSPICIOUS,2,serial-registrant
15rtpidr508.org,SUSPICIOUS,2,serial-registrant
jiukun18.autos,SUSPICIOUS,2,serial-registrant
drezix2.com,SUSPICIOUS,2,serial-registrant
51chig.blog,SUSPICIOUS,2,serial-registrant
arronc.com,SUSPICIOUS,2,serial-registrant
3z1ic.com,SUSPICIOUS,2,serial-registrant
betlabeles.life,SUSPICIOUS,2,serial-registrant
91pn101.cc,SUSPICIOUS,2,serial-registrant
d0g3zk.buzz,SUSPICIOUS,2,serial-registrant
klientbooost.com,SUSPICIOUS,2,serial-registrant
17mp56.vip,SUSPICIOUS,2,serial-registrant
boldexpansio.com,SUSPICIOUS,2,serial-registrant
turkifsaclub29.sbs,SUSPICIOUS,2,serial-registrant
003bl.com,SUSPICIOUS,2,serial-registrant
8e7fy2v.xyz,SUSPICIOUS,2,serial-registrant
cighaus.com,SUSPICIOUS,2,serial-registrant
205nn.xyz,SUSPICIOUS,2,serial-registrant
binaryparcel.com,SUSPICIOUS,2,serial-registrant
91pn147.cc,SUSPICIOUS,2,serial-registrant
daggame.com,SUSPICIOUS,2,serial-registrant
jiukun36.autos,SUSPICIOUS,2,serial-registrant
51chiguaw.bar,SUSPICIOUS,2,serial-registrant
meeitking2015.com,SUSPICIOUS,2,serial-registrant
californiahoa.tax,SUSPICIOUS,2,serial-registrant
91sp-dh.wiki,SUSPICIOUS,2,serial-registrant
ckdesignguru.com,SUSPICIOUS,2,serial-registrant
biometrical.com,SUSPICIOUS,2,serial-registrant
bayartogel.org,SUSPICIOUS,2,serial-registrant
pin-mtto.com,SUSPICIOUS,2,serial-registrant
b7v7s.com,SUSPICIOUS,2,serial-registrant
adersa.com,SUSPICIOUS,2,serial-registrant
3dmodelscanning.com,SUSPICIOUS,2,serial-registrant
beogaming.org,SUSPICIOUS,2,serial-registrant
turkifsaclub101.sbs,SUSPICIOUS,2,serial-registrant
mon-astuce-radiateur-electrique.com,SUSPICIOUS,2,serial-registrant
010fp.xyz,SUSPICIOUS,2,serial-registrant
019chi.xyz,SUSPICIOUS,2,serial-registrant
biztiko.com,SUSPICIOUS,2,serial-registrant
klervion.com,SUSPICIOUS,2,serial-registrant
navxolit.help,SUSPICIOUS,2,serial-registrant
bantery.com,SUSPICIOUS,2,serial-registrant
3ghehe.com,SUSPICIOUS,2,serial-registrant
ne4dfy.lat,SUSPICIOUS,2,serial-registrant
macaooffroad.com,SUSPICIOUS,2,serial-registrant
propertytaxforeclosurerefund.com,SUSPICIOUS,2,serial-registrant
aezaa.com,SUSPICIOUS,2,serial-registrant
birototojayajaya.com,SUSPICIOUS,2,serial-registrant
aflox.com,SUSPICIOUS,2,serial-registrant
e-z-rect.com,SUSPICIOUS,2,serial-registrant
bymuk2b.xyz,SUSPICIOUS,2,serial-registrant
bluelunchbox.com,SUSPICIOUS,2,serial-registrant
turkifsa444.sbs,SUSPICIOUS,2,serial-registrant
5tbm98uk.vip,SUSPICIOUS,2,serial-registrant
comfyzoneusllc.com,SUSPICIOUS,2,serial-registrant
turkifsaclub-7.sbs,SUSPICIOUS,2,serial-registrant
flipspacesinteriorus.com,SUSPICIOUS,2,serial-registrant
ascotdoors.com,SUSPICIOUS,2,serial-registrant
clubhouse1.sbs,SUSPICIOUS,2,serial-registrant
bigpot99.org,SUSPICIOUS,2,serial-registrant
designgurupapi.com,SUSPICIOUS,2,serial-registrant
turkifsaclub114.sbs,SUSPICIOUS,2,serial-registrant
afoundz.com,SUSPICIOUS,2,serial-registrant
dompetslot.org,SUSPICIOUS,2,serial-registrant
employmatic.com,SUSPICIOUS,2,serial-registrant
ajwlab.sbs,SUSPICIOUS,2,serial-registrant
digitalrims.com,SUSPICIOUS,2,serial-registrant
0040ch.xyz,SUSPICIOUS,2,serial-registrant
huanqiu29.cc,SUSPICIOUS,2,serial-registrant
kboostedoptimize.com,SUSPICIOUS,2,serial-registrant
hf1yxw.qpon,SUSPICIOUS,2,serial-registrant
guidetalk.com,SUSPICIOUS,2,serial-registrant
csqaexamquestions.com,SUSPICIOUS,2,serial-registrant
a8u2y.com,SUSPICIOUS,2,serial-registrant
professordesignguru.com,SUSPICIOUS,2,serial-registrant
samuyelbairagi.com,SUSPICIOUS,2,serial-registrant
hormelvatinqx.help,SUSPICIOUS,2,serial-registrant
glenix9.com,SUSPICIOUS,2,serial-registrant
pbtmlsqdyg.help,SUSPICIOUS,2,serial-registrant
ejvkzwpbmq.help,SUSPICIOUS,2,serial-registrant
cgsupportserviceslimited.com,SUSPICIOUS,2,serial-registrant
cbjlawfirmukk.com,SUSPICIOUS,2,serial-registrant
22za9ta.xyz,SUSPICIOUS,2,serial-registrant
anchortidy.sbs,SUSPICIOUS,2,serial-registrant
001skz.xyz,SUSPICIOUS,2,serial-registrant
5d5jjg6.xyz,SUSPICIOUS,2,serial-registrant
earthelectrical.net,SUSPICIOUS,2,serial-registrant
btzey.pics,SUSPICIOUS,2,serial-registrant
mdrealtor1.com,SUSPICIOUS,2,serial-registrant
bettiltwinwin.ink,SUSPICIOUS,2,serial-registrant
turkifsaclub103.sbs,SUSPICIOUS,2,serial-registrant
91se-91q.wiki,SUSPICIOUS,2,serial-registrant
16kp90gg.xyz,SUSPICIOUS,2,serial-registrant
bomjudi88.org,SUSPICIOUS,2,serial-registrant
5rbgl1r.xyz,SUSPICIOUS,2,serial-registrant
axoxo.com,SUSPICIOUS,2,serial-registrant
cdnpracticetest.com,SUSPICIOUS,2,serial-registrant
erektilnipilulky.com,SUSPICIOUS,2,serial-registrant
alphaaromaticsinc.com,SUSPICIOUS,2,serial-registrant
dronex.lat,SUSPICIOUS,2,serial-registrant
nex3rybe.com,SUSPICIOUS,2,serial-registrant
p4eels.cfd,SUSPICIOUS,2,serial-registrant
aptpracticetest.com,SUSPICIOUS,2,serial-registrant
seelawyerpro.com,SUSPICIOUS,2,serial-registrant
jamios.com,SUSPICIOUS,2,serial-registrant
turkifsaclub60.sbs,SUSPICIOUS,2,serial-registrant
fotografiranjevile.com,SUSPICIOUS,2,serial-registrant
00chsp.xyz,SUSPICIOUS,2,serial-registrant
investaccountancy.net,SUSPICIOUS,2,serial-registrant
ikercuentas.com,SUSPICIOUS,2,serial-registrant
seethefinancepro.com,SUSPICIOUS,2,serial-registrant
apinhiemvu.net,SUSPICIOUS,2,serial-registrant
turkifsaclub53.sbs,SUSPICIOUS,2,serial-registrant
imagehabit.sbs,SUSPICIOUS,2,serial-registrant
patientdesignguru.com,SUSPICIOUS,2,serial-registrant
hjycbearing.com,SUSPICIOUS,2,serial-registrant
turkifsaclub59.sbs,SUSPICIOUS,2,serial-registrant
pensacolagardenclub.com,SUSPICIOUS,2,serial-registrant
123gacor.org,SUSPICIOUS,2,serial-registrant
fridayvibezllc.com,SUSPICIOUS,2,serial-registrant
designgurublocks.com,SUSPICIOUS,2,serial-registrant
7wbx3dk.xyz,SUSPICIOUS,2,serial-registrant
cea8egd.xyz,SUSPICIOUS,2,serial-registrant
aksaratraining.com,SUSPICIOUS,2,serial-registrant
2ax02.work,SUSPICIOUS,2,serial-registrant
aplhot.pics,SUSPICIOUS,2,serial-registrant
cashhour.com,SUSPICIOUS,2,serial-registrant
chinabikerims.com,SUSPICIOUS,2,serial-registrant
battlejam.com,SUSPICIOUS,2,serial-registrant
16kp16ee.xyz,SUSPICIOUS,2,serial-registrant
app-merkur-de.life,SUSPICIOUS,2,serial-registrant
beast777.ink,SUSPICIOUS,2,serial-registrant
funtoto77.org,SUSPICIOUS,2,serial-registrant
dz1bch.lat,SUSPICIOUS,2,serial-registrant
turkifsaclub001.sbs,SUSPICIOUS,2,serial-registrant
558850.com,SUSPICIOUS,2,serial-registrant
airsessions.com,SUSPICIOUS,2,serial-registrant
bestgamesever.life,SUSPICIOUS,2,serial-registrant
profilekey.sbs,SUSPICIOUS,2,serial-registrant
meritkimg1684.com,SUSPICIOUS,2,serial-registrant
2021108.com,SUSPICIOUS,2,serial-registrant
022et.xyz,SUSPICIOUS,2,serial-registrant
aintere.com,SUSPICIOUS,2,serial-registrant
evitppracticetest.com,SUSPICIOUS,2,serial-registrant
flipspacescommercialdesignusa.com,SUSPICIOUS,2,serial-registrant
goalhosting.com,SUSPICIOUS,2,serial-registrant
005atk.xyz,SUSPICIOUS,2,serial-registrant
angkringan88.net,SUSPICIOUS,2,serial-registrant
78bbiz.com,SUSPICIOUS,2,serial-registrant
1slicer.com,SUSPICIOUS,2,serial-registrant
meritkimg2010.com,SUSPICIOUS,2,serial-registrant
4iragent.com,SUSPICIOUS,2,serial-registrant
digiom.com,SUSPICIOUS,2,serial-registrant
01leg.xyz,SUSPICIOUS,2,serial-registrant
cswpracticeexam.com,SUSPICIOUS,2,serial-registrant
8gea2d8.xyz,SUSPICIOUS,2,serial-registrant
cubsplayershop.com,SUSPICIOUS,2,serial-registrant
adsfa.org,SUSPICIOUS,2,serial-registrant
pawenzi.com,SUSPICIOUS,2,serial-registrant
87m3d7n.xyz,SUSPICIOUS,2,serial-registrant
turkifsaclub.sbs,SUSPICIOUS,2,serial-registrant
certifiedbookkeeperexam.com,SUSPICIOUS,2,serial-registrant
hynqvkczpg.help,SUSPICIOUS,2,serial-registrant
arjoke.live,SUSPICIOUS,2,serial-registrant
mx-design.live,SUSPICIOUS,2,serial-registrant
designguruprofessor.com,SUSPICIOUS,2,serial-registrant
anthonymayer.net,SUSPICIOUS,2,serial-registrant
flipspacenewyork.com,SUSPICIOUS,2,serial-registrant
afnn.com,SUSPICIOUS,2,serial-registrant
apexmegatechs.com,SUSPICIOUS,2,serial-registrant
bovendersgms.com,SUSPICIOUS,2,serial-registrant
glazeover.com,SUSPICIOUS,2,serial-registrant
771win.life,SUSPICIOUS,2,serial-registrant
wordalivefoundationfellowship.org,SUSPICIOUS,2,serial-registrant
02jpm.xyz,SUSPICIOUS,2,serial-registrant
seebankingpro.com,SUSPICIOUS,2,serial-registrant
miamilegalmalpractice.com,SUSPICIOUS,2,serial-registrant
balidesignguru.com,SUSPICIOUS,2,serial-registrant
baixakifilmesgratuitos.net,SUSPICIOUS,2,serial-registrant
rotaryclubofibadan.org,SUSPICIOUS,2,serial-registrant
asiahoki55.org,SUSPICIOUS,2,serial-registrant
024ty.xyz,SUSPICIOUS,2,serial-registrant
91pn190.cc,SUSPICIOUS,2,serial-registrant
91shippin.com,SUSPICIOUS,2,serial-registrant
atmosathome.com,SUSPICIOUS,2,serial-registrant
clintmart.com,SUSPICIOUS,2,serial-registrant
auctimo.com,SUSPICIOUS,2,serial-registrant
indexsmart.sbs,SUSPICIOUS,2,serial-registrant
jiukun5.autos,SUSPICIOUS,2,serial-registrant
91pn133.cc,SUSPICIOUS,2,serial-registrant
deneaws.com,SUSPICIOUS,2,serial-registrant
amager-kasinoet.ink,SUSPICIOUS,2,serial-registrant
belijitu99.net,SUSPICIOUS,2,serial-registrant
cindox.com,SUSPICIOUS,2,serial-registrant
meritjing1697.com,SUSPICIOUS,2,serial-registrant
forumalign.sbs,SUSPICIOUS,2,serial-registrant
027qw.xyz,SUSPICIOUS,2,serial-registrant
flipspaceny.com,SUSPICIOUS,2,serial-registrant
91bao-liaow.wiki,SUSPICIOUS,2,serial-registrant
lqxkcrvydn.help,SUSPICIOUS,2,serial-registrant
5oagoct.xyz,SUSPICIOUS,2,serial-registrant
burstsocial.net,SUSPICIOUS,2,serial-registrant
3g8u0.buzz,SUSPICIOUS,2,serial-registrant
121ck.org,SUSPICIOUS,2,serial-registrant
divadesignguru.com,SUSPICIOUS,2,serial-registrant
003et.xyz,SUSPICIOUS,2,serial-registrant
akunjp777.org,SUSPICIOUS,2,serial-registrant
directshiftwithexpansio.com,SUSPICIOUS,2,serial-registrant
91-luanlun.wiki,SUSPICIOUS,2,serial-registrant
klientbprospect.com,SUSPICIOUS,2,serial-registrant
iamgiven.vip,SUSPICIOUS,2,serial-registrant
certifieddentaltechnicianpracticetest.com,SUSPICIOUS,2,serial-registrant
huanqiu32.cc,SUSPICIOUS,2,serial-registrant
2ife7dw.vip,SUSPICIOUS,2,serial-registrant
iphonerepairalorsetar.com,SUSPICIOUS,2,serial-registrant
11n14.xyz,SUSPICIOUS,2,serial-registrant
meritbet2007.com,SUSPICIOUS,2,serial-registrant
dghprstyqv.help,SUSPICIOUS,2,serial-registrant
designgurucal.com,SUSPICIOUS,2,serial-registrant
547bq8y.xyz,SUSPICIOUS,2,serial-registrant
akslot.contact,SUSPICIOUS,2,serial-registrant
advancewithexpansio.com,SUSPICIOUS,2,serial-registrant
bolabesar36.org,SUSPICIOUS,2,serial-registrant
cazoca.com,SUSPICIOUS,2,serial-registrant
henexlogisticsolution.pro,SUSPICIOUS,2,serial-registrant
autotradersny.com,SUSPICIOUS,2,serial-registrant
huanqiu20.cc,SUSPICIOUS,2,serial-registrant
015han.xyz,SUSPICIOUS,2,serial-registrant
mon-guide-manufacture-aubusson.com,SUSPICIOUS,2,serial-registrant
91pn162.cc,SUSPICIOUS,2,serial-registrant
artflowplr.com,SUSPICIOUS,2,serial-registrant
hardbeanmerrick.com,SUSPICIOUS,2,serial-registrant
neutralweb.sbs,SUSPICIOUS,2,serial-registrant
b1t7w.com,SUSPICIOUS,2,serial-registrant
eksmtradinginc.com,SUSPICIOUS,2,serial-registrant
sxsefilmfest.com,SUSPICIOUS,2,serial-registrant
cbta227.com,SUSPICIOUS,2,serial-registrant
coolerm.com,SUSPICIOUS,2,serial-registrant
67661116.com,SUSPICIOUS,2,serial-registrant
dikorbox.com,SUSPICIOUS,2,serial-registrant
losgraff.com,SUSPICIOUS,2,serial-registrant
oqjmgbltrx.help,SUSPICIOUS,2,serial-registrant
caribbeanmoldremoval.com,SUSPICIOUS,2,serial-registrant
nhytgbrfvc.help,SUSPICIOUS,2,serial-registrant
91pn198.cc,SUSPICIOUS,2,serial-registrant
91-haijiao.com,SUSPICIOUS,2,serial-registrant
aplwow.pics,SUSPICIOUS,2,serial-registrant
a5tdqsk.xyz,SUSPICIOUS,2,serial-registrant
bjeq884.xyz,SUSPICIOUS,2,serial-registrant
klientboostedgrowth.com,SUSPICIOUS,2,serial-registrant
6s5gu.com,SUSPICIOUS,2,serial-registrant
014vx.com,SUSPICIOUS,2,serial-registrant
turkifsaclub69.sbs,SUSPICIOUS,2,serial-registrant
ba4vkx.sbs,SUSPICIOUS,2,serial-registrant
k245z.buzz,SUSPICIOUS,2,serial-registrant
6088029.com,SUSPICIOUS,2,serial-registrant
gslcexamquestions.com,SUSPICIOUS,2,serial-registrant
seegigpro.com,SUSPICIOUS,2,serial-registrant
apruvo.com,SUSPICIOUS,2,serial-registrant
5weylyk.xyz,SUSPICIOUS,2,serial-registrant
noqjzfvkrm.help,SUSPICIOUS,2,serial-registrant
51chiigua.blog,SUSPICIOUS,2,serial-registrant
6766341.com,SUSPICIOUS,2,serial-registrant
seemobilerepairpro.com,SUSPICIOUS,2,serial-registrant
5gxdust.xyz,SUSPICIOUS,2,serial-registrant
dcsmotion.pics,SUSPICIOUS,2,serial-registrant
magicnpc.com,SUSPICIOUS,2,serial-registrant
engagewithexpansio.com,SUSPICIOUS,2,serial-registrant
flipspacesdesignusa.com,SUSPICIOUS,2,serial-registrant
seetelemedpro.com,SUSPICIOUS,2,serial-registrant
bellson.net,SUSPICIOUS,2,serial-registrant
bqcynflxmv.help,SUSPICIOUS,2,serial-registrant
betistapl.life,SUSPICIOUS,2,serial-registrant
seedivorcepro.com,SUSPICIOUS,2,serial-registrant
kboostedfunnels.com,SUSPICIOUS,2,serial-registrant
mjuyhgtfrd.help,SUSPICIOUS,2,serial-registrant
8ys0qbh.xyz,SUSPICIOUS,2,serial-registrant
chspracticetest.com,SUSPICIOUS,2,serial-registrant
admin168slot.org,SUSPICIOUS,2,serial-registrant
huanqiu33.cc,SUSPICIOUS,2,serial-registrant
originalssauceddiamondsstore.com,SUSPICIOUS,2,serial-registrant
estimation-radiateur-inertie.com,SUSPICIOUS,2,serial-registrant
dsplfzmcbq.help,SUSPICIOUS,2,serial-registrant
seevirtualreality.com,SUSPICIOUS,2,serial-registrant
6766346.com,SUSPICIOUS,2,serial-registrant
turkifsa58.sbs,SUSPICIOUS,2,serial-registrant
1pz38.xyz,SUSPICIOUS,2,serial-registrant
coilsstore.com,SUSPICIOUS,2,serial-registrant
ionpeptide.online,SUSPICIOUS,2,serial-registrant
jxkqzcmrfl.help,SUSPICIOUS,2,serial-registrant
ctdwyqrxmk.help,SUSPICIOUS,2,serial-registrant
ijqkfzmrnl.help,SUSPICIOUS,2,serial-registrant
opqzkfnmrc.help,SUSPICIOUS,2,serial-registrant
expansiogrow.com,SUSPICIOUS,2,serial-registrant
boostbux.com,SUSPICIOUS,2,serial-registrant
51hlv.com,SUSPICIOUS,2,serial-registrant
jingyepackaging.com,SUSPICIOUS,2,serial-registrant
023wy.xyz,SUSPICIOUS,2,serial-registrant
mrdesignguru.com,SUSPICIOUS,2,serial-registrant
adspacelab.com,SUSPICIOUS,2,serial-registrant
beginhealthy.com,SUSPICIOUS,2,serial-registrant
91sipin.com,SUSPICIOUS,2,serial-registrant
o6dwpt.qpon,SUSPICIOUS,2,serial-registrant
a9lvpe.qpon,SUSPICIOUS,2,serial-registrant
pgvqznmbrd.help,SUSPICIOUS,2,serial-registrant
ayojudi188.org,SUSPICIOUS,2,serial-registrant
ecomltllc.com,SUSPICIOUS,2,serial-registrant
91chigua-competition.com,SUSPICIOUS,2,serial-registrant
mwnpbgfhyv.help,SUSPICIOUS,2,serial-registrant
crtqbnjswv.help,SUSPICIOUS,2,serial-registrant
ballonix-win.com,SUSPICIOUS,2,serial-registrant
davtemlornixq.help,SUSPICIOUS,2,serial-registrant
drexiton.com,SUSPICIOUS,2,serial-registrant
abadiqq.net,SUSPICIOUS,2,serial-registrant
seecheckcashingpro.com,SUSPICIOUS,2,serial-registrant
flipspacesdesignsboston.com,SUSPICIOUS,2,serial-registrant
seeringpro.com,SUSPICIOUS,2,serial-registrant
6766317.com,SUSPICIOUS,2,serial-registrant
amazonitelian.ink,SUSPICIOUS,2,serial-registrant
allstarguide.com,SUSPICIOUS,2,serial-registrant
gruascarela.com,SUSPICIOUS,2,serial-registrant
klientbooststudio.com,SUSPICIOUS,2,serial-registrant
011chi.xyz,SUSPICIOUS,2,serial-registrant
az-formation.com,SUSPICIOUS,2,serial-registrant
api808.org,SUSPICIOUS,2,serial-registrant
bestenspiele.site,SUSPICIOUS,2,serial-registrant
gtsxdbqchw.help,SUSPICIOUS,2,serial-registrant
5q8ae2e.xyz,SUSPICIOUS,2,serial-registrant
bolotto.icu,SUSPICIOUS,2,serial-registrant
1qy5rp.vip,SUSPICIOUS,2,serial-registrant
bgt5znb.xyz,SUSPICIOUS,2,serial-registrant
3cxfqt.vip,SUSPICIOUS,2,serial-registrant
klientboostppc.com,SUSPICIOUS,2,serial-registrant
jiukun11.autos,SUSPICIOUS,2,serial-registrant
clubtravaux-fen-1.com,SUSPICIOUS,2,serial-registrant
arvvo.com,SUSPICIOUS,2,serial-registrant
0023ch.xyz,SUSPICIOUS,2,serial-registrant
c3r7r.com,SUSPICIOUS,2,serial-registrant
1ba55u.vip,SUSPICIOUS,2,serial-registrant
bet303qq.net,SUSPICIOUS,2,serial-registrant
turkifsaclub3.sbs,SUSPICIOUS,2,serial-registrant
techmaq-ingenieros.com,SUSPICIOUS,2,serial-registrant
pweldermachine.com,SUSPICIOUS,2,serial-registrant
58jmk5b.xyz,SUSPICIOUS,2,serial-registrant
listandsellwithjenn.com,SUSPICIOUS,2,serial-registrant
9q2whuw.xyz,SUSPICIOUS,2,serial-registrant
0024ch.xyz,SUSPICIOUS,2,serial-registrant
54zew.com,SUSPICIOUS,2,serial-registrant
roamagile.com,SUSPICIOUS,2,serial-registrant
69sp69.com,SUSPICIOUS,2,serial-registrant
merirking1676.com,SUSPICIOUS,2,serial-registrant
eagerdense.sbs,SUSPICIOUS,2,serial-registrant
11m78.xyz,SUSPICIOUS,2,serial-registrant
bitadex.com,SUSPICIOUS,2,serial-registrant
gleniton.com,SUSPICIOUS,2,serial-registrant
mq3bzo.casa,SUSPICIOUS,2,serial-registrant
andrewpinder.com,SUSPICIOUS,2,serial-registrant
kombiparcamarketi.com,SUSPICIOUS,2,serial-registrant
akzwrhdqmp.help,SUSPICIOUS,2,serial-registrant
biz8b02.com,SUSPICIOUS,2,serial-registrant
b4x9f.com,SUSPICIOUS,2,serial-registrant
ht9hen.casa,SUSPICIOUS,2,serial-registrant
a2arisk.com,SUSPICIOUS,2,serial-registrant
aplpop.pics,SUSPICIOUS,2,serial-registrant
jnciapracticetest.com,SUSPICIOUS,2,serial-registrant
7ne2vvc.xyz,SUSPICIOUS,2,serial-registrant
goldmetalinvestments.com,SUSPICIOUS,2,serial-registrant
004kc.com,SUSPICIOUS,2,serial-registrant
dingdongtogel88.net,SUSPICIOUS,2,serial-registrant
meritkimg1698.com,SUSPICIOUS,2,serial-registrant
55rdgke.xyz,SUSPICIOUS,2,serial-registrant
admit2.com,SUSPICIOUS,2,serial-registrant
i7sboi.casa,SUSPICIOUS,2,serial-registrant
designgurucy.com,SUSPICIOUS,2,serial-registrant
bitmonify.com,SUSPICIOUS,2,serial-registrant
miofienlanube.com,SUSPICIOUS,2,serial-registrant
clairestone.info,SUSPICIOUS,2,serial-registrant
api33.lat,SUSPICIOUS,2,serial-registrant
greciaaccesorios.com,SUSPICIOUS,2,serial-registrant
seeiotbillingpro.com,SUSPICIOUS,2,serial-registrant
11m86.xyz,SUSPICIOUS,2,serial-registrant
11n23.xyz,SUSPICIOUS,2,serial-registrant
f4loya.qpon,SUSPICIOUS,2,serial-registrant
777polandgame.life,SUSPICIOUS,2,serial-registrant
5spgsyz.xyz,SUSPICIOUS,2,serial-registrant
77klikbet.net,SUSPICIOUS,2,serial-registrant
002bl.com,SUSPICIOUS,2,serial-registrant
gqdrkxnfzm.help,SUSPICIOUS,2,serial-registrant
biz8b01.com,SUSPICIOUS,2,serial-registrant
6766110.vip,SUSPICIOUS,2,serial-registrant
0951o3.vip,SUSPICIOUS,2,serial-registrant
accountrabbit.com,SUSPICIOUS,2,serial-registrant
024chi.xyz,SUSPICIOUS,2,serial-registrant
abbet88.org,SUSPICIOUS,2,serial-registrant
blzsnd02.com,SUSPICIOUS,2,serial-registrant
flipspaceinterior.com,SUSPICIOUS,2,serial-registrant
turkifsaclub33.sbs,SUSPICIOUS,2,serial-registrant
16kp88bb.xyz,SUSPICIOUS,2,serial-registrant
element115inc.com,SUSPICIOUS,2,serial-registrant
allinjwin.com,SUSPICIOUS,2,serial-registrant
commercialflipspaces.com,SUSPICIOUS,2,serial-registrant
dealtech365.com,SUSPICIOUS,2,serial-registrant
aplq.pics,SUSPICIOUS,2,serial-registrant
huanqiu30.cc,SUSPICIOUS,2,serial-registrant
immforum.com,SUSPICIOUS,2,serial-registrant
jingyaoindustry.com,SUSPICIOUS,2,serial-registrant
clipdesignguru.com,SUSPICIOUS,2,serial-registrant
mexicoadventours.com,SUSPICIOUS,2,serial-registrant
bdxlqcmngj.help,SUSPICIOUS,2,serial-registrant
sidevisionengineering.com,SUSPICIOUS,2,serial-registrant
boostwithexpansio.com,SUSPICIOUS,2,serial-registrant
ew9djy.lat,SUSPICIOUS,2,serial-registrant
5niv1rf.xyz,SUSPICIOUS,2,serial-registrant
t3vwmm.cfd,SUSPICIOUS,2,serial-registrant
002yp.com,SUSPICIOUS,2,serial-registrant
agocash.com,SUSPICIOUS,2,serial-registrant
blitzium.com,SUSPICIOUS,2,serial-registrant
kuzion.com,SUSPICIOUS,2,serial-registrant
blockcrossing.com,SUSPICIOUS,2,serial-registrant
designgurufriend.com,SUSPICIOUS,2,serial-registrant
deilab.sbs,SUSPICIOUS,2,serial-registrant
00mmp.xyz,SUSPICIOUS,2,serial-registrant
adz-au.com,SUSPICIOUS,2,serial-registrant
ma-solution-pompeachaleur.com,SUSPICIOUS,2,serial-registrant
px8buy.buzz,SUSPICIOUS,2,serial-registrant
mes-devis-radiateur.com,SUSPICIOUS,2,serial-registrant
5005meritking.com,SUSPICIOUS,2,serial-registrant
investaccountancy.org,SUSPICIOUS,2,serial-registrant
efmservices.com,SUSPICIOUS,2,serial-registrant
cinta303slot.org,SUSPICIOUS,2,serial-registrant
intencare.sbs,SUSPICIOUS,2,serial-registrant
cotaexamprep.com,SUSPICIOUS,2,serial-registrant
91pn111.cc,SUSPICIOUS,2,serial-registrant
agilora.com,SUSPICIOUS,2,serial-registrant
9n8mvww.xyz,SUSPICIOUS,2,serial-registrant
abc-xyz-cr3.com,SUSPICIOUS,2,serial-registrant
kwdvhcrbjm.help,SUSPICIOUS,2,serial-registrant
cecpexamquestions.com,SUSPICIOUS,2,serial-registrant
designgurupath.com,SUSPICIOUS,2,serial-registrant
20dhetk.xyz,SUSPICIOUS,2,serial-registrant
btqfzpmrgv.help,SUSPICIOUS,2,serial-registrant
supernetbd.com,SUSPICIOUS,2,serial-registrant
55ddom6.xyz,SUSPICIOUS,2,serial-registrant
67662052.com,SUSPICIOUS,2,serial-registrant
halvertomip.help,SUSPICIOUS,2,serial-registrant
etaclapspiths.space,SUSPICIOUS,2,serial-registrant
spiritedit.sbs,SUSPICIOUS,2,serial-registrant
aqpuvtd.xyz,SUSPICIOUS,2,serial-registrant
merirking2015.com,SUSPICIOUS,2,serial-registrant
meritjing2002.com,SUSPICIOUS,2,serial-registrant
airfieldinfo.com,SUSPICIOUS,2,serial-registrant
drexiron.com,SUSPICIOUS,2,serial-registrant
avrglass.com,SUSPICIOUS,2,serial-registrant
bonbon99.org,SUSPICIOUS,2,serial-registrant
designguruwithyou.com,SUSPICIOUS,2,serial-registrant
betflixslotauto.net,SUSPICIOUS,2,serial-registrant
atapbajaringanjogja.com,SUSPICIOUS,2,serial-registrant
bet200th.com,SUSPICIOUS,2,serial-registrant
badsociety.xyz,SUSPICIOUS,2,serial-registrant
ctnmix.pics,SUSPICIOUS,2,serial-registrant
meritkimg1651.com,SUSPICIOUS,2,serial-registrant
a-host-me.xyz,SUSPICIOUS,2,serial-registrant
turkifsa911.sbs,SUSPICIOUS,2,serial-registrant
ajwbuy.sbs,SUSPICIOUS,2,serial-registrant
dnfgbvkjwp.help,SUSPICIOUS,2,serial-registrant
b9organicenergy.com,SUSPICIOUS,2,serial-registrant
solution-audition.com,SUSPICIOUS,2,serial-registrant
krr98.sbs,SUSPICIOUS,2,serial-registrant
beastplay.pics,SUSPICIOUS,2,serial-registrant
b7l8f.com,SUSPICIOUS,2,serial-registrant
asiamax03a.net,SUSPICIOUS,2,serial-registrant
calmvoices.com,SUSPICIOUS,2,serial-registrant
blumery.com,SUSPICIOUS,2,serial-registrant
biz8b09.com,SUSPICIOUS,2,serial-registrant
instituteforhumanpotential.com,SUSPICIOUS,2,serial-registrant
seebeerpro.com,SUSPICIOUS,2,serial-registrant
002atk.xyz,SUSPICIOUS,2,serial-registrant
51-dongman.wiki,SUSPICIOUS,2,serial-registrant
y3e1wx.cfd,SUSPICIOUS,2,serial-registrant
astrotrack.com,SUSPICIOUS,2,serial-registrant
hbpackings.com,SUSPICIOUS,2,serial-registrant
jiukun30.autos,SUSPICIOUS,2,serial-registrant
16kp90ff.xyz,SUSPICIOUS,2,serial-registrant
5l30h.cfd,SUSPICIOUS,2,serial-registrant
anzauniclan.org,SUSPICIOUS,2,serial-registrant
meeitking2001.com,SUSPICIOUS,2,serial-registrant
mes-devis-photovoltaique.com,SUSPICIOUS,2,serial-registrant
000chi.xyz,SUSPICIOUS,2,serial-registrant
023qw.xyz,SUSPICIOUS,2,serial-registrant
deanew.sbs,SUSPICIOUS,2,serial-registrant
0053ch.xyz,SUSPICIOUS,2,serial-registrant
onlinedesignguru.com,SUSPICIOUS,2,serial-registrant
turkifsaclub55.sbs,SUSPICIOUS,2,serial-registrant
cube303.net,SUSPICIOUS,2,serial-registrant
bitazy.com,SUSPICIOUS,2,serial-registrant
designerflipspaces.com,SUSPICIOUS,2,serial-registrant
51-chiga.wiki,SUSPICIOUS,2,serial-registrant
jd1ta.work,SUSPICIOUS,2,serial-registrant
nvmpakistan.org,SUSPICIOUS,2,serial-registrant
51shiipin.com,SUSPICIOUS,2,serial-registrant
eikonika.com,SUSPICIOUS,2,serial-registrant
ogqbmzfrlk.help,SUSPICIOUS,2,serial-registrant
flipspaceusarealty.com,SUSPICIOUS,2,serial-registrant
berkah-amanah.com,SUSPICIOUS,2,serial-registrant
guide-de-la-tapisserie.com,SUSPICIOUS,2,serial-registrant
seehairpro.com,SUSPICIOUS,2,serial-registrant
jiujielectric.com,SUSPICIOUS,2,serial-registrant
boostforwardexpansio.com,SUSPICIOUS,2,serial-registrant
gidiagent.com,SUSPICIOUS,2,serial-registrant
jiukun17.autos,SUSPICIOUS,2,serial-registrant
8z7hzhq.xyz,SUSPICIOUS,2,serial-registrant
flipspacescommercialdesignus.com,SUSPICIOUS,2,serial-registrant
perupotencia.com,SUSPICIOUS,2,serial-registrant
003chi.xyz,SUSPICIOUS,2,serial-registrant
frienddesignguru.com,SUSPICIOUS,2,serial-registrant
clubtravaux-2.com,SUSPICIOUS,2,serial-registrant
backendtechnologiesdev.com,SUSPICIOUS,2,serial-registrant
024et.xyz,SUSPICIOUS,2,serial-registrant
meeitking1689.com,SUSPICIOUS,2,serial-registrant
002kc.com,SUSPICIOUS,2,serial-registrant
a7lp0.com,SUSPICIOUS,2,serial-registrant
blora-news.com,SUSPICIOUS,2,serial-registrant
bonniequinnmmo.com,SUSPICIOUS,2,serial-registrant
engingeng88.org,SUSPICIOUS,2,serial-registrant
meritjing2010.com,SUSPICIOUS,2,serial-registrant
10000dollarcars.com,SUSPICIOUS,2,serial-registrant
flipspacesusdigital.com,SUSPICIOUS,2,serial-registrant
austr.life,SUSPICIOUS,2,serial-registrant
kboostedads.com,SUSPICIOUS,2,serial-registrant
flipspacesdesignsonline.com,SUSPICIOUS,2,serial-registrant
cspaipracticetest.com,SUSPICIOUS,2,serial-registrant
grahakartinigresik.com,SUSPICIOUS,2,serial-registrant
learnlinepro.com,SUSPICIOUS,2,serial-registrant
51cgg.blog,SUSPICIOUS,2,serial-registrant
liveecrm.com,SUSPICIOUS,2,serial-registrant
atnkenya.org,SUSPICIOUS,2,serial-registrant
jumuiyachess.com,SUSPICIOUS,2,serial-registrant
plerotiv.com,SUSPICIOUS,2,serial-registrant
normalreal.sbs,SUSPICIOUS,2,serial-registrant
dreamwithexpansio.com,SUSPICIOUS,2,serial-registrant
207nn.xyz,SUSPICIOUS,2,serial-registrant
rm8drw.lat,SUSPICIOUS,2,serial-registrant
checkexpansio.com,SUSPICIOUS,2,serial-registrant
klientboostedla.com,SUSPICIOUS,2,serial-registrant
16kp16qq.xyz,SUSPICIOUS,2,serial-registrant
americansoftlinenllc.com,SUSPICIOUS,2,serial-registrant
jdtreeservicellc.com,SUSPICIOUS,2,serial-registrant
aprpracticetest.com,SUSPICIOUS,2,serial-registrant
cdxamay.com,SUSPICIOUS,2,serial-registrant
adultvideogames.com,SUSPICIOUS,2,serial-registrant
cu8oeu.casa,SUSPICIOUS,2,serial-registrant
002et.xyz,SUSPICIOUS,2,serial-registrant
67662054.com,SUSPICIOUS,2,serial-registrant
gxmvznpkjl.help,SUSPICIOUS,2,serial-registrant
awancumulus.com,SUSPICIOUS,2,serial-registrant
0054ch.xyz,SUSPICIOUS,2,serial-registrant
bleraxon.com,SUSPICIOUS,2,serial-registrant
binancememe.org,SUSPICIOUS,2,serial-registrant
arizonington.com,SUSPICIOUS,2,serial-registrant
flipspacesdesigniq.com,SUSPICIOUS,2,serial-registrant
1506766.com,SUSPICIOUS,2,serial-registrant
marijuanalawyermiami.com,SUSPICIOUS,2,serial-registrant
5plq3c.vip,SUSPICIOUS,2,serial-registrant
bryanind.com,SUSPICIOUS,2,serial-registrant
friliton.com,SUSPICIOUS,2,serial-registrant
51sping.com,SUSPICIOUS,2,serial-registrant
6766117.vip,SUSPICIOUS,2,serial-registrant
97recipes.com,SUSPICIOUS,2,serial-registrant
aub-nkm.com,SUSPICIOUS,2,serial-registrant
chicklabmastersapp.life,SUSPICIOUS,2,serial-registrant
91pn163.cc,SUSPICIOUS,2,serial-registrant
gooddesignguru.com,SUSPICIOUS,2,serial-registrant
klervy0.com,SUSPICIOUS,2,serial-registrant
faradayapparels.com,SUSPICIOUS,2,serial-registrant
4if1u.com,SUSPICIOUS,2,serial-registrant
ifahelpline.com,SUSPICIOUS,2,serial-registrant
77klik.net,SUSPICIOUS,2,serial-registrant
turkifsaclub-13.sbs,SUSPICIOUS,2,serial-registrant
flipspacescommercialdesignsusa.com,SUSPICIOUS,2,serial-registrant
51cgzd.com,SUSPICIOUS,2,serial-registrant
geniro.qpon,SUSPICIOUS,2,serial-registrant
solution-monte-escalier.net,SUSPICIOUS,2,serial-registrant
014wy.xyz,SUSPICIOUS,2,serial-registrant
e2vn9hm.xyz,SUSPICIOUS,2,serial-registrant
adjuust.com,SUSPICIOUS,2,serial-registrant
hyipmaker11.com,SUSPICIOUS,2,serial-registrant
121payment.com,SUSPICIOUS,2,serial-registrant
39zqnr8.xyz,SUSPICIOUS,2,serial-registrant
003yp.com,SUSPICIOUS,2,serial-registrant
cd3lqx.cfd,SUSPICIOUS,2,serial-registrant
findfaults.com,SUSPICIOUS,2,serial-registrant
t5kwvl.lat,SUSPICIOUS,2,serial-registrant
bladeace.com,SUSPICIOUS,2,serial-registrant
auslots.ink,SUSPICIOUS,2,serial-registrant
017fp.xyz,SUSPICIOUS,2,serial-registrant
1pz17.xyz,SUSPICIOUS,2,serial-registrant
cable-cen-01.com,SUSPICIOUS,2,serial-registrant
0022ch.xyz,SUSPICIOUS,2,serial-registrant
003rt.com,SUSPICIOUS,2,serial-registrant
cladexamquestions.com,SUSPICIOUS,2,serial-registrant
2021146.com,SUSPICIOUS,2,serial-registrant
bormelvatinqx.help,SUSPICIOUS,2,serial-registrant
buyerm.com,SUSPICIOUS,2,serial-registrant
e2m2d.com,SUSPICIOUS,2,serial-registrant
flipspacesdesignideas.com,SUSPICIOUS,2,serial-registrant
high-worth.com,SUSPICIOUS,2,serial-registrant
91s-hip.wiki,SUSPICIOUS,2,serial-registrant
ballerlifeindo.info,SUSPICIOUS,2,serial-registrant
strategicdesignguru.com,SUSPICIOUS,2,serial-registrant
51ccgua.wiki,SUSPICIOUS,2,serial-registrant
aqua-graviton.com,SUSPICIOUS,2,serial-registrant
e0m2n.com,SUSPICIOUS,2,serial-registrant
beta-naruto-aventura.com,SUSPICIOUS,2,serial-registrant
2021106.com,SUSPICIOUS,2,serial-registrant
arculex.com,SUSPICIOUS,2,serial-registrant
seegolfingpro.com,SUSPICIOUS,2,serial-registrant
l1aozs.cfd,SUSPICIOUS,2,serial-registrant
3a8wd.com,SUSPICIOUS,2,serial-registrant
citpracticeexam.com,SUSPICIOUS,2,serial-registrant
51sq-sqq51.wiki,SUSPICIOUS,2,serial-registrant
008skz.xyz,SUSPICIOUS,2,serial-registrant
9pb3y.com,SUSPICIOUS,2,serial-registrant
furnilivinginc.com,SUSPICIOUS,2,serial-registrant
67660037.com,SUSPICIOUS,2,serial-registrant
4ije5.cfd,SUSPICIOUS,2,serial-registrant
cycleoff.com,SUSPICIOUS,2,serial-registrant
5cvvsok.xyz,SUSPICIOUS,2,serial-registrant
01gjm.xyz,SUSPICIOUS,2,serial-registrant
designdesignguru.com,SUSPICIOUS,2,serial-registrant
51cg-heiliao.com,SUSPICIOUS,2,serial-registrant
0008ch.xyz,SUSPICIOUS,2,serial-registrant
ingenuitybuilder.com,SUSPICIOUS,2,serial-registrant
ermbqgzknt.help,SUSPICIOUS,2,serial-registrant
inkdesignguru.com,SUSPICIOUS,2,serial-registrant
javtemlornixq.help,SUSPICIOUS,2,serial-registrant
huanqiu13.cc,SUSPICIOUS,2,serial-registrant
lxnghwyscq.help,SUSPICIOUS,2,serial-registrant
91pn199.cc,SUSPICIOUS,2,serial-registrant
hw3gup.cfd,SUSPICIOUS,2,serial-registrant
2025solana.net,SUSPICIOUS,2,serial-registrant
51cgg.icu,SUSPICIOUS,2,serial-registrant
e2v5h.com,SUSPICIOUS,2,serial-registrant
turkifsaclub27.sbs,SUSPICIOUS,2,serial-registrant
klientboostfunnels.com,SUSPICIOUS,2,serial-registrant
expansiostrategy.com,SUSPICIOUS,2,serial-registrant
1906766.com,SUSPICIOUS,2,serial-registrant
91sq.wiki,SUSPICIOUS,2,serial-registrant
bunsenburner.com,SUSPICIOUS,2,serial-registrant
casapirus.net,SUSPICIOUS,2,serial-registrant
macao-offroad.com,SUSPICIOUS,2,serial-registrant
altratio.com,SUSPICIOUS,2,serial-registrant
bar118.net,SUSPICIOUS,2,serial-registrant
devis-pompe-a-chaleur-efficace.com,SUSPICIOUS,2,serial-registrant
91pn132.cc,SUSPICIOUS,2,serial-registrant
chollima-group.com,SUSPICIOUS,2,serial-registrant
schoolofdecorng.com,SUSPICIOUS,2,serial-registrant
rigssh.work,SUSPICIOUS,2,serial-registrant
4dcrot.net,SUSPICIOUS,2,serial-registrant
drcristianavalosjonhston.com,SUSPICIOUS,2,serial-registrant
16kp33ww.xyz,SUSPICIOUS,2,serial-registrant
bet88asia.org,SUSPICIOUS,2,serial-registrant
kooflag.com,SUSPICIOUS,2,serial-registrant
bindusservices.com,SUSPICIOUS,2,serial-registrant
bangch.pics,SUSPICIOUS,2,serial-registrant
baginda178.net,SUSPICIOUS,2,serial-registrant
bluepewter.com,SUSPICIOUS,2,serial-registrant
aruspoker.org,SUSPICIOUS,2,serial-registrant
mon-estimation-pompeachaleur.com,SUSPICIOUS,2,serial-registrant
hukykeuye.org,SUSPICIOUS,2,serial-registrant
jiukun16.autos,SUSPICIOUS,2,serial-registrant
certifiedhealthphysicistexamprep.com,SUSPICIOUS,2,serial-registrant
seetechpro.com,SUSPICIOUS,2,serial-registrant
dependabledenvertowingcompany.com,SUSPICIOUS,2,serial-registrant
ascendstrategies.org,SUSPICIOUS,2,serial-registrant
baxterbet.life,SUSPICIOUS,2,serial-registrant
armanicasino.live,SUSPICIOUS,2,serial-registrant
associationoflloydsmembers.com,SUSPICIOUS,2,serial-registrant
67660031.com,SUSPICIOUS,2,serial-registrant
blduzn.com,SUSPICIOUS,2,serial-registrant
chhapracticetest.com,SUSPICIOUS,2,serial-registrant
altrona.com,SUSPICIOUS,2,serial-registrant
biz8b10.com,SUSPICIOUS,2,serial-registrant
bughim.com,SUSPICIOUS,2,serial-registrant
seeheatingandairconditioningpro.com,SUSPICIOUS,2,serial-registrant
evergreatusallc.com,SUSPICIOUS,2,serial-registrant
fastexpansio.com,SUSPICIOUS,2,serial-registrant
jkqzfrmvnc.help,SUSPICIOUS,2,serial-registrant
turkifsaclub168.sbs,SUSPICIOUS,2,serial-registrant
airplay99.net,SUSPICIOUS,2,serial-registrant
weirch.com,SUSPICIOUS,2,serial-registrant
016fp.xyz,SUSPICIOUS,2,serial-registrant
addisinsight.com,SUSPICIOUS,2,serial-registrant
orange3rybeafrica.com,SUSPICIOUS,2,serial-registrant
16kp97pp.xyz,SUSPICIOUS,2,serial-registrant
astuce-artisan-radiateur-inertie.com,SUSPICIOUS,2,serial-registrant
excelwithexpansio.com,SUSPICIOUS,2,serial-registrant
001wy.xyz,SUSPICIOUS,2,serial-registrant
fatfd25.xyz,SUSPICIOUS,2,serial-registrant
jiukun31.autos,SUSPICIOUS,2,serial-registrant
meeitking2017.com,SUSPICIOUS,2,serial-registrant
dxjymhwctv.help,SUSPICIOUS,2,serial-registrant
greatsteeltube.com,SUSPICIOUS,2,serial-registrant
expansioworks.com,SUSPICIOUS,2,serial-registrant
16kp95bb.xyz,SUSPICIOUS,2,serial-registrant
deibit.sbs,SUSPICIOUS,2,serial-registrant
dallascybertruck.com,SUSPICIOUS,2,serial-registrant
gelingtech.net,SUSPICIOUS,2,serial-registrant
expressway-shipping.com,SUSPICIOUS,2,serial-registrant
q2lclh.cfd,SUSPICIOUS,2,serial-registrant
vivirvalencia.com,SUSPICIOUS,2,serial-registrant
11m55.xyz,SUSPICIOUS,2,serial-registrant
cambiahabitos.com,SUSPICIOUS,2,serial-registrant
engineview.sbs,SUSPICIOUS,2,serial-registrant
leadercore.sbs,SUSPICIOUS,2,serial-registrant
dewajudiqq88.net,SUSPICIOUS,2,serial-registrant
99heng.net,SUSPICIOUS,2,serial-registrant
adob-docs.com,SUSPICIOUS,2,serial-registrant
turkifsaclub57.sbs,SUSPICIOUS,2,serial-registrant
cheapiptvsub.com,SUSPICIOUS,2,serial-registrant
dnfyrgvqpc.help,SUSPICIOUS,2,serial-registrant
flipofficespacesus.com,SUSPICIOUS,2,serial-registrant
88p-am3-hea3.com,SUSPICIOUS,2,serial-registrant
004qw.xyz,SUSPICIOUS,2,serial-registrant
affikey.com,SUSPICIOUS,2,serial-registrant
demaspromosuk.com,SUSPICIOUS,2,serial-registrant
nzechididurufoundation.org,SUSPICIOUS,2,serial-registrant
tomometa.sbs,SUSPICIOUS,2,serial-registrant
9dcb24.sbs,SUSPICIOUS,2,serial-registrant
axudi.com,SUSPICIOUS,2,serial-registrant
bosspush.com,SUSPICIOUS,2,serial-registrant
peoplestraveltours.com,SUSPICIOUS,2,serial-registrant
4p3iu.com,SUSPICIOUS,2,serial-registrant
abiyamototocharityfoundation.org,SUSPICIOUS,2,serial-registrant
je-reforme.com,SUSPICIOUS,2,serial-registrant
5ht79970.vip,SUSPICIOUS,2,serial-registrant
91pn152.cc,SUSPICIOUS,2,serial-registrant
basiccreationsllc.com,SUSPICIOUS,2,serial-registrant
flipspacedesigner.com,SUSPICIOUS,2,serial-registrant
ej2zli.cfd,SUSPICIOUS,2,serial-registrant
67662051.com,SUSPICIOUS,2,serial-registrant
crazyplay.pics,SUSPICIOUS,2,serial-registrant
flipspacesdesigninternational.com,SUSPICIOUS,2,serial-registrant
avatar189.net,SUSPICIOUS,2,serial-registrant
flipspacesdesignsusa.com,SUSPICIOUS,2,serial-registrant
91pn116.cc,SUSPICIOUS,2,serial-registrant
expansiohub.com,SUSPICIOUS,2,serial-registrant
qh30g.work,SUSPICIOUS,2,serial-registrant
kboostedclicks.com,SUSPICIOUS,2,serial-registrant
bvytmsrndz.help,SUSPICIOUS,2,serial-registrant
al-play.ink,SUSPICIOUS,2,serial-registrant
klientboutreach.com,SUSPICIOUS,2,serial-registrant
nichaven.com,SUSPICIOUS,2,serial-registrant
bestplacespainn.com,SUSPICIOUS,2,serial-registrant
bmtqkrvcwx.help,SUSPICIOUS,2,serial-registrant
jarstick.com,SUSPICIOUS,2,serial-registrant
klientboostlab.com,SUSPICIOUS,2,serial-registrant
meritbet1697.com,SUSPICIOUS,2,serial-registrant
regionteam.sbs,SUSPICIOUS,2,serial-registrant
p3p7er.cfd,SUSPICIOUS,2,serial-registrant
00yiku.xyz,SUSPICIOUS,2,serial-registrant
commoncalm.sbs,SUSPICIOUS,2,serial-registrant
kboostedmedia.com,SUSPICIOUS,2,serial-registrant
37ds9e.info,SUSPICIOUS,2,serial-registrant
turkifsaclub68.sbs,SUSPICIOUS,2,serial-registrant
a87cxd8.xyz,SUSPICIOUS,2,serial-registrant
meritbet2002.com,SUSPICIOUS,2,serial-registrant
belleson.info,SUSPICIOUS,2,serial-registrant
bnblfg.com,SUSPICIOUS,2,serial-registrant
meritbet2015.com,SUSPICIOUS,2,serial-registrant
classicmap.sbs,SUSPICIOUS,2,serial-registrant
hsepracticetest.com,SUSPICIOUS,2,serial-registrant
completehomerenovation.pro,SUSPICIOUS,2,serial-registrant
aviajet.sbs,SUSPICIOUS,2,serial-registrant
cowinoffice.com,SUSPICIOUS,2,serial-registrant
designguruspecialists.com,SUSPICIOUS,2,serial-registrant
16kp6cc.xyz,SUSPICIOUS,2,serial-registrant
fpshtzqxmd.help,SUSPICIOUS,2,serial-registrant
bejo368.net,SUSPICIOUS,2,serial-registrant
dreziont.com,SUSPICIOUS,2,serial-registrant
01dgj.xyz,SUSPICIOUS,2,serial-registrant
flipspacesusdev.com,SUSPICIOUS,2,serial-registrant
artisan-salle-bain.com,SUSPICIOUS,2,serial-registrant
flipcommericalspacesny.com,SUSPICIOUS,2,serial-registrant
allinjepang77.com,SUSPICIOUS,2,serial-registrant
coolblink.com,SUSPICIOUS,2,serial-registrant
gotoklientboost.com,SUSPICIOUS,2,serial-registrant
vippusasac.com,SUSPICIOUS,2,serial-registrant
aworldalone.org,SUSPICIOUS,2,serial-registrant
novapixelweb.com,SUSPICIOUS,2,serial-registrant
indianuncle.info,SUSPICIOUS,2,serial-registrant
guitarpedalboardcontroller.com,SUSPICIOUS,2,serial-registrant
abo88slot.org,SUSPICIOUS,2,serial-registrant
klientboostedgro.com,SUSPICIOUS,2,serial-registrant
mchool.com,SUSPICIOUS,2,serial-registrant
pro-radiateur.net,SUSPICIOUS,2,serial-registrant
dolantoto99.org,SUSPICIOUS,2,serial-registrant
justnew.sbs,SUSPICIOUS,2,serial-registrant
6u5ya2p.xyz,SUSPICIOUS,2,serial-registrant
bcadomino.org,SUSPICIOUS,2,serial-registrant
apexexpansio.com,SUSPICIOUS,2,serial-registrant
gampangwd.org,SUSPICIOUS,2,serial-registrant
autoplaza247.com,SUSPICIOUS,2,serial-registrant
mxvpwgtcrk.help,SUSPICIOUS,2,serial-registrant
bandarkh.com,SUSPICIOUS,2,serial-registrant
11bolahoki.net,SUSPICIOUS,2,serial-registrant
w5rsu.cfd,SUSPICIOUS,2,serial-registrant
frilet6.com,SUSPICIOUS,2,serial-registrant
bluntabsolutionoblique.com,SUSPICIOUS,2,serial-registrant
merit1697.com,SUSPICIOUS,2,serial-registrant
001han.xyz,SUSPICIOUS,2,serial-registrant
018skz.xyz,SUSPICIOUS,2,serial-registrant
cherry-garden.club,SUSPICIOUS,2,serial-registrant
fzxnmyptkq.help,SUSPICIOUS,2,serial-registrant
6088030.com,SUSPICIOUS,2,serial-registrant
avidanalysis.com,SUSPICIOUS,2,serial-registrant
6088032.com,SUSPICIOUS,2,serial-registrant
emanagedltd.com,SUSPICIOUS,2,serial-registrant
glenit5.com,SUSPICIOUS,2,serial-registrant
3fzkuua.xyz,SUSPICIOUS,2,serial-registrant
bfmsxwcvzr.help,SUSPICIOUS,2,serial-registrant
hzpwdkyqbv.help,SUSPICIOUS,2,serial-registrant
baliwebhosting.com,SUSPICIOUS,2,serial-registrant
c3a4c.com,SUSPICIOUS,2,serial-registrant
lfcaexamquestions.com,SUSPICIOUS,2,serial-registrant
fliprealestateinvestors.com,SUSPICIOUS,2,serial-registrant
002rt.com,SUSPICIOUS,2,serial-registrant
fantasydesignguru.com,SUSPICIOUS,2,serial-registrant
highworth.com,SUSPICIOUS,2,serial-registrant
accountpanda.com,SUSPICIOUS,2,serial-registrant
prototeque.com,SUSPICIOUS,2,serial-registrant
seeschoolingpro.com,SUSPICIOUS,2,serial-registrant
imtiyazat.net,SUSPICIOUS,2,serial-registrant
51hlv.icu,SUSPICIOUS,2,serial-registrant
casino-blankenbergi.com,SUSPICIOUS,2,serial-registrant
justgotone.com,SUSPICIOUS,2,serial-registrant
antibirdnetsvijayawada.com,SUSPICIOUS,2,serial-registrant
benevix.com,SUSPICIOUS,2,serial-registrant
doremaintegratedservices.org,SUSPICIOUS,2,serial-registrant
bcccppracticeexam.com,SUSPICIOUS,2,serial-registrant
aviafun.sbs,SUSPICIOUS,2,serial-registrant
calumnylightlyspider.com,SUSPICIOUS,2,serial-registrant
dentalresourcenetwork.org,SUSPICIOUS,2,serial-registrant
bonuspad.com,SUSPICIOUS,2,serial-registrant
5lehy7j.xyz,SUSPICIOUS,2,serial-registrant
dpmvyzfctb.help,SUSPICIOUS,2,serial-registrant
airos.click,SUSPICIOUS,2,serial-registrant
integrateddigitalcommerce.com,SUSPICIOUS,2,serial-registrant
meritjing2015.com,SUSPICIOUS,2,serial-registrant
imagic-uk.com,SUSPICIOUS,2,serial-registrant
5r64mwa.xyz,SUSPICIOUS,2,serial-registrant
91pn178.cc,SUSPICIOUS,2,serial-registrant
afhb.com,SUSPICIOUS,2,serial-registrant
covidinjuryclassaction.com,SUSPICIOUS,2,serial-registrant
frilen6.com,SUSPICIOUS,2,serial-registrant
206nn.xyz,SUSPICIOUS,2,serial-registrant
plerox8.com,SUSPICIOUS,2,serial-registrant
67662061.com,SUSPICIOUS,2,serial-registrant
5r2eaueb.vip,SUSPICIOUS,2,serial-registrant
aces-dev.com,SUSPICIOUS,2,serial-registrant
theshofarmediahub.com,SUSPICIOUS,2,serial-registrant
articona.xyz,SUSPICIOUS,2,serial-registrant
91pn108.cc,SUSPICIOUS,2,serial-registrant
f7utzp.casa,SUSPICIOUS,2,serial-registrant
flipspaceinteriors.com,SUSPICIOUS,2,serial-registrant
greendesignationexam.com,SUSPICIOUS,2,serial-registrant
bestataglanceinc.com,SUSPICIOUS,2,serial-registrant
meritkimg5005.com,SUSPICIOUS,2,serial-registrant
betdrive.club,SUSPICIOUS,2,serial-registrant
mes-devis-radiateur-electrique.com,SUSPICIOUS,2,serial-registrant
airmaxwin.com,SUSPICIOUS,2,serial-registrant
adultslots.com,SUSPICIOUS,2,serial-registrant
expansiogrowth.com,SUSPICIOUS,2,serial-registrant
jamensplumbing.com,SUSPICIOUS,2,serial-registrant
cplpracticetest.com,SUSPICIOUS,2,serial-registrant
ecolivingconsultantspain.info,SUSPICIOUS,2,serial-registrant
clearprint.sbs,SUSPICIOUS,2,serial-registrant
klientboostedbiz.com,SUSPICIOUS,2,serial-registrant
kboostedpros.com,SUSPICIOUS,2,serial-registrant
flipspacesofficeus.com,SUSPICIOUS,2,serial-registrant
klientboostdigi.com,SUSPICIOUS,2,serial-registrant
calcudate.com,SUSPICIOUS,2,serial-registrant
casper77.org,SUSPICIOUS,2,serial-registrant
008chi.xyz,SUSPICIOUS,2,serial-registrant
cruisepad.com,SUSPICIOUS,2,serial-registrant
enterintoeexpansio.com,SUSPICIOUS,2,serial-registrant
guslejudspick.rest,SUSPICIOUS,2,serial-registrant
aragsanbeauty.com,SUSPICIOUS,2,serial-registrant
bjcqxmwrdl.help,SUSPICIOUS,2,serial-registrant
turkifsaclub58.sbs,SUSPICIOUS,2,serial-registrant
jiukun42.autos,SUSPICIOUS,2,serial-registrant
0046ch.xyz,SUSPICIOUS,2,serial-registrant
nzgrptwvcq.help,SUSPICIOUS,2,serial-registrant
67662064.com,SUSPICIOUS,2,serial-registrant
91pn139.cc,SUSPICIOUS,2,serial-registrant
16kp88uu.xyz,SUSPICIOUS,2,serial-registrant
020fp.xyz,SUSPICIOUS,2,serial-registrant
estimation-radiateur-electrique.com,SUSPICIOUS,2,serial-registrant
turkifsa27.sbs,SUSPICIOUS,2,serial-registrant
16kp91zz.xyz,SUSPICIOUS,2,serial-registrant
conceptcrafter.com,SUSPICIOUS,2,serial-registrant
202nn.xyz,SUSPICIOUS,2,serial-registrant
curiobrandsllc.com,SUSPICIOUS,2,serial-registrant
fmnxrhcyzw.help,SUSPICIOUS,2,serial-registrant
huanqiu36.cc,SUSPICIOUS,2,serial-registrant
kp2ms.cfd,SUSPICIOUS,2,serial-registrant
marxinowash.vip,SUSPICIOUS,2,serial-registrant
5f5dtcs.xyz,SUSPICIOUS,2,serial-registrant
randomdesignguru.com,SUSPICIOUS,2,serial-registrant
missdesignguru.com,SUSPICIOUS,2,serial-registrant
a8d1w.com,SUSPICIOUS,2,serial-registrant
designgururules.com,SUSPICIOUS,2,serial-registrant
5hn4nmn.xyz,SUSPICIOUS,2,serial-registrant
analyticalsciences.com,SUSPICIOUS,2,serial-registrant
asiaslot365.org,SUSPICIOUS,2,serial-registrant
clouddevopspracticetest.com,SUSPICIOUS,2,serial-registrant
joehealy.net,SUSPICIOUS,2,serial-registrant
ab-progettazione-sviluppo-software.com,SUSPICIOUS,2,serial-registrant
k3ros.work,SUSPICIOUS,2,serial-registrant
merit2000.com,SUSPICIOUS,2,serial-registrant
buytons.com,SUSPICIOUS,2,serial-registrant
turkifsaclub002.sbs,SUSPICIOUS,2,serial-registrant
jznrvdpflq.help,SUSPICIOUS,2,serial-registrant
gamaylaser.com,SUSPICIOUS,2,serial-registrant
klientboostreach.com,SUSPICIOUS,2,serial-registrant
aubusson-tradition-robert-four.com,SUSPICIOUS,2,serial-registrant
turkifsaclub10.sbs,SUSPICIOUS,2,serial-registrant
207vn.com,SUSPICIOUS,2,serial-registrant
argsy.com,SUSPICIOUS,2,serial-registrant
connectwithexpansio.com,SUSPICIOUS,2,serial-registrant
51chigu.wiki,SUSPICIOUS,2,serial-registrant
5jxisw3.xyz,SUSPICIOUS,2,serial-registrant
astronomicspace.com,SUSPICIOUS,2,serial-registrant
csowmpracticetest.com,SUSPICIOUS,2,serial-registrant
owndesignguru.com,SUSPICIOUS,2,serial-registrant
ccmpracticetest.com,SUSPICIOUS,2,serial-registrant
nzxrqmphkc.help,SUSPICIOUS,2,serial-registrant
5tz3zli.xyz,SUSPICIOUS,2,serial-registrant
biggestbass.club,SUSPICIOUS,2,serial-registrant
monodesignguru.com,SUSPICIOUS,2,serial-registrant
91pn189.cc,SUSPICIOUS,2,serial-registrant
204nn.xyz,SUSPICIOUS,2,serial-registrant
51-heliao.wiki,SUSPICIOUS,2,serial-registrant
civil-akademija.com,SUSPICIOUS,2,serial-registrant
855bts.cfd,SUSPICIOUS,2,serial-registrant
eldpracticeexam.com,SUSPICIOUS,2,serial-registrant
flipspacescommercial.com,SUSPICIOUS,2,serial-registrant
51shippin.com,SUSPICIOUS,2,serial-registrant
008qw.xyz,SUSPICIOUS,2,serial-registrant
bdcrazy.life,SUSPICIOUS,2,serial-registrant
blerixon.com,SUSPICIOUS,2,serial-registrant
99wsf.work,SUSPICIOUS,2,serial-registrant
atsasanjuan.com,SUSPICIOUS,2,serial-registrant
emfblockingclothing.com,SUSPICIOUS,2,serial-registrant
70fmd.com,SUSPICIOUS,2,serial-registrant
fkysxqzngt.help,SUSPICIOUS,2,serial-registrant
iphonerepairipoh.com,SUSPICIOUS,2,serial-registrant
1xqa3.buzz,SUSPICIOUS,2,serial-registrant
annajofoundation.org,SUSPICIOUS,2,serial-registrant
isolation-exterieur-etude.com,SUSPICIOUS,2,serial-registrant
sharedesignguru.com,SUSPICIOUS,2,serial-registrant
ariabay.com,SUSPICIOUS,2,serial-registrant
aoisource.com,SUSPICIOUS,2,serial-registrant
plerotix.com,SUSPICIOUS,2,serial-registrant
paralegalservicesmiami.com,SUSPICIOUS,2,serial-registrant
agro-syntech.com,SUSPICIOUS,2,serial-registrant
bangjago303.info,SUSPICIOUS,2,serial-registrant
guitartremolosystem.com,SUSPICIOUS,2,serial-registrant
bigstrain.com,SUSPICIOUS,2,serial-registrant
jupiterwellnessmassage.com,SUSPICIOUS,2,serial-registrant
seolinkbuilding.company,SUSPICIOUS,2,serial-registrant
drkilligansinc.com,SUSPICIOUS,2,serial-registrant
designguruonyourside.com,SUSPICIOUS,2,serial-registrant
i6mzym.cfd,SUSPICIOUS,2,serial-registrant
archwebdesigns.com,SUSPICIOUS,2,serial-registrant
ctepexamquestions.com,SUSPICIOUS,2,serial-registrant
anojo.com,SUSPICIOUS,2,serial-registrant
atppracticetest.com,SUSPICIOUS,2,serial-registrant
trebon7.com,SUSPICIOUS,2,serial-registrant
htv-box.net,SUSPICIOUS,2,serial-registrant
dlminnovationllc.com,SUSPICIOUS,2,serial-registrant
91lieqix.com,SUSPICIOUS,2,serial-registrant
pearlispearl.com,SUSPICIOUS,2,serial-registrant
gutterreplacementspecialists.club,SUSPICIOUS,2,serial-registrant
5flk6cf.xyz,SUSPICIOUS,2,serial-registrant
avatar999.net,SUSPICIOUS,2,serial-registrant
designguruwatch.com,SUSPICIOUS,2,serial-registrant
amoresi.com,SUSPICIOUS,2,serial-registrant
medidavital.com,SUSPICIOUS,2,serial-registrant
bloggiamgia.xyz,SUSPICIOUS,2,serial-registrant
clubtravaux-pac-3.com,SUSPICIOUS,2,serial-registrant
chooseexpansionow.com,SUSPICIOUS,2,serial-registrant
flipspacedesignop.com,SUSPICIOUS,2,serial-registrant
altonexinc.com,SUSPICIOUS,2,serial-registrant
4pgf0.com,SUSPICIOUS,2,serial-registrant
jvkmxwtzpr.help,SUSPICIOUS,2,serial-registrant
0005ch.xyz,SUSPICIOUS,2,serial-registrant
gy9eol.sbs,SUSPICIOUS,2,serial-registrant
menuinteligente.info,SUSPICIOUS,2,serial-registrant
cator.net,SUSPICIOUS,2,serial-registrant
1clickname.com,SUSPICIOUS,2,serial-registrant
acehustle.com,SUSPICIOUS,2,serial-registrant
instantjoy.sbs,SUSPICIOUS,2,serial-registrant
laboratorioraza.com,SUSPICIOUS,2,serial-registrant
b3n0r.com,SUSPICIOUS,2,serial-registrant
seereferralpro.com,SUSPICIOUS,2,serial-registrant
chbtpracticetest.com,SUSPICIOUS,2,serial-registrant
meritbet2001.com,SUSPICIOUS,2,serial-registrant
n6auzh.casa,SUSPICIOUS,2,serial-registrant
allseasonsukltd.com,SUSPICIOUS,2,serial-registrant
meritkibg1697.com,SUSPICIOUS,2,serial-registrant
bwbbdfood.com,SUSPICIOUS,2,serial-registrant
bossesnows.club,SUSPICIOUS,2,serial-registrant
mayaleperu.com,SUSPICIOUS,2,serial-registrant
fentanylclassactionlawsuit.com,SUSPICIOUS,2,serial-registrant
11m39.xyz,SUSPICIOUS,2,serial-registrant
thelegendofdesignguru.com,SUSPICIOUS,2,serial-registrant
daccus.net,SUSPICIOUS,2,serial-registrant
tapbworks.vip,SUSPICIOUS,2,serial-registrant
2021156.com,SUSPICIOUS,2,serial-registrant
prowashhsi.pro,SUSPICIOUS,2,serial-registrant
blackstonevalleyambervalleycompact.com,SUSPICIOUS,2,serial-registrant
cassinoonline.sbs,SUSPICIOUS,2,serial-registrant
8z0ra.com,SUSPICIOUS,2,serial-registrant
11m93.xyz,SUSPICIOUS,2,serial-registrant
agentic2go.com,SUSPICIOUS,2,serial-registrant
gbnrlcjpqz.help,SUSPICIOUS,2,serial-registrant
91hlv.com,SUSPICIOUS,2,serial-registrant
kboostedoutreach.com,SUSPICIOUS,2,serial-registrant
csqeexamquestions.com,SUSPICIOUS,2,serial-registrant
giantsplayershop.com,SUSPICIOUS,2,serial-registrant
agenticaero.com,SUSPICIOUS,2,serial-registrant
seefinancepro.com,SUSPICIOUS,2,serial-registrant
5v658ifa.vip,SUSPICIOUS,2,serial-registrant
cqtgnhbmyd.help,SUSPICIOUS,2,serial-registrant
pnheater.com,SUSPICIOUS,2,serial-registrant
igetvapesaustraliaofficial.com,SUSPICIOUS,2,serial-registrant
5cdrp7u.xyz,SUSPICIOUS,2,serial-registrant
dashalerts.com,SUSPICIOUS,2,serial-registrant
merit2001.com,SUSPICIOUS,2,serial-registrant
nltsfl.com,SUSPICIOUS,2,serial-registrant
turkifsaclub-15.sbs,SUSPICIOUS,2,serial-registrant
allpkvjepang.com,SUSPICIOUS,2,serial-registrant
klqwjvxyrz.help,SUSPICIOUS,2,serial-registrant
b1b5d.quest,SUSPICIOUS,2,serial-registrant
viscwe.sbs,SUSPICIOUS,2,serial-registrant
garagewheel.com,SUSPICIOUS,2,serial-registrant
4r0qves.xyz,SUSPICIOUS,2,serial-registrant
obd2usb.net,SUSPICIOUS,2,serial-registrant
gostt.org,SUSPICIOUS,2,serial-registrant
c1b7z.com,SUSPICIOUS,2,serial-registrant
8r0urwc.xyz,SUSPICIOUS,2,serial-registrant
fungem.com,SUSPICIOUS,2,serial-registrant
4aussilove.icu,SUSPICIOUS,2,serial-registrant
epicinstructorexam.com,SUSPICIOUS,2,serial-registrant
020qw.xyz,SUSPICIOUS,2,serial-registrant
420mall.com,SUSPICIOUS,2,serial-registrant
burkesdisposal.com,SUSPICIOUS,2,serial-registrant
limpianowcasa.club,SUSPICIOUS,2,serial-registrant
401ktopreciousmetals.com,SUSPICIOUS,2,serial-registrant
ok-devis-radiateur.com,SUSPICIOUS,2,serial-registrant
002yu.xyz,SUSPICIOUS,2,serial-registrant
lisvp.cfd,SUSPICIOUS,2,serial-registrant
meritkimg2017.com,SUSPICIOUS,2,serial-registrant
qirent6.com,SUSPICIOUS,2,serial-registrant
afpt.com,SUSPICIOUS,2,serial-registrant
brielov.xyz,SUSPICIOUS,2,serial-registrant
all4network.net,SUSPICIOUS,2,serial-registrant
xxeltomatrixx.com,SUSPICIOUS,2,serial-registrant
1weissbet.life,SUSPICIOUS,2,serial-registrant
7dewapoker.net,SUSPICIOUS,2,serial-registrant
botaniqlabs.com,SUSPICIOUS,2,serial-registrant
bestchanlongreviews.com,SUSPICIOUS,2,serial-registrant
acoxi.com,SUSPICIOUS,2,serial-registrant
comparateur-devis-toiture.com,SUSPICIOUS,2,serial-registrant
jnr68.quest,SUSPICIOUS,2,serial-registrant
5lvx2lk.xyz,SUSPICIOUS,2,serial-registrant
brandawakeningagency.blog,SUSPICIOUS,2,serial-registrant
57bps8pk.vip,SUSPICIOUS,2,serial-registrant
csprecisionthermal.com,SUSPICIOUS,2,serial-registrant
2tprmtk.xyz,SUSPICIOUS,2,serial-registrant
91pn157.cc,SUSPICIOUS,2,serial-registrant
aeqa.com,SUSPICIOUS,2,serial-registrant
affluentmirth.com,SUSPICIOUS,2,serial-registrant
abanirani.com,SUSPICIOUS,2,serial-registrant
acegfipracticetest.com,SUSPICIOUS,2,serial-registrant
hfyqgtwbrs.help,SUSPICIOUS,2,serial-registrant
allguitarparts.com,SUSPICIOUS,2,serial-registrant
exploreluxtravel.com,SUSPICIOUS,2,serial-registrant
btzlu.pics,SUSPICIOUS,2,serial-registrant
antigempa777.com,SUSPICIOUS,2,serial-registrant
bandarcolok138.org,SUSPICIOUS,2,serial-registrant
de7hb.quest,SUSPICIOUS,2,serial-registrant
klientboostresults.com,SUSPICIOUS,2,serial-registrant
91pn161.cc,SUSPICIOUS,2,serial-registrant
crcspracticetest.com,SUSPICIOUS,2,serial-registrant
klientbimpact.com,SUSPICIOUS,2,serial-registrant
dawnrohrs.com,SUSPICIOUS,2,serial-registrant
dd6mydk.xyz,SUSPICIOUS,2,serial-registrant
huifurni.com,SUSPICIOUS,2,serial-registrant
accesswithexpansio.com,SUSPICIOUS,2,serial-registrant
aplday.pics,SUSPICIOUS,2,serial-registrant
somoselbordeexterior.com,SUSPICIOUS,2,serial-registrant
mingdawalnuts.com,SUSPICIOUS,2,serial-registrant
0009ch.xyz,SUSPICIOUS,2,serial-registrant
turkifsaclub166.sbs,SUSPICIOUS,2,serial-registrant
bmcgulariya.com,SUSPICIOUS,2,serial-registrant
accelleum.com,SUSPICIOUS,2,serial-registrant
herbinlegend.com,SUSPICIOUS,2,serial-registrant
001qw.xyz,SUSPICIOUS,2,serial-registrant
seemymatch.com,SUSPICIOUS,2,serial-registrant
51heiiliao.com,SUSPICIOUS,2,serial-registrant
gloriousprospectltd.com,SUSPICIOUS,2,serial-registrant
91pn106.cc,SUSPICIOUS,2,serial-registrant
recoveryfast.net,SUSPICIOUS,2,serial-registrant
hezlong.com,SUSPICIOUS,2,serial-registrant
3k5p1m.vip,SUSPICIOUS,2,serial-registrant
d13qs.com,SUSPICIOUS,2,serial-registrant
d4s7j.com,SUSPICIOUS,2,serial-registrant
feribaz.com,SUSPICIOUS,2,serial-registrant
baddirections.com,SUSPICIOUS,2,serial-registrant
digitalvoyages.com,SUSPICIOUS,2,serial-registrant
002han.xyz,SUSPICIOUS,2,serial-registrant
eqxgftmysd.help,SUSPICIOUS,2,serial-registrant
234togel4d.net,SUSPICIOUS,2,serial-registrant
bnmqwertyu.help,SUSPICIOUS,2,serial-registrant
buildyourexpansio.com,SUSPICIOUS,2,serial-registrant
5t1f8ui5.vip,SUSPICIOUS,2,serial-registrant
dreemteam.net,SUSPICIOUS,2,serial-registrant
drivechat.com,SUSPICIOUS,2,serial-registrant
expansioprime.com,SUSPICIOUS,2,serial-registrant
arrackapp.com,SUSPICIOUS,2,serial-registrant
lhtgzvfqpc.help,SUSPICIOUS,2,serial-registrant
2d5hgr.info,SUSPICIOUS,2,serial-registrant
9bod.com,SUSPICIOUS,2,serial-registrant
bwxgo.pics,SUSPICIOUS,2,serial-registrant
5gy5lieu.vip,SUSPICIOUS,2,serial-registrant
1n2yqv.com,SUSPICIOUS,2,serial-registrant
11m29.xyz,SUSPICIOUS,2,serial-registrant
corqevat.help,SUSPICIOUS,2,serial-registrant
klientboostplus.com,SUSPICIOUS,2,serial-registrant
aubusson-artisan-robert-four.com,SUSPICIOUS,2,serial-registrant
bluesprinkles.com,SUSPICIOUS,2,serial-registrant
57nls.com,SUSPICIOUS,2,serial-registrant
001et.xyz,SUSPICIOUS,2,serial-registrant
1pz15.xyz,SUSPICIOUS,2,serial-registrant
globalgrinds.com,SUSPICIOUS,2,serial-registrant
nszqxhrvmp.help,SUSPICIOUS,2,serial-registrant
alsiady.com,SUSPICIOUS,2,serial-registrant
91pn170.cc,SUSPICIOUS,2,serial-registrant
tragnezaborava.com,SUSPICIOUS,2,serial-registrant
003skz.xyz,SUSPICIOUS,2,serial-registrant
kvwmdpstcz.help,SUSPICIOUS,2,serial-registrant
mkwqsntfjc.help,SUSPICIOUS,2,serial-registrant
flipspacesusnet.com,SUSPICIOUS,2,serial-registrant
5jam2ka.xyz,SUSPICIOUS,2,serial-registrant
jadapte.com,SUSPICIOUS,2,serial-registrant
bloomingfaith.com,SUSPICIOUS,2,serial-registrant
a63eg.com,SUSPICIOUS,2,serial-registrant
afoxi.com,SUSPICIOUS,2,serial-registrant
seemarijuanapro.com,SUSPICIOUS,2,serial-registrant
letwithfly.com,SUSPICIOUS,2,serial-registrant
merit2007.com,SUSPICIOUS,2,serial-registrant
pulcrohubpro.pro,SUSPICIOUS,2,serial-registrant
adrenocoin.com,SUSPICIOUS,2,serial-registrant
betplayspartners.life,SUSPICIOUS,2,serial-registrant
adroe.com,SUSPICIOUS,2,serial-registrant
gmapracticetest.com,SUSPICIOUS,2,serial-registrant
seenewreality.com,SUSPICIOUS,2,serial-registrant
turkifsaclub51.sbs,SUSPICIOUS,2,serial-registrant
mc9iqt.casa,SUSPICIOUS,2,serial-registrant
jkqjzfrvmn.help,SUSPICIOUS,2,serial-registrant
flipspacesdnb.com,SUSPICIOUS,2,serial-registrant
designgurudesigns.com,SUSPICIOUS,2,serial-registrant
5eow1.com,SUSPICIOUS,2,serial-registrant
balloon1win.icu,SUSPICIOUS,2,serial-registrant
flipspacesdesignboston.com,SUSPICIOUS,2,serial-registrant
flipspacesofficeinteriors.com,SUSPICIOUS,2,serial-registrant
alertschime.com,SUSPICIOUS,2,serial-registrant
0606766.com,SUSPICIOUS,2,serial-registrant
flipspacescommercialinteriors.com,SUSPICIOUS,2,serial-registrant
lastlogin.com,SUSPICIOUS,2,serial-registrant
5qtjuxk.xyz,SUSPICIOUS,2,serial-registrant
finnencio.com,SUSPICIOUS,2,serial-registrant
daoseekaudio.com,SUSPICIOUS,2,serial-registrant
bigpaw.info,SUSPICIOUS,2,serial-registrant
bachairalhassad.com,SUSPICIOUS,2,serial-registrant
ltvxwmgqcj.help,SUSPICIOUS,2,serial-registrant
agrobeira.com,SUSPICIOUS,2,serial-registrant
bqlgal.pics,SUSPICIOUS,2,serial-registrant
aimforexpansio.com,SUSPICIOUS,2,serial-registrant
applywithexpansio.com,SUSPICIOUS,2,serial-registrant
bollecton.com,SUSPICIOUS,2,serial-registrant
faunafortres.com,SUSPICIOUS,2,serial-registrant
turkifsaclub-14.sbs,SUSPICIOUS,2,serial-registrant
crvxnybdzm.help,SUSPICIOUS,2,serial-registrant
capbonita.com,SUSPICIOUS,2,serial-registrant
asiahoki889.org,SUSPICIOUS,2,serial-registrant
kineed.org,SUSPICIOUS,2,serial-registrant
epochehairextensions.com,SUSPICIOUS,2,serial-registrant
iotondemand.net,SUSPICIOUS,2,serial-registrant
kupi-podarok.online,SUSPICIOUS,2,serial-registrant
nzpxytvhkg.help,SUSPICIOUS,2,serial-registrant
00leg.xyz,SUSPICIOUS,2,serial-registrant
comercialeterna.com,SUSPICIOUS,2,serial-registrant
003qw.xyz,SUSPICIOUS,2,serial-registrant
b3kyo0de1fr0.com,SUSPICIOUS,2,serial-registrant
flipspacesdesignnj.com,SUSPICIOUS,2,serial-registrant
battlehut.com,SUSPICIOUS,2,serial-registrant
gpenpracticetest.com,SUSPICIOUS,2,serial-registrant
comparateur-devis-pompeachaleur.com,SUSPICIOUS,2,serial-registrant
91pn105.cc,SUSPICIOUS,2,serial-registrant
balipoker33.net,SUSPICIOUS,2,serial-registrant
0qb2skh.xyz,SUSPICIOUS,2,serial-registrant
kinddesignguru.com,SUSPICIOUS,2,serial-registrant
turkifsaclub38.sbs,SUSPICIOUS,2,serial-registrant
bestar.life,SUSPICIOUS,2,serial-registrant
belongwithexpansio.com,SUSPICIOUS,2,serial-registrant
hydraulicrollershutters.com,SUSPICIOUS,2,serial-registrant
bighoki288win.com,SUSPICIOUS,2,serial-registrant
cocwert.sbs,SUSPICIOUS,2,serial-registrant
servicioslimpiezabarcelona.com,SUSPICIOUS,2,serial-registrant
91pn146.cc,SUSPICIOUS,2,serial-registrant
designguruhit.com,SUSPICIOUS,2,serial-registrant
azurewavedigital.com,SUSPICIOUS,2,serial-registrant
1ykn4.com,SUSPICIOUS,2,serial-registrant
merirking1681.com,SUSPICIOUS,2,serial-registrant
cqjrvmkfnz.help,SUSPICIOUS,2,serial-registrant
91pn180.cc,SUSPICIOUS,2,serial-registrant
turkifsaclub134.sbs,SUSPICIOUS,2,serial-registrant
4orex.com,SUSPICIOUS,2,serial-registrant
afgn.com,SUSPICIOUS,2,serial-registrant
buzzfyr.com,SUSPICIOUS,2,serial-registrant
elevatewithexpansio.com,SUSPICIOUS,2,serial-registrant
seebodypro.com,SUSPICIOUS,2,serial-registrant
sh8uku.cfd,SUSPICIOUS,2,serial-registrant
updateweb.sbs,SUSPICIOUS,2,serial-registrant
74ahdx2.xyz,SUSPICIOUS,2,serial-registrant
beyondlifestyleincs.com,SUSPICIOUS,2,serial-registrant
ijqkzfmrnv.help,SUSPICIOUS,2,serial-registrant
klientboostx.com,SUSPICIOUS,2,serial-registrant
000ch.xyz,SUSPICIOUS,2,serial-registrant
blomekis.com,SUSPICIOUS,2,serial-registrant
beijoy.sbs,SUSPICIOUS,2,serial-registrant
j2urrv.lat,SUSPICIOUS,2,serial-registrant
pinkdovebooks.com,SUSPICIOUS,2,serial-registrant
eagerglow.sbs,SUSPICIOUS,2,serial-registrant
bitkcrypto.com,SUSPICIOUS,2,serial-registrant
amillionfishinthesea.com,SUSPICIOUS,2,serial-registrant
clubtravaux-pac-2.com,SUSPICIOUS,2,serial-registrant
o5ncyq.casa,SUSPICIOUS,2,serial-registrant
libertydesignguru.com,SUSPICIOUS,2,serial-registrant
built-staging.com,SUSPICIOUS,2,serial-registrant
11m94.xyz,SUSPICIOUS,2,serial-registrant
dhgbag.com,SUSPICIOUS,2,serial-registrant
gcccexamquestions.com,SUSPICIOUS,2,serial-registrant
011et.xyz,SUSPICIOUS,2,serial-registrant
015fp.xyz,SUSPICIOUS,2,serial-registrant
5la2o.com,SUSPICIOUS,2,serial-registrant
nxrmzqflkc.help,SUSPICIOUS,2,serial-registrant
mxnvpqrdsk.help,SUSPICIOUS,2,serial-registrant
the1face.com,SUSPICIOUS,2,serial-registrant
alarme-estimation.com,SUSPICIOUS,2,serial-registrant
beimiflowers.com,SUSPICIOUS,2,serial-registrant
erektilpiller.com,SUSPICIOUS,2,serial-registrant
003yu.xyz,SUSPICIOUS,2,serial-registrant
027fp.xyz,SUSPICIOUS,2,serial-registrant
drexon9.com,SUSPICIOUS,2,serial-registrant
cacoinvolcano.sbs,SUSPICIOUS,2,serial-registrant
dy5nsrr.xyz,SUSPICIOUS,2,serial-registrant
influenstir.com,SUSPICIOUS,2,serial-registrant
intunetradio.com,SUSPICIOUS,2,serial-registrant
5wcfff.vip,SUSPICIOUS,2,serial-registrant
meritjing1688.com,SUSPICIOUS,2,serial-registrant
n95maskforvirus.com,SUSPICIOUS,2,serial-registrant
klervi9.com,SUSPICIOUS,2,serial-registrant
5eq88gbn.vip,SUSPICIOUS,2,serial-registrant
emffabrics.com,SUSPICIOUS,2,serial-registrant
bitcoinetise.com,SUSPICIOUS,2,serial-registrant
amansentosajaya.com,SUSPICIOUS,2,serial-registrant
iranaid2026.online,SUSPICIOUS,2,serial-registrant
angkasa899.org,SUSPICIOUS,2,serial-registrant
klientboostalliance.com,SUSPICIOUS,2,serial-registrant
meritkimg2015.com,SUSPICIOUS,2,serial-registrant
airotop.sbs,SUSPICIOUS,2,serial-registrant
energialab.digital,SUSPICIOUS,2,serial-registrant
16kp83mm.xyz,SUSPICIOUS,2,serial-registrant
allisjwin.com,SUSPICIOUS,2,serial-registrant
formation-cpf-france.net,SUSPICIOUS,2,serial-registrant
gotpanic.com,SUSPICIOUS,2,serial-registrant
arenadominoqq.org,SUSPICIOUS,2,serial-registrant
carriemak.com,SUSPICIOUS,2,serial-registrant
holinhub.com,SUSPICIOUS,2,serial-registrant
giftingmatters.net,SUSPICIOUS,2,serial-registrant
klientboostzone.com,SUSPICIOUS,2,serial-registrant
0bak2.com,SUSPICIOUS,2,serial-registrant
91chi-guaw.wiki,SUSPICIOUS,2,serial-registrant
1kinvestor.com,SUSPICIOUS,2,serial-registrant
amapracticetest.com,SUSPICIOUS,2,serial-registrant
ladybradfields.com,SUSPICIOUS,2,serial-registrant
imtiyazatstudy.com,SUSPICIOUS,2,serial-registrant
007fp.xyz,SUSPICIOUS,2,serial-registrant
16kp.com,SUSPICIOUS,2,serial-registrant
apply-for-an-export-certificate.org,SUSPICIOUS,2,serial-registrant
ecrmexperts.com,SUSPICIOUS,2,serial-registrant
005skz.xyz,SUSPICIOUS,2,serial-registrant
anundis.com,SUSPICIOUS,2,serial-registrant
accimo.com,SUSPICIOUS,2,serial-registrant
cenppracticequestions.com,SUSPICIOUS,2,serial-registrant
turkifsaclub-1.sbs,SUSPICIOUS,2,serial-registrant
6szw0vy.xyz,SUSPICIOUS,2,serial-registrant
lqzpdtmvyw.help,SUSPICIOUS,2,serial-registrant
blackboxreview.net,SUSPICIOUS,2,serial-registrant
bokepindo3z.net,SUSPICIOUS,2,serial-registrant
seeenergydrinkpro.com,SUSPICIOUS,2,serial-registrant
seedebtconsolidationpro.com,SUSPICIOUS,2,serial-registrant
5ji67gj.xyz,SUSPICIOUS,2,serial-registrant
7kf0cr.sbs,SUSPICIOUS,2,serial-registrant
aekl.com,SUSPICIOUS,2,serial-registrant
6fxtpu64lxyt.com,SUSPICIOUS,2,serial-registrant
5fsp9fn.xyz,SUSPICIOUS,2,serial-registrant
kxpmgzwsny.help,SUSPICIOUS,2,serial-registrant
huanqiu26.cc,SUSPICIOUS,2,serial-registrant
aefg.com,SUSPICIOUS,2,serial-registrant
klientboptimize.com,SUSPICIOUS,2,serial-registrant
ckvv7eh.xyz,SUSPICIOUS,2,serial-registrant
highperformancecarbon.com,SUSPICIOUS,2,serial-registrant
c1x3u.com,SUSPICIOUS,2,serial-registrant
autoeletricohenrique.com,SUSPICIOUS,2,serial-registrant
11m12.xyz,SUSPICIOUS,2,serial-registrant
chainofwealth.com,SUSPICIOUS,2,serial-registrant
cswepracticeexam.com,SUSPICIOUS,2,serial-registrant
lstpracticetest.com,SUSPICIOUS,2,serial-registrant
1ny5m.cfd,SUSPICIOUS,2,serial-registrant
t6gfyp.cfd,SUSPICIOUS,2,serial-registrant
028fp.xyz,SUSPICIOUS,2,serial-registrant
canadaapp.sbs,SUSPICIOUS,2,serial-registrant
aerosolfireextinguisher.com,SUSPICIOUS,2,serial-registrant
cbdextractsandoils.com,SUSPICIOUS,2,serial-registrant
deconservicescol.com,SUSPICIOUS,2,serial-registrant
bh52rm7.xyz,SUSPICIOUS,2,serial-registrant
dvmzkcysfp.help,SUSPICIOUS,2,serial-registrant
globexion.com,SUSPICIOUS,2,serial-registrant
mon-astuce-pompeachaleur.com,SUSPICIOUS,2,serial-registrant
quick.qpon,SUSPICIOUS,2,serial-registrant
0025ch.xyz,SUSPICIOUS,2,serial-registrant
amortoday.com,SUSPICIOUS,2,serial-registrant
c6htsj.qpon,SUSPICIOUS,2,serial-registrant
11m21.xyz,SUSPICIOUS,2,serial-registrant
2021132.com,SUSPICIOUS,2,serial-registrant
67662056.com,SUSPICIOUS,2,serial-registrant
0027ch.xyz,SUSPICIOUS,2,serial-registrant
acccewz.xyz,SUSPICIOUS,2,serial-registrant
flipspacesdesignworks.com,SUSPICIOUS,2,serial-registrant
67660043.com,SUSPICIOUS,2,serial-registrant
gqswxmcptd.help,SUSPICIOUS,2,serial-registrant
shaniton.com,SUSPICIOUS,2,serial-registrant
aretedynamisinc.com,SUSPICIOUS,2,serial-registrant
021han.xyz,SUSPICIOUS,2,serial-registrant
a6ntpmu.xyz,SUSPICIOUS,2,serial-registrant
qirentin.com,SUSPICIOUS,2,serial-registrant
designguruaffiliate.com,SUSPICIOUS,2,serial-registrant
3smsd.buzz,SUSPICIOUS,2,serial-registrant
aaksh555ltd.com,SUSPICIOUS,2,serial-registrant
balancingawareness.com,SUSPICIOUS,2,serial-registrant
cacknack.com,SUSPICIOUS,2,serial-registrant
3dudesanddinner.com,SUSPICIOUS,2,serial-registrant
freereach.com,SUSPICIOUS,2,serial-registrant
runfy.com,SUSPICIOUS,2,serial-registrant
argentinawins.win,SUSPICIOUS,2,serial-registrant
0047ch.xyz,SUSPICIOUS,2,serial-registrant
5g.plus,SUSPICIOUS,2,serial-registrant
argenion.com,SUSPICIOUS,2,serial-registrant
expansiopathway.com,SUSPICIOUS,2,serial-registrant
underslimm.com,SUSPICIOUS,2,serial-registrant
craftedsoln.com,SUSPICIOUS,2,serial-registrant
km938b.com,SUSPICIOUS,2,serial-registrant
67660047.com,SUSPICIOUS,2,serial-registrant
killspilltechnology.com,SUSPICIOUS,2,serial-registrant
klientboostmarketing.com,SUSPICIOUS,2,serial-registrant
67660010.com,SUSPICIOUS,2,serial-registrant
flipspacesdesignnewjersey.com,SUSPICIOUS,2,serial-registrant
biafa.com,SUSPICIOUS,2,serial-registrant
merit5005.com,SUSPICIOUS,2,serial-registrant
mg1kqm.casa,SUSPICIOUS,2,serial-registrant
91pn171.cc,SUSPICIOUS,2,serial-registrant
fieldadvantage.com,SUSPICIOUS,2,serial-registrant
pundr.agency,SUSPICIOUS,2,serial-registrant
dewahoki33.org,SUSPICIOUS,2,serial-registrant
geekygoodygoods.com,SUSPICIOUS,2,serial-registrant
capliman.com,SUSPICIOUS,2,serial-registrant
1dqr9.com,SUSPICIOUS,2,serial-registrant
globegouusacoltd.com,SUSPICIOUS,2,serial-registrant
buahtoto4d.org,SUSPICIOUS,2,serial-registrant
turkifsaclub50.sbs,SUSPICIOUS,2,serial-registrant
teamcorner.sbs,SUSPICIOUS,2,serial-registrant
turkifsaclub-4.sbs,SUSPICIOUS,2,serial-registrant
asiamax03a.org,SUSPICIOUS,2,serial-registrant
klientboostonline.com,SUSPICIOUS,2,serial-registrant
jimxarve.help,SUSPICIOUS,2,serial-registrant
huanqiu15.cc,SUSPICIOUS,2,serial-registrant
911tradingacademy.com,SUSPICIOUS,2,serial-registrant
all-forjepang.com,SUSPICIOUS,2,serial-registrant
kboostedadsense.com,SUSPICIOUS,2,serial-registrant
meritbet2017.com,SUSPICIOUS,2,serial-registrant
seeforsalepro.com,SUSPICIOUS,2,serial-registrant
betzox.sbs,SUSPICIOUS,2,serial-registrant
5rhzzpu.xyz,SUSPICIOUS,2,serial-registrant
cache.link,SUSPICIOUS,2,serial-registrant
cheercos.com,SUSPICIOUS,2,serial-registrant
seeconcertpro.com,SUSPICIOUS,2,serial-registrant
32bpp.cfd,SUSPICIOUS,2,serial-registrant
accidentally.net,SUSPICIOUS,2,serial-registrant
bionovacosmetics.com,SUSPICIOUS,2,serial-registrant
004sw.com,SUSPICIOUS,2,serial-registrant
miamiproprentals.com,SUSPICIOUS,2,serial-registrant
savelivesdonate.org,SUSPICIOUS,2,serial-registrant
turkifsaclub41.sbs,SUSPICIOUS,2,serial-registrant
turkifsaclub151.sbs,SUSPICIOUS,2,serial-registrant
008yu.xyz,SUSPICIOUS,2,serial-registrant
seeufcpro.com,SUSPICIOUS,2,serial-registrant
helpimport.com,SUSPICIOUS,2,serial-registrant
lqcjkmzrfx.help,SUSPICIOUS,2,serial-registrant
clariti.global,SUSPICIOUS,2,serial-registrant
aquabet99.org,SUSPICIOUS,2,serial-registrant
bxlnqwpycm.help,SUSPICIOUS,2,serial-registrant
camarslots.org,SUSPICIOUS,2,serial-registrant
qirentix.com,SUSPICIOUS,2,serial-registrant
bionalogy.com,SUSPICIOUS,2,serial-registrant
jiukun22.autos,SUSPICIOUS,2,serial-registrant
thinkingdesignguru.com,SUSPICIOUS,2,serial-registrant
turkifsaclub11.sbs,SUSPICIOUS,2,serial-registrant
creamdeluxedubaidxb.com,SUSPICIOUS,2,serial-registrant
5thviking.com,SUSPICIOUS,2,serial-registrant
baseproductsllc.com,SUSPICIOUS,2,serial-registrant
jiukun4.autos,SUSPICIOUS,2,serial-registrant
solarpanelsmaintenance.pro,SUSPICIOUS,2,serial-registrant
0029ch.xyz,SUSPICIOUS,2,serial-registrant
deltechvistallc.com,SUSPICIOUS,2,serial-registrant
es3hqwv.xyz,SUSPICIOUS,2,serial-registrant
turkifsaclub63.sbs,SUSPICIOUS,2,serial-registrant
anchoredit.sbs,SUSPICIOUS,2,serial-registrant
asdhit.com,SUSPICIOUS,2,serial-registrant
amric.org,SUSPICIOUS,2,serial-registrant
28bbiz.com,SUSPICIOUS,2,serial-registrant
ajudehoje.sbs,SUSPICIOUS,2,serial-registrant
bonanzavegas.pics,SUSPICIOUS,2,serial-registrant
dcsgraphix.pics,SUSPICIOUS,2,serial-registrant
caloriecurb.com,SUSPICIOUS,2,serial-registrant
c3mbvs.sbs,SUSPICIOUS,2,serial-registrant
cpsgtpracticeexam.com,SUSPICIOUS,2,serial-registrant
esaquiz.com,SUSPICIOUS,2,serial-registrant
bookofraa.sbs,SUSPICIOUS,2,serial-registrant
jiukun13.autos,SUSPICIOUS,2,serial-registrant
3jix.com,SUSPICIOUS,2,serial-registrant
aegf.com,SUSPICIOUS,2,serial-registrant
mynkfqzrdp.help,SUSPICIOUS,2,serial-registrant
alba22.org,SUSPICIOUS,2,serial-registrant
16kp68yy.xyz,SUSPICIOUS,2,serial-registrant
002wy.xyz,SUSPICIOUS,2,serial-registrant
ctcpracticetests.com,SUSPICIOUS,2,serial-registrant
invitayaa.com,SUSPICIOUS,2,serial-registrant
1w5knn.vip,SUSPICIOUS,2,serial-registrant
architectsflipspaces.com,SUSPICIOUS,2,serial-registrant
createexpansio.com,SUSPICIOUS,2,serial-registrant
bioenhanced.com,SUSPICIOUS,2,serial-registrant
cybrix.sbs,SUSPICIOUS,2,serial-registrant
btzula.pics,SUSPICIOUS,2,serial-registrant
deapracticetest.com,SUSPICIOUS,2,serial-registrant
0028ch.xyz,SUSPICIOUS,2,serial-registrant
11m77.xyz,SUSPICIOUS,2,serial-registrant
247bigdeals.com,SUSPICIOUS,2,serial-registrant
009et.xyz,SUSPICIOUS,2,serial-registrant
8h9av.com,SUSPICIOUS,2,serial-registrant
hsclamp.com,SUSPICIOUS,2,serial-registrant
5ugoe.cfd,SUSPICIOUS,2,serial-registrant
turkifsaclub-5.sbs,SUSPICIOUS,2,serial-registrant
cppractice.com,SUSPICIOUS,2,serial-registrant
c2u2e.com,SUSPICIOUS,2,serial-registrant
dnadesignguru.com,SUSPICIOUS,2,serial-registrant
cgkholdingsincs.com,SUSPICIOUS,2,serial-registrant
duniaplay77.org,SUSPICIOUS,2,serial-registrant
committoexpansio.com,SUSPICIOUS,2,serial-registrant
acidjoke.com,SUSPICIOUS,2,serial-registrant
fixglitch.com,SUSPICIOUS,2,serial-registrant
cosmicdesignguru.com,SUSPICIOUS,2,serial-registrant
kboostedtraffic.com,SUSPICIOUS,2,serial-registrant
bukumimpi123.org,SUSPICIOUS,2,serial-registrant
forumjust.sbs,SUSPICIOUS,2,serial-registrant
fursone.com,SUSPICIOUS,2,serial-registrant
careforagingsisterskenya.org,SUSPICIOUS,2,serial-registrant
kboostedconnect.com,SUSPICIOUS,2,serial-registrant
achpnpracticetest.com,SUSPICIOUS,2,serial-registrant
kboostedresults.com,SUSPICIOUS,2,serial-registrant
2021136.com,SUSPICIOUS,2,serial-registrant
merit2016.com,SUSPICIOUS,2,serial-registrant
5ki76g0.xyz,SUSPICIOUS,2,serial-registrant
01ccav.xyz,SUSPICIOUS,2,serial-registrant
mon-eau-pure.com,SUSPICIOUS,2,serial-registrant
tri-33.com,SUSPICIOUS,2,serial-registrant
0k11.net,SUSPICIOUS,2,serial-registrant
ampera-888.net,SUSPICIOUS,2,serial-registrant
bluegratitude.org,SUSPICIOUS,2,serial-registrant
aboutrobots.com,SUSPICIOUS,2,serial-registrant
010et.xyz,SUSPICIOUS,2,serial-registrant
bloomingmuse.com,SUSPICIOUS,2,serial-registrant
02mpt.xyz,SUSPICIOUS,2,serial-registrant
1pz12.xyz,SUSPICIOUS,2,serial-registrant
df45.net,SUSPICIOUS,2,serial-registrant
6766218.com,SUSPICIOUS,2,serial-registrant
s7pfuk.sbs,SUSPICIOUS,2,serial-registrant
4l7dt.com,SUSPICIOUS,2,serial-registrant
789winbet.org,SUSPICIOUS,2,serial-registrant
pageearth.sbs,SUSPICIOUS,2,serial-registrant
qirenton.com,SUSPICIOUS,2,serial-registrant
argentina-wins.club,SUSPICIOUS,2,serial-registrant
betplays.life,SUSPICIOUS,2,serial-registrant
bungapelangi99.net,SUSPICIOUS,2,serial-registrant
maantacomputers.com,SUSPICIOUS,2,serial-registrant
nutriweed.com,SUSPICIOUS,2,serial-registrant
blutive.com,SUSPICIOUS,2,serial-registrant
meritkimg2002.com,SUSPICIOUS,2,serial-registrant
fgqrmfnzks.help,SUSPICIOUS,2,serial-registrant
hnideal.net,SUSPICIOUS,2,serial-registrant
5x3thfh0.vip,SUSPICIOUS,2,serial-registrant
hailrepairofnc.com,SUSPICIOUS,2,serial-registrant
bmwpbn1.com,SUSPICIOUS,2,serial-registrant
aceandbarrel.com,SUSPICIOUS,2,serial-registrant
turkifsaclub18.sbs,SUSPICIOUS,2,serial-registrant
estancia-lasmercedes.com,SUSPICIOUS,2,serial-registrant
binzihninsesi.com,SUSPICIOUS,2,serial-registrant
beyondconceivability.com,SUSPICIOUS,2,serial-registrant
11m62.xyz,SUSPICIOUS,2,serial-registrant
67660014.com,SUSPICIOUS,2,serial-registrant
luxqoren.help,SUSPICIOUS,2,serial-registrant
kboostedengagement.com,SUSPICIOUS,2,serial-registrant
kboostedopins.com,SUSPICIOUS,2,serial-registrant
023yu.xyz,SUSPICIOUS,2,serial-registrant
australiaspin.win,SUSPICIOUS,2,serial-registrant
91kanpianz.com,SUSPICIOUS,2,serial-registrant
5kw2kcu.xyz,SUSPICIOUS,2,serial-registrant
allinjepangbet.com,SUSPICIOUS,2,serial-registrant
crafttoorder.com,SUSPICIOUS,2,serial-registrant
monel.site,SUSPICIOUS,2,serial-registrant
cmykeu.com,SUSPICIOUS,2,serial-registrant
beadedmask.com,SUSPICIOUS,2,serial-registrant
atana.one,SUSPICIOUS,2,serial-registrant
67660007.com,SUSPICIOUS,2,serial-registrant
11m69.xyz,SUSPICIOUS,2,serial-registrant
6088011.com,SUSPICIOUS,2,serial-registrant
189mpo.org,SUSPICIOUS,2,serial-registrant
cekipoker.net,SUSPICIOUS,2,serial-registrant
turkifsaclub31.sbs,SUSPICIOUS,2,serial-registrant
blexit5.com,SUSPICIOUS,2,serial-registrant
antiaging-wrinklecream.com,SUSPICIOUS,2,serial-registrant
11m97.xyz,SUSPICIOUS,2,serial-registrant
betafunnel.com,SUSPICIOUS,2,serial-registrant
qys-tea.com,SUSPICIOUS,2,serial-registrant
002ty.xyz,SUSPICIOUS,2,serial-registrant
servisput.sbs,SUSPICIOUS,2,serial-registrant
67660056.com,SUSPICIOUS,2,serial-registrant
allstarsorthodontics.com,SUSPICIOUS,2,serial-registrant
aolikebeauty.com,SUSPICIOUS,2,serial-registrant
dewalivetoto.net,SUSPICIOUS,2,serial-registrant
0051ch.xyz,SUSPICIOUS,2,serial-registrant
huanqiu10.cc,SUSPICIOUS,2,serial-registrant
meritkibg2018.com,SUSPICIOUS,2,serial-registrant
flipspacecommercialspace.com,SUSPICIOUS,2,serial-registrant
plerix5.com,SUSPICIOUS,2,serial-registrant
breaksrecordsneverstop.com,SUSPICIOUS,2,serial-registrant
0033ch.xyz,SUSPICIOUS,2,serial-registrant
3f2ru.com,SUSPICIOUS,2,serial-registrant
ezisolution.com,SUSPICIOUS,2,serial-registrant
jiukun34.autos,SUSPICIOUS,2,serial-registrant
0030ch.xyz,SUSPICIOUS,2,serial-registrant
p7oyib.cfd,SUSPICIOUS,2,serial-registrant
bootson.net,SUSPICIOUS,2,serial-registrant
91luntang.wiki,SUSPICIOUS,2,serial-registrant
alalamiadecor.com,SUSPICIOUS,2,serial-registrant
eurekallcs.com,SUSPICIOUS,2,serial-registrant
comparez-chauffage-pompe-a-chaleur.com,SUSPICIOUS,2,serial-registrant
genuinecarpartsforsale.com,SUSPICIOUS,2,serial-registrant
hexacopterdrones.com,SUSPICIOUS,2,serial-registrant
huanqiu31.cc,SUSPICIOUS,2,serial-registrant
plerix3.com,SUSPICIOUS,2,serial-registrant
munchyscbd.com,SUSPICIOUS,2,serial-registrant
km238b.com,SUSPICIOUS,2,serial-registrant
warretsac.com,SUSPICIOUS,2,serial-registrant
11m74.xyz,SUSPICIOUS,2,serial-registrant
kidzlikeus.com,SUSPICIOUS,2,serial-registrant
seethehealthpro.com,SUSPICIOUS,2,serial-registrant
avidaudience.com,SUSPICIOUS,2,serial-registrant
ib09jg.buzz,SUSPICIOUS,2,serial-registrant
athegrowthmachine.com,SUSPICIOUS,2,serial-registrant
adultexotica.com,SUSPICIOUS,2,serial-registrant
turkifsaclub161.sbs,SUSPICIOUS,2,serial-registrant
flipspacesrestaurants.com,SUSPICIOUS,2,serial-registrant
completecodesmiths.com,SUSPICIOUS,2,serial-registrant
002pa.com,SUSPICIOUS,2,serial-registrant
animalmeme.net,SUSPICIOUS,2,serial-registrant
epro.cloud,SUSPICIOUS,2,serial-registrant
01mmp.xyz,SUSPICIOUS,2,serial-registrant
chastzapis.sbs,SUSPICIOUS,2,serial-registrant
ccufcpracticetest.com,SUSPICIOUS,2,serial-registrant
cryptospaniards.com,SUSPICIOUS,2,serial-registrant
91pn140.cc,SUSPICIOUS,2,serial-registrant
automata-fze.com,SUSPICIOUS,2,serial-registrant
eqczsbtjgf.help,SUSPICIOUS,2,serial-registrant
08zkvh.info,SUSPICIOUS,2,serial-registrant
legalmalpracticelawfirm.com,SUSPICIOUS,2,serial-registrant
wcc0h5.work,SUSPICIOUS,2,serial-registrant
designgurunight.com,SUSPICIOUS,2,serial-registrant
02mmp.xyz,SUSPICIOUS,2,serial-registrant
adamfloyd.com,SUSPICIOUS,2,serial-registrant
assignid.com,SUSPICIOUS,2,serial-registrant
020vx.com,SUSPICIOUS,2,serial-registrant
flipspacesdesignsnewjersey.com,SUSPICIOUS,2,serial-registrant
morxalve.help,SUSPICIOUS,2,serial-registrant
mv9hob.qpon,SUSPICIOUS,2,serial-registrant
urovalis.info,SUSPICIOUS,2,serial-registrant
boxpark-tt.com,SUSPICIOUS,2,serial-registrant
gcedexamquestions.com,SUSPICIOUS,2,serial-registrant
bintangmpo99.net,SUSPICIOUS,2,serial-registrant
d1o5w.com,SUSPICIOUS,2,serial-registrant
dagobertovargascorp.com,SUSPICIOUS,2,serial-registrant
bigwin7777.info,SUSPICIOUS,2,serial-registrant
asik98.org,SUSPICIOUS,2,serial-registrant
turkifsaclub40.sbs,SUSPICIOUS,2,serial-registrant
ovt2d.buzz,SUSPICIOUS,2,serial-registrant
0jw6c.com,SUSPICIOUS,2,serial-registrant
1pz11.xyz,SUSPICIOUS,2,serial-registrant
estherfreecare.xyz,SUSPICIOUS,2,serial-registrant
baginda178.org,SUSPICIOUS,2,serial-registrant
ndrain.com,SUSPICIOUS,2,serial-registrant
sbiautoglass.com,SUSPICIOUS,2,serial-registrant
avenirpeople.com,SUSPICIOUS,2,serial-registrant
oxqjmtkbsr.help,SUSPICIOUS,2,serial-registrant
clinicadentalmedinahn.com,SUSPICIOUS,2,serial-registrant
expansiomomentum.com,SUSPICIOUS,2,serial-registrant
aceswap.com,SUSPICIOUS,2,serial-registrant
lwdzckmhyx.help,SUSPICIOUS,2,serial-registrant
biggaming.ink,SUSPICIOUS,2,serial-registrant
combonialliance.org,SUSPICIOUS,2,serial-registrant
axplore.com,SUSPICIOUS,2,serial-registrant
blerix5.com,SUSPICIOUS,2,serial-registrant
eldemaletapacademy.org,SUSPICIOUS,2,serial-registrant
cunningham2.net,SUSPICIOUS,2,serial-registrant
balancedbodygroup.com,SUSPICIOUS,2,serial-registrant
qqdesignguru.com,SUSPICIOUS,2,serial-registrant
almostnoon.com,SUSPICIOUS,2,serial-registrant
baskarts.com,SUSPICIOUS,2,serial-registrant
adu33.org,SUSPICIOUS,2,serial-registrant
autotrim-cle.com,SUSPICIOUS,2,serial-registrant
accordingtojohn.com,SUSPICIOUS,2,serial-registrant
expansiolaunch.com,SUSPICIOUS,2,serial-registrant
meritjing2007.com,SUSPICIOUS,2,serial-registrant
gg-estate-mallorca.com,SUSPICIOUS,2,serial-registrant
africa-bike-adventure.com,SUSPICIOUS,2,serial-registrant
cleveroffer.com,SUSPICIOUS,2,serial-registrant
hkji9.quest,SUSPICIOUS,2,serial-registrant
5x5xb.xyz,SUSPICIOUS,2,serial-registrant
auroza.com,SUSPICIOUS,2,serial-registrant
nnoskf.org,SUSPICIOUS,2,serial-registrant
autotradersusa.com,SUSPICIOUS,2,serial-registrant
landexportsac.com,SUSPICIOUS,2,serial-registrant
babypnut.net,SUSPICIOUS,2,serial-registrant
goflipspacesdesign.com,SUSPICIOUS,2,serial-registrant
expansiobuild.com,SUSPICIOUS,2,serial-registrant
meritkimg2018.com,SUSPICIOUS,2,serial-registrant
ablbet88.net,SUSPICIOUS,2,serial-registrant
affiliateprophet.com,SUSPICIOUS,2,serial-registrant
0052ch.xyz,SUSPICIOUS,2,serial-registrant
meritjing1689.com,SUSPICIOUS,2,serial-registrant
seecomputerrepairpro.com,SUSPICIOUS,2,serial-registrant
hoomeet.com,SUSPICIOUS,2,serial-registrant
indianuncle.net,SUSPICIOUS,2,serial-registrant
appgalaxy.icu,SUSPICIOUS,2,serial-registrant
demvaxor.help,SUSPICIOUS,2,serial-registrant
51cg-w.com,SUSPICIOUS,2,serial-registrant
cashloop.pics,SUSPICIOUS,2,serial-registrant
huanqiu24.cc,SUSPICIOUS,2,serial-registrant
1pz32.xyz,SUSPICIOUS,2,serial-registrant
01mpt.xyz,SUSPICIOUS,2,serial-registrant
s8qusb.qpon,SUSPICIOUS,2,serial-registrant
91pn185.cc,SUSPICIOUS,2,serial-registrant
achieveexpansio.com,SUSPICIOUS,2,serial-registrant
blirot2.com,SUSPICIOUS,2,serial-registrant
seepartypro.com,SUSPICIOUS,2,serial-registrant
arrasinmobiliaria.com,SUSPICIOUS,2,serial-registrant
je-change-photovoltaique.com,SUSPICIOUS,2,serial-registrant
jiukun48.autos,SUSPICIOUS,2,serial-registrant
seehealingpro.com,SUSPICIOUS,2,serial-registrant
bagshot-tt.com,SUSPICIOUS,2,serial-registrant
crimereduction.institute,SUSPICIOUS,2,serial-registrant
j4bhyu.sbs,SUSPICIOUS,2,serial-registrant
gavtemlornixq.help,SUSPICIOUS,2,serial-registrant
aneka333.org,SUSPICIOUS,2,serial-registrant
fungsl.com,SUSPICIOUS,2,serial-registrant
alignwithexpansio.com,SUSPICIOUS,2,serial-registrant
8q2of.com,SUSPICIOUS,2,serial-registrant
bookofdeadwin.life,SUSPICIOUS,2,serial-registrant
huanqiu35.cc,SUSPICIOUS,2,serial-registrant
ldigitalsy.com,SUSPICIOUS,2,serial-registrant
flipworkspacedesignus.com,SUSPICIOUS,2,serial-registrant
meritkibg2015.com,SUSPICIOUS,2,serial-registrant
qiren7.com,SUSPICIOUS,2,serial-registrant
b8u6k.com,SUSPICIOUS,2,serial-registrant
dewancash77.net,SUSPICIOUS,2,serial-registrant
meritkimg1688.com,SUSPICIOUS,2,serial-registrant
c1j7a.com,SUSPICIOUS,2,serial-registrant
bersamahokigg.com,SUSPICIOUS,2,serial-registrant
cknappsalesinc.com,SUSPICIOUS,2,serial-registrant
aphriexamquestions.com,SUSPICIOUS,2,serial-registrant
emfblockapparel.com,SUSPICIOUS,2,serial-registrant
estimation-photovoltaique.com,SUSPICIOUS,2,serial-registrant
51hele.wiki,SUSPICIOUS,2,serial-registrant
agilehero.sbs,SUSPICIOUS,2,serial-registrant
seejobpro.com,SUSPICIOUS,2,serial-registrant
mndhqsyxwv.help,SUSPICIOUS,2,serial-registrant
anakelhomecp.com,SUSPICIOUS,2,serial-registrant
x0wo8.cfd,SUSPICIOUS,2,serial-registrant
storonalog.sbs,SUSPICIOUS,2,serial-registrant
bomberos.com,SUSPICIOUS,2,serial-registrant
dewakipas88.net,SUSPICIOUS,2,serial-registrant
bestconsumerpicks.org,SUSPICIOUS,2,serial-registrant
designgurujunkie.com,SUSPICIOUS,2,serial-registrant
e-lectrio.com,SUSPICIOUS,2,serial-registrant
globalmap.sbs,SUSPICIOUS,2,serial-registrant
biz8b08.com,SUSPICIOUS,2,serial-registrant
infopo.com,SUSPICIOUS,2,serial-registrant
kboostedconvert.com,SUSPICIOUS,2,serial-registrant
ok-devis-pompeachaleur.com,SUSPICIOUS,2,serial-registrant
91cg-heiliao.com,SUSPICIOUS,2,serial-registrant
bq3j4.com,SUSPICIOUS,2,serial-registrant
c2m1h.com,SUSPICIOUS,2,serial-registrant
klientbengage.com,SUSPICIOUS,2,serial-registrant
sxsemusicfest.com,SUSPICIOUS,2,serial-registrant
5jvgkfm.xyz,SUSPICIOUS,2,serial-registrant
friendlytouch.com,SUSPICIOUS,2,serial-registrant
bargainhuntlimited.com,SUSPICIOUS,2,serial-registrant
009vx.com,SUSPICIOUS,2,serial-registrant
at0wbku.xyz,SUSPICIOUS,2,serial-registrant
doggodems.com,SUSPICIOUS,2,serial-registrant
meritkibg1680.com,SUSPICIOUS,2,serial-registrant
meritkimg2007.com,SUSPICIOUS,2,serial-registrant
003ch.xyz,SUSPICIOUS,2,serial-registrant
cxpow.com,SUSPICIOUS,2,serial-registrant
alfafa-trading.com,SUSPICIOUS,2,serial-registrant
flipspacesinteriordesignsus.com,SUSPICIOUS,2,serial-registrant
artisan-radiateur-inertie.com,SUSPICIOUS,2,serial-registrant
hyc1d.cfd,SUSPICIOUS,2,serial-registrant
dewapetir89.org,SUSPICIOUS,2,serial-registrant
meritkinf1688.com,SUSPICIOUS,2,serial-registrant
nvolvemeenigeria.org,SUSPICIOUS,2,serial-registrant
amazonascash.com,SUSPICIOUS,2,serial-registrant
seemusicpro.com,SUSPICIOUS,2,serial-registrant
miamiestateattorneys.com,SUSPICIOUS,2,serial-registrant
flipspaceinteriorus.com,SUSPICIOUS,2,serial-registrant
agrish.com,SUSPICIOUS,2,serial-registrant
11n18.xyz,SUSPICIOUS,2,serial-registrant
013fp.xyz,SUSPICIOUS,2,serial-registrant
dsgqhwvmjk.help,SUSPICIOUS,2,serial-registrant
farginpro.com,SUSPICIOUS,2,serial-registrant
astuce-artisan-radiateur.com,SUSPICIOUS,2,serial-registrant
chancester.com,SUSPICIOUS,2,serial-registrant
fykjr88.com,SUSPICIOUS,2,serial-registrant
grahamball.net,SUSPICIOUS,2,serial-registrant
betibetibet.club,SUSPICIOUS,2,serial-registrant
krazydecals.com,SUSPICIOUS,2,serial-registrant
zljewel.com,SUSPICIOUS,2,serial-registrant
cdcgo.pics,SUSPICIOUS,2,serial-registrant
0306766.com,SUSPICIOUS,2,serial-registrant
beimax.sbs,SUSPICIOUS,2,serial-registrant
lomelhomes.com,SUSPICIOUS,2,serial-registrant
fchnqvymdz.help,SUSPICIOUS,2,serial-registrant
aceandeden.com,SUSPICIOUS,2,serial-registrant
777klik.net,SUSPICIOUS,2,serial-registrant
calcinharosachoque.com,SUSPICIOUS,2,serial-registrant
duitpoker.org,SUSPICIOUS,2,serial-registrant
flipspacescommercialdesign.com,SUSPICIOUS,2,serial-registrant
baelu.com,SUSPICIOUS,2,serial-registrant
seethelovepro.com,SUSPICIOUS,2,serial-registrant
trelixor.com,SUSPICIOUS,2,serial-registrant
durhamchampionscricketclub.com,SUSPICIOUS,2,serial-registrant
erektilnipilulky.net,SUSPICIOUS,2,serial-registrant
56uzrt9f.vip,SUSPICIOUS,2,serial-registrant
seecoachingpro.com,SUSPICIOUS,2,serial-registrant
3qafhg.info,SUSPICIOUS,2,serial-registrant
0010ch.xyz,SUSPICIOUS,2,serial-registrant
caster.parts,SUSPICIOUS,2,serial-registrant
plerov7.com,SUSPICIOUS,2,serial-registrant
merit1689.com,SUSPICIOUS,2,serial-registrant
67660028.com,SUSPICIOUS,2,serial-registrant
kboostedleads.com,SUSPICIOUS,2,serial-registrant
klientboostclicks.com,SUSPICIOUS,2,serial-registrant
4-lite.com,SUSPICIOUS,2,serial-registrant
ipca610practicetest.com,SUSPICIOUS,2,serial-registrant
jiukun43.autos,SUSPICIOUS,2,serial-registrant
chtzvxwkpb.help,SUSPICIOUS,2,serial-registrant
bagi77.org,SUSPICIOUS,2,serial-registrant
beachworthy.com,SUSPICIOUS,2,serial-registrant
bigspinkz.sbs,SUSPICIOUS,2,serial-registrant
merirking2001.com,SUSPICIOUS,2,serial-registrant
11m76.xyz,SUSPICIOUS,2,serial-registrant
dlmtoy.com,SUSPICIOUS,2,serial-registrant
autonowwash.vip,SUSPICIOUS,2,serial-registrant
0bra0w.info,SUSPICIOUS,2,serial-registrant
casanorocului.sbs,SUSPICIOUS,2,serial-registrant
5fvqyj.mom,SUSPICIOUS,2,serial-registrant
agilesonic.com,SUSPICIOUS,2,serial-registrant
026gh.xyz,SUSPICIOUS,2,serial-registrant
asi888.net,SUSPICIOUS,2,serial-registrant
hipdesignguru.com,SUSPICIOUS,2,serial-registrant
afoxe.com,SUSPICIOUS,2,serial-registrant
fgqjlkmrzx.help,SUSPICIOUS,2,serial-registrant
wbu0s.work,SUSPICIOUS,2,serial-registrant
lmqjzkfvrn.help,SUSPICIOUS,2,serial-registrant
klientbcreative.com,SUSPICIOUS,2,serial-registrant
029qw.xyz,SUSPICIOUS,2,serial-registrant
awezone.com,SUSPICIOUS,2,serial-registrant
mesaconenergia.info,SUSPICIOUS,2,serial-registrant
jassycs.com,SUSPICIOUS,2,serial-registrant
tl9vvu.sbs,SUSPICIOUS,2,serial-registrant
turkifsaclub14.sbs,SUSPICIOUS,2,serial-registrant
4do7t.com,SUSPICIOUS,2,serial-registrant
estimation-radiateur.net,SUSPICIOUS,2,serial-registrant
turkifsaclub16.sbs,SUSPICIOUS,2,serial-registrant
0sb3m.com,SUSPICIOUS,2,serial-registrant
51chiguawang.city,SUSPICIOUS,2,serial-registrant
standlive.com,SUSPICIOUS,2,serial-registrant
arista77.net,SUSPICIOUS,2,serial-registrant
aviator-ci.site,SUSPICIOUS,2,serial-registrant
avoltos.com,SUSPICIOUS,2,serial-registrant
abima.com,SUSPICIOUS,2,serial-registrant
carbonconnections.org,SUSPICIOUS,2,serial-registrant
apexohio.work,SUSPICIOUS,2,serial-registrant
guttermaintenancepros.club,SUSPICIOUS,2,serial-registrant
meritjing2017.com,SUSPICIOUS,2,serial-registrant
t5frbj.lat,SUSPICIOUS,2,serial-registrant
4xw1j.com,SUSPICIOUS,2,serial-registrant
allstatecollision-site.com,SUSPICIOUS,2,serial-registrant
baiksekali.com,SUSPICIOUS,2,serial-registrant
026chi.xyz,SUSPICIOUS,2,serial-registrant
caseexamquestions.com,SUSPICIOUS,2,serial-registrant
turkifsaclub131.sbs,SUSPICIOUS,2,serial-registrant
2rc92mj.xyz,SUSPICIOUS,2,serial-registrant
s111s.buzz,SUSPICIOUS,2,serial-registrant
kl4vpi.sbs,SUSPICIOUS,2,serial-registrant
galfsafety.com,SUSPICIOUS,2,serial-registrant
jaxlam.top,SUSPICIOUS,2,serial-registrant
kodplan.sbs,SUSPICIOUS,2,serial-registrant
klientbemail.com,SUSPICIOUS,2,serial-registrant
climatebiology.com,SUSPICIOUS,2,serial-registrant
careoncologyusa.com,SUSPICIOUS,2,serial-registrant
meritjing2018.com,SUSPICIOUS,2,serial-registrant
conceptcoast.com,SUSPICIOUS,2,serial-registrant
kynqxzmrph.help,SUSPICIOUS,2,serial-registrant
16kp92zz.xyz,SUSPICIOUS,2,serial-registrant
expansioflow.com,SUSPICIOUS,2,serial-registrant
turkifsaclub-16.sbs,SUSPICIOUS,2,serial-registrant
flipspaceus.com,SUSPICIOUS,2,serial-registrant
51chiguawang.bar,SUSPICIOUS,2,serial-registrant
91pn164.cc,SUSPICIOUS,2,serial-registrant
couleepower.com,SUSPICIOUS,2,serial-registrant
3lambs.com,SUSPICIOUS,2,serial-registrant
accessyourexpansio.com,SUSPICIOUS,2,serial-registrant
bk2azk.quest,SUSPICIOUS,2,serial-registrant
9som7c.buzz,SUSPICIOUS,2,serial-registrant
thedesigngurulegend.com,SUSPICIOUS,2,serial-registrant
102.news,SUSPICIOUS,2,serial-registrant
001gh.xyz,SUSPICIOUS,2,serial-registrant
91cl-oud.wiki,SUSPICIOUS,2,serial-registrant
velunaes.info,SUSPICIOUS,2,serial-registrant
bloomquickly.com,SUSPICIOUS,2,serial-registrant
glenzora.com,SUSPICIOUS,2,serial-registrant
apalahdaya.xyz,SUSPICIOUS,2,serial-registrant
11m79.xyz,SUSPICIOUS,2,serial-registrant
elevateyourexpansio.com,SUSPICIOUS,2,serial-registrant
0erhtzc.xyz,SUSPICIOUS,2,serial-registrant
51spw.wiki,SUSPICIOUS,2,serial-registrant
16kp86ee.xyz,SUSPICIOUS,2,serial-registrant
5b7u3hv.xyz,SUSPICIOUS,2,serial-registrant
9sg2o.com,SUSPICIOUS,2,serial-registrant
expandpathexpansio.com,SUSPICIOUS,2,serial-registrant
indalmont.com,SUSPICIOUS,2,serial-registrant
bronzebee.com,SUSPICIOUS,2,serial-registrant
dashalert.com,SUSPICIOUS,2,serial-registrant
bl57h.com,SUSPICIOUS,2,serial-registrant
cybrvmknxg.help,SUSPICIOUS,2,serial-registrant
acodio.com,SUSPICIOUS,2,serial-registrant
etraminsrl.com,SUSPICIOUS,2,serial-registrant
indianuncle.org,SUSPICIOUS,2,serial-registrant
besttogel86.org,SUSPICIOUS,2,serial-registrant
pjfu5w.quest,SUSPICIOUS,2,serial-registrant
67660032.com,SUSPICIOUS,2,serial-registrant
51-heile.wiki,SUSPICIOUS,2,serial-registrant
aktisseaviewstudios.com,SUSPICIOUS,2,serial-registrant
isolation-exterieur-service.com,SUSPICIOUS,2,serial-registrant
91pn183.cc,SUSPICIOUS,2,serial-registrant
klientbcontent.com,SUSPICIOUS,2,serial-registrant
uc9ltt.lat,SUSPICIOUS,2,serial-registrant
qubify.qpon,SUSPICIOUS,2,serial-registrant
027et.xyz,SUSPICIOUS,2,serial-registrant
balloooon.icu,SUSPICIOUS,2,serial-registrant
acralihomeltd.com,SUSPICIOUS,2,serial-registrant
dreibachlimited.com,SUSPICIOUS,2,serial-registrant
bilyos.com,SUSPICIOUS,2,serial-registrant
bonsenelectronicsinc.com,SUSPICIOUS,2,serial-registrant
solution-devis-pompeachaleur.com,SUSPICIOUS,2,serial-registrant
shanix0.com,SUSPICIOUS,2,serial-registrant
0041ch.xyz,SUSPICIOUS,2,serial-registrant
hzdqrvxngk.help,SUSPICIOUS,2,serial-registrant
brightglam.com,SUSPICIOUS,2,serial-registrant
investaccountancy.info,SUSPICIOUS,2,serial-registrant
misterdaystours.com,SUSPICIOUS,2,serial-registrant
22admedia.com,SUSPICIOUS,2,serial-registrant
densebegin.sbs,SUSPICIOUS,2,serial-registrant
crnexamquestions.com,SUSPICIOUS,2,serial-registrant
amoroxo.com,SUSPICIOUS,2,serial-registrant
bindussales.com,SUSPICIOUS,2,serial-registrant
kindredu.vip,SUSPICIOUS,2,serial-registrant
nutri-sistema.com,SUSPICIOUS,2,serial-registrant
comparateur-devis-radiateur-inertie.com,SUSPICIOUS,2,serial-registrant
seekidspro.com,SUSPICIOUS,2,serial-registrant
os9jhs.casa,SUSPICIOUS,2,serial-registrant
canthoexplorer.com,SUSPICIOUS,2,serial-registrant
kieficine.com,SUSPICIOUS,2,serial-registrant
madrestodoterreno.com,SUSPICIOUS,2,serial-registrant
bxvjzpscgn.help,SUSPICIOUS,2,serial-registrant
mnqbzdgcxh.help,SUSPICIOUS,2,serial-registrant
cv9pr.work,SUSPICIOUS,2,serial-registrant
turkifsaclub20.sbs,SUSPICIOUS,2,serial-registrant
klientboostpro.com,SUSPICIOUS,2,serial-registrant
fourteenrosesbeach.com,SUSPICIOUS,2,serial-registrant
foodoriao.com,SUSPICIOUS,2,serial-registrant
aigopurabalear.com,SUSPICIOUS,2,serial-registrant
v5avco.lat,SUSPICIOUS,2,serial-registrant
6766318.com,SUSPICIOUS,2,serial-registrant
merit1699.com,SUSPICIOUS,2,serial-registrant
escobarexpress.com,SUSPICIOUS,2,serial-registrant
turkifsaclub21.sbs,SUSPICIOUS,2,serial-registrant
weaveroad.com,SUSPICIOUS,2,serial-registrant
expansiogrowthlab.com,SUSPICIOUS,2,serial-registrant
chemicalfreedetergent.com,SUSPICIOUS,2,serial-registrant
homereturn.com,SUSPICIOUS,2,serial-registrant
5f5mp0nh.vip,SUSPICIOUS,2,serial-registrant
candscentenary.org,SUSPICIOUS,2,serial-registrant
astuce-devis-photovoltaique.com,SUSPICIOUS,2,serial-registrant
91pn177.cc,SUSPICIOUS,2,serial-registrant
cozyhomewareinc.com,SUSPICIOUS,2,serial-registrant
emdpracticetest.com,SUSPICIOUS,2,serial-registrant
floridango.com,SUSPICIOUS,2,serial-registrant
pbfwmgzdtc.help,SUSPICIOUS,2,serial-registrant
51hheiliao.wiki,SUSPICIOUS,2,serial-registrant
otgrqkdzxm.help,SUSPICIOUS,2,serial-registrant
ajokeren.com,SUSPICIOUS,2,serial-registrant
hprojectpodcast.com,SUSPICIOUS,2,serial-registrant
babyorganization.org,SUSPICIOUS,2,serial-registrant
e4h8c.com,SUSPICIOUS,2,serial-registrant
iguanadomains.com,SUSPICIOUS,2,serial-registrant
vi7b0.quest,SUSPICIOUS,2,serial-registrant
clearinterest.com,SUSPICIOUS,2,serial-registrant
api5000.asia,SUSPICIOUS,2,serial-registrant
amaitallian.ink,SUSPICIOUS,2,serial-registrant
67662059.com,SUSPICIOUS,2,serial-registrant
51ci-gua.wiki,SUSPICIOUS,2,serial-registrant
abstractidea.com,SUSPICIOUS,2,serial-registrant
biz8b07.com,SUSPICIOUS,2,serial-registrant
casinoitaly.live,SUSPICIOUS,2,serial-registrant
stratus64.net,SUSPICIOUS,2,serial-registrant
005chi.xyz,SUSPICIOUS,2,serial-registrant
d2k2p.com,SUSPICIOUS,2,serial-registrant
eastallenheads.com,SUSPICIOUS,2,serial-registrant
hard-organization.org,SUSPICIOUS,2,serial-registrant
hul5u.buzz,SUSPICIOUS,2,serial-registrant
f5dcxq.sbs,SUSPICIOUS,2,serial-registrant
zacuve.com,SUSPICIOUS,2,serial-registrant
0004ch.xyz,SUSPICIOUS,2,serial-registrant
advantagely.com,SUSPICIOUS,2,serial-registrant
8zkpo.quest,SUSPICIOUS,2,serial-registrant
betzoreg.icu,SUSPICIOUS,2,serial-registrant
octargon.com,SUSPICIOUS,2,serial-registrant
seeacpro.com,SUSPICIOUS,2,serial-registrant
bqzvcxmnlw.help,SUSPICIOUS,2,serial-registrant
downing-patents.com,SUSPICIOUS,2,serial-registrant
004han.xyz,SUSPICIOUS,2,serial-registrant
drezon5.com,SUSPICIOUS,2,serial-registrant
boomzino.icu,SUSPICIOUS,2,serial-registrant
luxealcorner.com,SUSPICIOUS,2,serial-registrant
dxqcrhzgvp.help,SUSPICIOUS,2,serial-registrant
checkthereviews.com,SUSPICIOUS,2,serial-registrant
presentweb.sbs,SUSPICIOUS,2,serial-registrant
designflipspaceus.com,SUSPICIOUS,2,serial-registrant
omavibe.com,SUSPICIOUS,2,serial-registrant
004et.xyz,SUSPICIOUS,2,serial-registrant
amehaven.life,SUSPICIOUS,2,serial-registrant
eightdeadlywords.com,SUSPICIOUS,2,serial-registrant
67661099.com,SUSPICIOUS,2,serial-registrant
bookofra.guru,SUSPICIOUS,2,serial-registrant
02chsp.xyz,SUSPICIOUS,2,serial-registrant
callmaker.net,SUSPICIOUS,2,serial-registrant
angelaairllc.com,SUSPICIOUS,2,serial-registrant
doctordesignguru.com,SUSPICIOUS,2,serial-registrant
biz8b011.com,SUSPICIOUS,2,serial-registrant
jvwphmcrgb.help,SUSPICIOUS,2,serial-registrant
fsjkenya.org,SUSPICIOUS,2,serial-registrant
daralshatha.com,SUSPICIOUS,2,serial-registrant
etude-solaire.com,SUSPICIOUS,2,serial-registrant
miamiestateprobatelawyer.com,SUSPICIOUS,2,serial-registrant
0014ch.xyz,SUSPICIOUS,2,serial-registrant
51acgz.com,SUSPICIOUS,2,serial-registrant
namestrong.sbs,SUSPICIOUS,2,serial-registrant
resolvenow.sbs,SUSPICIOUS,2,serial-registrant
arriveur.com,SUSPICIOUS,2,serial-registrant
conquerexpansio.com,SUSPICIOUS,2,serial-registrant
dancingyakhandicrafts.com,SUSPICIOUS,2,serial-registrant
ductcoils.com,SUSPICIOUS,2,serial-registrant
almaspetchems.com,SUSPICIOUS,2,serial-registrant
huxleyedwards.com,SUSPICIOUS,2,serial-registrant
2y2ec7.info,SUSPICIOUS,2,serial-registrant
ensuraeslineasas.com,SUSPICIOUS,2,serial-registrant
aqgilani.com,SUSPICIOUS,2,serial-registrant
qirent5.com,SUSPICIOUS,2,serial-registrant
seeblockchainpro.com,SUSPICIOUS,2,serial-registrant
24x.news,SUSPICIOUS,2,serial-registrant
cnspracticetest.com,SUSPICIOUS,2,serial-registrant
amberdoors.com,SUSPICIOUS,2,serial-registrant
gvbsdyfxwr.help,SUSPICIOUS,2,serial-registrant
qualitynew.sbs,SUSPICIOUS,2,serial-registrant
aussiepokies777.website,SUSPICIOUS,2,serial-registrant
icodeexpert.com,SUSPICIOUS,2,serial-registrant
st3kmx.cfd,SUSPICIOUS,2,serial-registrant
seeipadpro.com,SUSPICIOUS,2,serial-registrant
collectivecomfortsllc.com,SUSPICIOUS,2,serial-registrant
1606766.com,SUSPICIOUS,2,serial-registrant
asiahoki999.org,SUSPICIOUS,2,serial-registrant
dlpainrecovery.com,SUSPICIOUS,2,serial-registrant
kboostedcampaigns.com,SUSPICIOUS,2,serial-registrant
bellagiosplit.website,SUSPICIOUS,2,serial-registrant
klientboostcampaigns.com,SUSPICIOUS,2,serial-registrant
024fp.xyz,SUSPICIOUS,2,serial-registrant
2021114.com,SUSPICIOUS,2,serial-registrant
67661089.com,SUSPICIOUS,2,serial-registrant
drainproosi.pro,SUSPICIOUS,2,serial-registrant
51chgua.com,SUSPICIOUS,2,serial-registrant
expandbeyondexpansio.com,SUSPICIOUS,2,serial-registrant
johnfreegard-oilburnerservices.com,SUSPICIOUS,2,serial-registrant
accpracticetest.com,SUSPICIOUS,2,serial-registrant
designguruthoughts.com,SUSPICIOUS,2,serial-registrant
a7t7x.com,SUSPICIOUS,2,serial-registrant
kboostedpromotions.com,SUSPICIOUS,2,serial-registrant
alekmodelmanagement.com,SUSPICIOUS,2,serial-registrant
2021135.com,SUSPICIOUS,2,serial-registrant
67661101.com,SUSPICIOUS,2,serial-registrant
adtraza.com,SUSPICIOUS,2,serial-registrant
bcqvzptmwg.help,SUSPICIOUS,2,serial-registrant
cswapracticeexam.com,SUSPICIOUS,2,serial-registrant
drezitor.com,SUSPICIOUS,2,serial-registrant
eburneatv.com,SUSPICIOUS,2,serial-registrant
eddio.com,SUSPICIOUS,2,serial-registrant
esttesmar.com,SUSPICIOUS,2,serial-registrant
globalrise.sbs,SUSPICIOUS,2,serial-registrant
klientboostworks.com,SUSPICIOUS,2,serial-registrant
meeitking2002.com,SUSPICIOUS,2,serial-registrant
clmpracticetest.com,SUSPICIOUS,2,serial-registrant
seefacepro.com,SUSPICIOUS,2,serial-registrant
5lqzmefm.vip,SUSPICIOUS,2,serial-registrant
flipspaceinteriordesignus.com,SUSPICIOUS,2,serial-registrant
qg7ip.buzz,SUSPICIOUS,2,serial-registrant
labelgroup.sbs,SUSPICIOUS,2,serial-registrant
glass4pictureframes.com,SUSPICIOUS,2,serial-registrant
jiukun1.autos,SUSPICIOUS,2,serial-registrant
ma-solution-photovoltaique.com,SUSPICIOUS,2,serial-registrant
0035ch.xyz,SUSPICIOUS,2,serial-registrant
oneclicname.com,SUSPICIOUS,2,serial-registrant
11m14.xyz,SUSPICIOUS,2,serial-registrant
betzogame.pics,SUSPICIOUS,2,serial-registrant
masterdesignguru.com,SUSPICIOUS,2,serial-registrant
azoce.work,SUSPICIOUS,2,serial-registrant
p082u.buzz,SUSPICIOUS,2,serial-registrant
5jrq6f.vip,SUSPICIOUS,2,serial-registrant
16bvx.com,SUSPICIOUS,2,serial-registrant
clubtravaux-pac-1.com,SUSPICIOUS,2,serial-registrant
brotogel888.org,SUSPICIOUS,2,serial-registrant
bonverclub.com,SUSPICIOUS,2,serial-registrant
emfguardapparel.com,SUSPICIOUS,2,serial-registrant
01jjp.xyz,SUSPICIOUS,2,serial-registrant
aman118.org,SUSPICIOUS,2,serial-registrant
glassbeadtech.com,SUSPICIOUS,2,serial-registrant
barcelona888slot.org,SUSPICIOUS,2,serial-registrant
best-play.life,SUSPICIOUS,2,serial-registrant
7hzf5.com,SUSPICIOUS,2,serial-registrant
andwebdevelopment.com,SUSPICIOUS,2,serial-registrant
americanoathkeepers.com,SUSPICIOUS,2,serial-registrant
biosteady.com,SUSPICIOUS,2,serial-registrant
easyshopping4homelimited.com,SUSPICIOUS,2,serial-registrant
otopkitchen.com,SUSPICIOUS,2,serial-registrant
ag8v9s.quest,SUSPICIOUS,2,serial-registrant
5o1nm.buzz,SUSPICIOUS,2,serial-registrant
kboostedvalue.com,SUSPICIOUS,2,serial-registrant
0017ch.xyz,SUSPICIOUS,2,serial-registrant
aurareliked.com,SUSPICIOUS,2,serial-registrant
expansiotraction.com,SUSPICIOUS,2,serial-registrant
6e58hs5.xyz,SUSPICIOUS,2,serial-registrant
veronica-crystal.com,SUSPICIOUS,2,serial-registrant
aeyepvx.xyz,SUSPICIOUS,2,serial-registrant
d6u5d.com,SUSPICIOUS,2,serial-registrant
beat-that.net,SUSPICIOUS,2,serial-registrant
galaupoker.org,SUSPICIOUS,2,serial-registrant
0036ch.xyz,SUSPICIOUS,2,serial-registrant
merirking5005.com,SUSPICIOUS,2,serial-registrant
findhelptoquit.com,SUSPICIOUS,2,serial-registrant
hg6xfs.qpon,SUSPICIOUS,2,serial-registrant
aquatopfind.info,SUSPICIOUS,2,serial-registrant
turkifsaclub36.sbs,SUSPICIOUS,2,serial-registrant
solution-devis-radiateur.com,SUSPICIOUS,2,serial-registrant
balipermanentmakeup.com,SUSPICIOUS,2,serial-registrant
5i1b64z.xyz,SUSPICIOUS,2,serial-registrant
cbopoker88.org,SUSPICIOUS,2,serial-registrant
musicfeastival.com,SUSPICIOUS,2,serial-registrant
antares88.org,SUSPICIOUS,2,serial-registrant
r6f7tq.work,SUSPICIOUS,2,serial-registrant
fcymsoluciones.com,SUSPICIOUS,2,serial-registrant
accturo.com,SUSPICIOUS,2,serial-registrant
betzo.icu,SUSPICIOUS,2,serial-registrant
ermspot.com,SUSPICIOUS,2,serial-registrant
crestready.sbs,SUSPICIOUS,2,serial-registrant
easyexpansio.com,SUSPICIOUS,2,serial-registrant
ex8njf9.xyz,SUSPICIOUS,2,serial-registrant
aligator4d.org,SUSPICIOUS,2,serial-registrant
7p2cu.com,SUSPICIOUS,2,serial-registrant
bktjqvsymc.help,SUSPICIOUS,2,serial-registrant
devis-radiateur-efficace.com,SUSPICIOUS,2,serial-registrant
faceproinstitute.com,SUSPICIOUS,2,serial-registrant
pccflooring.com,SUSPICIOUS,2,serial-registrant
dashtalk.com,SUSPICIOUS,2,serial-registrant
bigbass1000.website,SUSPICIOUS,2,serial-registrant
artisan-pompeachaleur.com,SUSPICIOUS,2,serial-registrant
experthill.sbs,SUSPICIOUS,2,serial-registrant
sj7qhq.cfd,SUSPICIOUS,2,serial-registrant
v9tup9.quest,SUSPICIOUS,2,serial-registrant
dormelvatinqx.help,SUSPICIOUS,2,serial-registrant
seediamondpro.com,SUSPICIOUS,2,serial-registrant
turkifsaclub61.sbs,SUSPICIOUS,2,serial-registrant
designgurusecret.com,SUSPICIOUS,2,serial-registrant
51cgww.asia,SUSPICIOUS,2,serial-registrant
l1sdcm.lat,SUSPICIOUS,2,serial-registrant
0011ch.xyz,SUSPICIOUS,2,serial-registrant
adocudt.com,SUSPICIOUS,2,serial-registrant
astuce-pompeachaleur.com,SUSPICIOUS,2,serial-registrant
turkifsaclub-3.sbs,SUSPICIOUS,2,serial-registrant
5txtt8j.xyz,SUSPICIOUS,2,serial-registrant
respectweb.sbs,SUSPICIOUS,2,serial-registrant
16kp96aa.xyz,SUSPICIOUS,2,serial-registrant
droridge.com,SUSPICIOUS,2,serial-registrant
bmrngitaly.club,SUSPICIOUS,2,serial-registrant
lozhplan.sbs,SUSPICIOUS,2,serial-registrant
angelhair.com,SUSPICIOUS,2,serial-registrant
jiukun10.autos,SUSPICIOUS,2,serial-registrant
glenixon.com,SUSPICIOUS,2,serial-registrant
91pn181.cc,SUSPICIOUS,2,serial-registrant
91spoo.com,SUSPICIOUS,2,serial-registrant
turkifsaclub-2.sbs,SUSPICIOUS,2,serial-registrant
3dvy.com,SUSPICIOUS,2,serial-registrant
flipspacesinteriordesignsale.com,SUSPICIOUS,2,serial-registrant
airplay77.net,SUSPICIOUS,2,serial-registrant
jiukun21.autos,SUSPICIOUS,2,serial-registrant
flipspacesinteriordesignsusa.com,SUSPICIOUS,2,serial-registrant
klientboostselect.com,SUSPICIOUS,2,serial-registrant
luminatextractsstore.com,SUSPICIOUS,2,serial-registrant
konyashop.com,SUSPICIOUS,2,serial-registrant
anantydental.com,SUSPICIOUS,2,serial-registrant
bluecrystalmeth.com,SUSPICIOUS,2,serial-registrant
artisan-photovoltaique.com,SUSPICIOUS,2,serial-registrant
huanqiu34.cc,SUSPICIOUS,2,serial-registrant
keepsure.com,SUSPICIOUS,2,serial-registrant
aw9vr.cfd,SUSPICIOUS,2,serial-registrant
glezar5.com,SUSPICIOUS,2,serial-registrant
connecttoexpansio.com,SUSPICIOUS,2,serial-registrant
lozhproekt.sbs,SUSPICIOUS,2,serial-registrant
seecovid19pro.com,SUSPICIOUS,2,serial-registrant
firstimperioexpress.com,SUSPICIOUS,2,serial-registrant
designgurusolution.com,SUSPICIOUS,2,serial-registrant
pleron2.com,SUSPICIOUS,2,serial-registrant
agent4ir.com,SUSPICIOUS,2,serial-registrant
meeitking1697.com,SUSPICIOUS,2,serial-registrant
huanqiu3.cc,SUSPICIOUS,2,serial-registrant
blirot7.com,SUSPICIOUS,2,serial-registrant
20betmotion.sbs,SUSPICIOUS,2,serial-registrant
bqjzkmnrvc.help,SUSPICIOUS,2,serial-registrant
klientbmetrics.com,SUSPICIOUS,2,serial-registrant
adb-docs.com,SUSPICIOUS,2,serial-registrant
motorcraftkenya.com,SUSPICIOUS,2,serial-registrant
turkifsaclub113.sbs,SUSPICIOUS,2,serial-registrant
0059ch.xyz,SUSPICIOUS,2,serial-registrant
funbet247.net,SUSPICIOUS,2,serial-registrant
aeroagentic.com,SUSPICIOUS,2,serial-registrant
6.lol,SUSPICIOUS,2,serial-registrant
003fw.com,SUSPICIOUS,2,serial-registrant
bigslotcz.life,SUSPICIOUS,2,serial-registrant
gueswi.com,SUSPICIOUS,2,serial-registrant
hyplogistic.com,SUSPICIOUS,2,serial-registrant
appgalaxy.life,SUSPICIOUS,2,serial-registrant
seefashionpro.com,SUSPICIOUS,2,serial-registrant
jusenchem.com,SUSPICIOUS,2,serial-registrant
valuepath.sbs,SUSPICIOUS,2,serial-registrant
erektionspillen.com,SUSPICIOUS,2,serial-registrant
attenable.com,SUSPICIOUS,2,serial-registrant
batam123.org,SUSPICIOUS,2,serial-registrant
a5pwbt4.xyz,SUSPICIOUS,2,serial-registrant
bc2i7.com,SUSPICIOUS,2,serial-registrant
alfonsocasabonne.com,SUSPICIOUS,2,serial-registrant
91shi-91s.wiki,SUSPICIOUS,2,serial-registrant
5starbusrentals.com,SUSPICIOUS,2,serial-registrant
3pcp79a.xyz,SUSPICIOUS,2,serial-registrant
tropxicaride.click,SUSPICIOUS,2,serial-registrant
ctsipracticeexam.com,SUSPICIOUS,2,serial-registrant
turkifsaclub-6.sbs,SUSPICIOUS,2,serial-registrant
51cchigua.wiki,SUSPICIOUS,2,serial-registrant
lussodecoraciones.com,SUSPICIOUS,2,serial-registrant
dewadomino88.net,SUSPICIOUS,2,serial-registrant
4fwzxx0.xyz,SUSPICIOUS,2,serial-registrant
8efhw08.xyz,SUSPICIOUS,2,serial-registrant
jn52vz.cfd,SUSPICIOUS,2,serial-registrant
clippingworld.com,SUSPICIOUS,2,serial-registrant
findmydesignguru.com,SUSPICIOUS,2,serial-registrant
20vy3n.vip,SUSPICIOUS,2,serial-registrant
d3s8g.com,SUSPICIOUS,2,serial-registrant
turkifsaclub35.sbs,SUSPICIOUS,2,serial-registrant
amonchicken.life,SUSPICIOUS,2,serial-registrant
androidwalay.com,SUSPICIOUS,2,serial-registrant
11n20.xyz,SUSPICIOUS,2,serial-registrant
cintapoker99.net,SUSPICIOUS,2,serial-registrant
defineexpansio.com,SUSPICIOUS,2,serial-registrant
meritkibg1698.com,SUSPICIOUS,2,serial-registrant
91dydd.wiki,SUSPICIOUS,2,serial-registrant
app-crown-au.xyz,SUSPICIOUS,2,serial-registrant
baatrync1ub.ink,SUSPICIOUS,2,serial-registrant
colegiopceirafaelgaleth.com,SUSPICIOUS,2,serial-registrant
fmooi.work,SUSPICIOUS,2,serial-registrant
11m99.xyz,SUSPICIOUS,2,serial-registrant
mystical-visions.com,SUSPICIOUS,2,serial-registrant
btziva.pics,SUSPICIOUS,2,serial-registrant
38d5p.cfd,SUSPICIOUS,2,serial-registrant
expansioleads.com,SUSPICIOUS,2,serial-registrant
seecosmeticspro.com,SUSPICIOUS,2,serial-registrant
0klg7.com,SUSPICIOUS,2,serial-registrant
bonusparlay.info,SUSPICIOUS,2,serial-registrant
klientboostio.com,SUSPICIOUS,2,serial-registrant
c9zugfk.xyz,SUSPICIOUS,2,serial-registrant
replyvault.sbs,SUSPICIOUS,2,serial-registrant
6766038.com,SUSPICIOUS,2,serial-registrant
cnrnpracticequestions.com,SUSPICIOUS,2,serial-registrant
crmblue.com,SUSPICIOUS,2,serial-registrant
029ty.xyz,SUSPICIOUS,2,serial-registrant
eh392.cfd,SUSPICIOUS,2,serial-registrant
d7b3j.com,SUSPICIOUS,2,serial-registrant
beltranshippinginc.com,SUSPICIOUS,2,serial-registrant
klientboostmedia.com,SUSPICIOUS,2,serial-registrant
seeconstructionpro.com,SUSPICIOUS,2,serial-registrant
plenitudpsicologica.com,SUSPICIOUS,2,serial-registrant
asundra.com,SUSPICIOUS,2,serial-registrant
pro-radiateur-inertie.com,SUSPICIOUS,2,serial-registrant
cleanwater-ozone.com,SUSPICIOUS,2,serial-registrant
seecreditpro.com,SUSPICIOUS,2,serial-registrant
boomzino-crown.live,SUSPICIOUS,2,serial-registrant
acejade.com,SUSPICIOUS,2,serial-registrant
renovationpermitsguide.club,SUSPICIOUS,2,serial-registrant
flipspacedesignsolution.com,SUSPICIOUS,2,serial-registrant
38bbiz.com,SUSPICIOUS,2,serial-registrant
91pn168.cc,SUSPICIOUS,2,serial-registrant
doublehranch.info,SUSPICIOUS,2,serial-registrant
009ty.xyz,SUSPICIOUS,2,serial-registrant
gogobuy.net,SUSPICIOUS,2,serial-registrant
autotrimofcleveland.com,SUSPICIOUS,2,serial-registrant
amirrazz.com,SUSPICIOUS,2,serial-registrant
beyondexpansio.com,SUSPICIOUS,2,serial-registrant
pensacolagardenclubs.org,SUSPICIOUS,2,serial-registrant
bwxsnap.pics,SUSPICIOUS,2,serial-registrant
encreabasprix.com,SUSPICIOUS,2,serial-registrant
merit2002.com,SUSPICIOUS,2,serial-registrant
aukshanya.com,SUSPICIOUS,2,serial-registrant
miamilegalmalpracticeattorney.com,SUSPICIOUS,2,serial-registrant
gamehand.com,SUSPICIOUS,2,serial-registrant
tl2dlq.lat,SUSPICIOUS,2,serial-registrant
028atk.xyz,SUSPICIOUS,2,serial-registrant
ecrmexpert.com,SUSPICIOUS,2,serial-registrant
91pn155.cc,SUSPICIOUS,2,serial-registrant
blerox5.com,SUSPICIOUS,2,serial-registrant
kingsplayershop.com,SUSPICIOUS,2,serial-registrant
meritkibg2010.com,SUSPICIOUS,2,serial-registrant
55vj28n.xyz,SUSPICIOUS,2,serial-registrant
faromeingenieria.com,SUSPICIOUS,2,serial-registrant
evkhxqfwbn.help,SUSPICIOUS,2,serial-registrant
difoi.com,SUSPICIOUS,2,serial-registrant
201vn.com,SUSPICIOUS,2,serial-registrant
0015ch.xyz,SUSPICIOUS,2,serial-registrant
camtpracticetest.com,SUSPICIOUS,2,serial-registrant
ciwmax.pics,SUSPICIOUS,2,serial-registrant
turkifsaclub133.sbs,SUSPICIOUS,2,serial-registrant
alpenra.com,SUSPICIOUS,2,serial-registrant
da-outsider.com,SUSPICIOUS,2,serial-registrant
turkifsaclub30.sbs,SUSPICIOUS,2,serial-registrant
aravico.com,SUSPICIOUS,2,serial-registrant
51baolia.wiki,SUSPICIOUS,2,serial-registrant
018fp.xyz,SUSPICIOUS,2,serial-registrant
seehockeypro.com,SUSPICIOUS,2,serial-registrant
ask-tobidpro.net,SUSPICIOUS,2,serial-registrant
information-pompe-chaleur.com,SUSPICIOUS,2,serial-registrant
adultsexytoystore.com,SUSPICIOUS,2,serial-registrant
r7xjse.cfd,SUSPICIOUS,2,serial-registrant
airplay99.org,SUSPICIOUS,2,serial-registrant
51heeliao.wiki,SUSPICIOUS,2,serial-registrant
0aatq47.xyz,SUSPICIOUS,2,serial-registrant
5ka3jbg.xyz,SUSPICIOUS,2,serial-registrant
ermfree.com,SUSPICIOUS,2,serial-registrant
accelerateexpansio.com,SUSPICIOUS,2,serial-registrant
yupasami.com,SUSPICIOUS,2,serial-registrant
67662055.com,SUSPICIOUS,2,serial-registrant
amp-punya.xyz,SUSPICIOUS,2,serial-registrant
expansionext.com,SUSPICIOUS,2,serial-registrant
balibet777.net,SUSPICIOUS,2,serial-registrant
maxpurecbd.com,SUSPICIOUS,2,serial-registrant
home-postbox.net,SUSPICIOUS,2,serial-registrant
lh4hjt.sbs,SUSPICIOUS,2,serial-registrant
beyondsurgery.com,SUSPICIOUS,2,serial-registrant
50togel.net,SUSPICIOUS,2,serial-registrant
alexandratrumar.com,SUSPICIOUS,2,serial-registrant
jiukun35.autos,SUSPICIOUS,2,serial-registrant
91duan-v.wiki,SUSPICIOUS,2,serial-registrant
angka11ku.xyz,SUSPICIOUS,2,serial-registrant
cdipracticetest.com,SUSPICIOUS,2,serial-registrant
203nn.xyz,SUSPICIOUS,2,serial-registrant
creatwithexpansio.com,SUSPICIOUS,2,serial-registrant
jsskyond.com,SUSPICIOUS,2,serial-registrant
arsitekgen.com,SUSPICIOUS,2,serial-registrant
2021113.com,SUSPICIOUS,2,serial-registrant
55ztmfk.xyz,SUSPICIOUS,2,serial-registrant
hvmzftnypc.help,SUSPICIOUS,2,serial-registrant
91pn159.cc,SUSPICIOUS,2,serial-registrant
cadpracticetest.com,SUSPICIOUS,2,serial-registrant
flipspacesnewjersey.com,SUSPICIOUS,2,serial-registrant
huanqiu25.cc,SUSPICIOUS,2,serial-registrant
ltdesignguru.com,SUSPICIOUS,2,serial-registrant
belalangunggu.com,SUSPICIOUS,2,serial-registrant
20maav5.xyz,SUSPICIOUS,2,serial-registrant
01ptw.xyz,SUSPICIOUS,2,serial-registrant
isolation-exterieur-devis.com,SUSPICIOUS,2,serial-registrant
karnovitelm.help,SUSPICIOUS,2,serial-registrant
turkifsaclub44.sbs,SUSPICIOUS,2,serial-registrant
cwrgmnfxbq.help,SUSPICIOUS,2,serial-registrant
sgvba.work,SUSPICIOUS,2,serial-registrant
1a52iu.quest,SUSPICIOUS,2,serial-registrant
amasalesusainc.com,SUSPICIOUS,2,serial-registrant
cellphonepart.com,SUSPICIOUS,2,serial-registrant
blexit3.com,SUSPICIOUS,2,serial-registrant
aqjzkvrmfn.help,SUSPICIOUS,2,serial-registrant
c2j7u.com,SUSPICIOUS,2,serial-registrant
3xnb4.com,SUSPICIOUS,2,serial-registrant
seemartialarts.com,SUSPICIOUS,2,serial-registrant
bigsplash.ink,SUSPICIOUS,2,serial-registrant
arch-counter.com,SUSPICIOUS,2,serial-registrant
abatpracticetest.com,SUSPICIOUS,2,serial-registrant
91pn174.cc,SUSPICIOUS,2,serial-registrant
asapgunstore.com,SUSPICIOUS,2,serial-registrant
duniagacor88.org,SUSPICIOUS,2,serial-registrant
hydraulicrollershutterdoor.com,SUSPICIOUS,2,serial-registrant
mes-devis-pompeachaleur.com,SUSPICIOUS,2,serial-registrant
fexqomat.help,SUSPICIOUS,2,serial-registrant
5uiuvfv.xyz,SUSPICIOUS,2,serial-registrant
kboostedpromo.com,SUSPICIOUS,2,serial-registrant
rt8bmx.qpon,SUSPICIOUS,2,serial-registrant
nvzypwkmrt.help,SUSPICIOUS,2,serial-registrant
flipspacesdesignsc.com,SUSPICIOUS,2,serial-registrant
huanqiu14.cc,SUSPICIOUS,2,serial-registrant
6766043.com,SUSPICIOUS,2,serial-registrant
62znf.com,SUSPICIOUS,2,serial-registrant
flipworkspaceinterior.com,SUSPICIOUS,2,serial-registrant
klientboostedge.com,SUSPICIOUS,2,serial-registrant
seeappliancepro.com,SUSPICIOUS,2,serial-registrant
adapttoexpansio.com,SUSPICIOUS,2,serial-registrant
capitalturistico.com,SUSPICIOUS,2,serial-registrant
passdesignguru.com,SUSPICIOUS,2,serial-registrant
arkcm.com,SUSPICIOUS,2,serial-registrant
attactic.com,SUSPICIOUS,2,serial-registrant
jzncfghxmr.help,SUSPICIOUS,2,serial-registrant
eaircon.com,SUSPICIOUS,2,serial-registrant
59tvj2c.xyz,SUSPICIOUS,2,serial-registrant
668gamebai.one,SUSPICIOUS,2,serial-registrant
seelinkedinpro.com,SUSPICIOUS,2,serial-registrant
agedwilpastinaik.com,SUSPICIOUS,2,serial-registrant
bluegrey.org,SUSPICIOUS,2,serial-registrant
cdptrust.org,SUSPICIOUS,2,serial-registrant
11m64.xyz,SUSPICIOUS,2,serial-registrant
seeecommercepro.com,SUSPICIOUS,2,serial-registrant
frilaxon.com,SUSPICIOUS,2,serial-registrant
91pn191.cc,SUSPICIOUS,2,serial-registrant
creativeisland.agency,SUSPICIOUS,2,serial-registrant
tifflecollection.com,SUSPICIOUS,2,serial-registrant
004rt.com,SUSPICIOUS,2,serial-registrant
012qw.xyz,SUSPICIOUS,2,serial-registrant
2l7rc.com,SUSPICIOUS,2,serial-registrant
aphorism4all.com,SUSPICIOUS,2,serial-registrant
frilit6.com,SUSPICIOUS,2,serial-registrant
11m34.xyz,SUSPICIOUS,2,serial-registrant
flipspacesrestaurantdesign.com,SUSPICIOUS,2,serial-registrant
iisportsi.com,SUSPICIOUS,2,serial-registrant
fthydraulic.com,SUSPICIOUS,2,serial-registrant
4u9xq8q.xyz,SUSPICIOUS,2,serial-registrant
evecatch.com,SUSPICIOUS,2,serial-registrant
5dhrdeg.xyz,SUSPICIOUS,2,serial-registrant
flipworkspacedesign.com,SUSPICIOUS,2,serial-registrant
jiukun12.autos,SUSPICIOUS,2,serial-registrant
007han.xyz,SUSPICIOUS,2,serial-registrant
btcqrsdkwz.help,SUSPICIOUS,2,serial-registrant
peakspark.sbs,SUSPICIOUS,2,serial-registrant
justgot1.com,SUSPICIOUS,2,serial-registrant
jiukun45.autos,SUSPICIOUS,2,serial-registrant
barkinglodgegardening.com,SUSPICIOUS,2,serial-registrant
91pn195.cc,SUSPICIOUS,2,serial-registrant
aigostarinc.com,SUSPICIOUS,2,serial-registrant
bestbasketballstore.com,SUSPICIOUS,2,serial-registrant
gtbuildingconstruction.com,SUSPICIOUS,2,serial-registrant
001yu.xyz,SUSPICIOUS,2,serial-registrant
cafehamkar.com,SUSPICIOUS,2,serial-registrant
dewacash88.org,SUSPICIOUS,2,serial-registrant
avisevenclub.website,SUSPICIOUS,2,serial-registrant
11n26.xyz,SUSPICIOUS,2,serial-registrant
6766348.com,SUSPICIOUS,2,serial-registrant
btzix.pics,SUSPICIOUS,2,serial-registrant
5k31ou6.xyz,SUSPICIOUS,2,serial-registrant
ghmehedi.com,SUSPICIOUS,2,serial-registrant
istigra.com,SUSPICIOUS,2,serial-registrant
gxvrbfqplw.help,SUSPICIOUS,2,serial-registrant
1706766.com,SUSPICIOUS,2,serial-registrant
67660036.com,SUSPICIOUS,2,serial-registrant
jiukun29.autos,SUSPICIOUS,2,serial-registrant
009han.xyz,SUSPICIOUS,2,serial-registrant
d662o.buzz,SUSPICIOUS,2,serial-registrant
increase-productivity.com,SUSPICIOUS,2,serial-registrant
m6vpey.cfd,SUSPICIOUS,2,serial-registrant
namudisposables.com,SUSPICIOUS,2,serial-registrant
supremedesignguru.com,SUSPICIOUS,2,serial-registrant
11m33.xyz,SUSPICIOUS,2,serial-registrant
mipresent.com,SUSPICIOUS,2,serial-registrant
kboostedmetrics.com,SUSPICIOUS,2,serial-registrant
91pn165.cc,SUSPICIOUS,2,serial-registrant
b7nqtst.xyz,SUSPICIOUS,2,serial-registrant
gsnaexamquestions.com,SUSPICIOUS,2,serial-registrant
002chi.xyz,SUSPICIOUS,2,serial-registrant
flipspacesdesigndigital.com,SUSPICIOUS,2,serial-registrant
nestingforhopeintl.org,SUSPICIOUS,2,serial-registrant
noumanaliofficial.com,SUSPICIOUS,2,serial-registrant
seecabletvpro.com,SUSPICIOUS,2,serial-registrant
btzin.pics,SUSPICIOUS,2,serial-registrant
2021126.com,SUSPICIOUS,2,serial-registrant
dreamdesignguru.com,SUSPICIOUS,2,serial-registrant
beekmanorchards.com,SUSPICIOUS,2,serial-registrant
573050mi.vip,SUSPICIOUS,2,serial-registrant
51-duanvideo.wiki,SUSPICIOUS,2,serial-registrant
afterleaseautos.com,SUSPICIOUS,2,serial-registrant
buletin-s.com,SUSPICIOUS,2,serial-registrant
apltop.pics,SUSPICIOUS,2,serial-registrant
gelibri.com,SUSPICIOUS,2,serial-registrant
91pn149.cc,SUSPICIOUS,2,serial-registrant
batryyntogloh.ink,SUSPICIOUS,2,serial-registrant
2gav83n.xyz,SUSPICIOUS,2,serial-registrant
designguruprotect.com,SUSPICIOUS,2,serial-registrant
blitzingritz.life,SUSPICIOUS,2,serial-registrant
firstdelconstruct.com,SUSPICIOUS,2,serial-registrant
je-choisis-photovoltaique.com,SUSPICIOUS,2,serial-registrant
meritbet1684.com,SUSPICIOUS,2,serial-registrant
preparer-mes-obseques.com,SUSPICIOUS,2,serial-registrant
pk7beq.casa,SUSPICIOUS,2,serial-registrant
91pn160.cc,SUSPICIOUS,2,serial-registrant
angelcarrasquel.com,SUSPICIOUS,2,serial-registrant
deluxenettoyage.com,SUSPICIOUS,2,serial-registrant
bartongillespie.com,SUSPICIOUS,2,serial-registrant
mtfhzqvxcp.help,SUSPICIOUS,2,serial-registrant
grupojsp.com,SUSPICIOUS,2,serial-registrant
t2y85.quest,SUSPICIOUS,2,serial-registrant
91pn104.cc,SUSPICIOUS,2,serial-registrant
seecosmaticspro.com,SUSPICIOUS,2,serial-registrant
a33-cun.com,SUSPICIOUS,2,serial-registrant
ay1qst.sbs,SUSPICIOUS,2,serial-registrant
capoth.com,SUSPICIOUS,2,serial-registrant
014ty.xyz,SUSPICIOUS,2,serial-registrant
aptaylorlimited.com,SUSPICIOUS,2,serial-registrant
oceanlifesaver.com,SUSPICIOUS,2,serial-registrant
admin123slot.org,SUSPICIOUS,2,serial-registrant
pjzrvhbsnm.help,SUSPICIOUS,2,serial-registrant
alistairjones.net,SUSPICIOUS,2,serial-registrant
51mrds.com,SUSPICIOUS,2,serial-registrant
dgmultibaolimited.com,SUSPICIOUS,2,serial-registrant
bendera168.org,SUSPICIOUS,2,serial-registrant
curvologys.xyz,SUSPICIOUS,2,serial-registrant
jiukun33.autos,SUSPICIOUS,2,serial-registrant
beginexpansio.com,SUSPICIOUS,2,serial-registrant
jrmkualaterengganu.com,SUSPICIOUS,2,serial-registrant
c7v1h.com,SUSPICIOUS,2,serial-registrant
cubedrock.com,SUSPICIOUS,2,serial-registrant
karboncode.com,SUSPICIOUS,2,serial-registrant
danauhoki888.net,SUSPICIOUS,2,serial-registrant
jiukun37.autos,SUSPICIOUS,2,serial-registrant
captureleaderdigestion.com,SUSPICIOUS,2,serial-registrant
2xv8rej.xyz,SUSPICIOUS,2,serial-registrant
alphastop.com,SUSPICIOUS,2,serial-registrant
crizmo.sbs,SUSPICIOUS,2,serial-registrant
004jk.com,SUSPICIOUS,2,serial-registrant
80liteconect.com,SUSPICIOUS,2,serial-registrant
2cd.net,SUSPICIOUS,2,serial-registrant
honestbrew.com,SUSPICIOUS,2,serial-registrant
jiukun50.autos,SUSPICIOUS,2,serial-registrant
020chi.xyz,SUSPICIOUS,2,serial-registrant
16kp55aa.xyz,SUSPICIOUS,2,serial-registrant
18bbiz.com,SUSPICIOUS,2,serial-registrant
gb9lha.casa,SUSPICIOUS,2,serial-registrant
beststats.net,SUSPICIOUS,2,serial-registrant
002fp.xyz,SUSPICIOUS,2,serial-registrant
abadipoker.org,SUSPICIOUS,2,serial-registrant
flipspacedesignnewjersey.com,SUSPICIOUS,2,serial-registrant
rfblockingclothing.com,SUSPICIOUS,2,serial-registrant
seesharepro.com,SUSPICIOUS,2,serial-registrant
klervi0.com,SUSPICIOUS,2,serial-registrant
bleroxan.com,SUSPICIOUS,2,serial-registrant
2bornot.net,SUSPICIOUS,2,serial-registrant
bandot138.com,SUSPICIOUS,2,serial-registrant
bolamas888.org,SUSPICIOUS,2,serial-registrant
chickenn.bond,SUSPICIOUS,2,serial-registrant
allen-bell.com,SUSPICIOUS,2,serial-registrant
davandillc.com,SUSPICIOUS,2,serial-registrant
moldremediationfortmyers.com,SUSPICIOUS,2,serial-registrant
sodesignguru.com,SUSPICIOUS,2,serial-registrant
huanqiu11.cc,SUSPICIOUS,2,serial-registrant
designguruwebdesign.com,SUSPICIOUS,2,serial-registrant
arbitpro.sbs,SUSPICIOUS,2,serial-registrant
jiukun20.autos,SUSPICIOUS,2,serial-registrant
biz8b06.com,SUSPICIOUS,2,serial-registrant
208nn.xyz,SUSPICIOUS,2,serial-registrant
turkifsaclub-12.sbs,SUSPICIOUS,2,serial-registrant
evolvexpansio.com,SUSPICIOUS,2,serial-registrant
shanix1.com,SUSPICIOUS,2,serial-registrant
5unsur1.org,SUSPICIOUS,2,serial-registrant
giantexinc.com,SUSPICIOUS,2,serial-registrant
friloton.com,SUSPICIOUS,2,serial-registrant
turkifsaclub39.sbs,SUSPICIOUS,2,serial-registrant
biz8b05.com,SUSPICIOUS,2,serial-registrant
tubolabclean.best,SUSPICIOUS,2,serial-registrant
byte-enterprises.org,SUSPICIOUS,2,serial-registrant
biosolara.com,SUSPICIOUS,2,serial-registrant
designgurujump.com,SUSPICIOUS,2,serial-registrant
huanqiu23.cc,SUSPICIOUS,2,serial-registrant
seequantumcomputingpro.com,SUSPICIOUS,2,serial-registrant
116ub.com,SUSPICIOUS,2,serial-registrant
commercedesignguru.com,SUSPICIOUS,2,serial-registrant
jkqrnzfcmd.help,SUSPICIOUS,2,serial-registrant
drezor9.com,SUSPICIOUS,2,serial-registrant
fvxwqbnmzy.help,SUSPICIOUS,2,serial-registrant
captcha777.com,SUSPICIOUS,2,serial-registrant
bethcarrerallc.com,SUSPICIOUS,2,serial-registrant
meeitking2010.com,SUSPICIOUS,2,serial-registrant
meritkibg2007.com,SUSPICIOUS,2,serial-registrant
pensacolagardenclubs.com,SUSPICIOUS,2,serial-registrant
coreyomeara.com,SUSPICIOUS,2,serial-registrant
designgurutemplate.com,SUSPICIOUS,2,serial-registrant
gcvxmkztdh.help,SUSPICIOUS,2,serial-registrant
turkifsaclub17.sbs,SUSPICIOUS,2,serial-registrant
avrtheatre.com,SUSPICIOUS,2,serial-registrant
electrear.com,SUSPICIOUS,2,serial-registrant
globaltalentpatners.com,SUSPICIOUS,2,serial-registrant
designguruproduction.com,SUSPICIOUS,2,serial-registrant
bigmotions.com,SUSPICIOUS,2,serial-registrant
game-hand.com,SUSPICIOUS,2,serial-registrant
027ty.xyz,SUSPICIOUS,2,serial-registrant
11m32.xyz,SUSPICIOUS,2,serial-registrant
91mfspx.com,SUSPICIOUS,2,serial-registrant
muhacartofficial.org,SUSPICIOUS,2,serial-registrant
cfioad2410examquestions.com,SUSPICIOUS,2,serial-registrant
sktelectric.com,SUSPICIOUS,2,serial-registrant
eleanortomlinsonltd.com,SUSPICIOUS,2,serial-registrant
accufacto.com,SUSPICIOUS,2,serial-registrant
angkajitu99.net,SUSPICIOUS,2,serial-registrant
badik77.net,SUSPICIOUS,2,serial-registrant
apps-markets.org,SUSPICIOUS,2,serial-registrant
bridgestreetsalesllc.com,SUSPICIOUS,2,serial-registrant
banxxy.com,SUSPICIOUS,2,serial-registrant
4x8eshv.xyz,SUSPICIOUS,2,serial-registrant
oqtvmgpwxk.help,SUSPICIOUS,2,serial-registrant
bdhqzwxcfv.help,SUSPICIOUS,2,serial-registrant
022ty.xyz,SUSPICIOUS,2,serial-registrant
crnipracticequestions.com,SUSPICIOUS,2,serial-registrant
niomat.com,SUSPICIOUS,2,serial-registrant
pgzrmjxcqw.help,SUSPICIOUS,2,serial-registrant
radi.center,SUSPICIOUS,2,serial-registrant
adzey.com,SUSPICIOUS,2,serial-registrant
91pn135.cc,SUSPICIOUS,2,serial-registrant
allwright.org,SUSPICIOUS,2,serial-registrant
designlink.sbs,SUSPICIOUS,2,serial-registrant
bolabesar88.org,SUSPICIOUS,2,serial-registrant
02adg.xyz,SUSPICIOUS,2,serial-registrant
kaotikoai.com,SUSPICIOUS,2,serial-registrant
beskuda.com,SUSPICIOUS,2,serial-registrant
3z7sva.cfd,SUSPICIOUS,2,serial-registrant
frostbuddyllc.com,SUSPICIOUS,2,serial-registrant
ok-devis-photovoltaique.com,SUSPICIOUS,2,serial-registrant
ampku-id.com,SUSPICIOUS,2,serial-registrant
merirking2002.com,SUSPICIOUS,2,serial-registrant
bvt8wuw.xyz,SUSPICIOUS,2,serial-registrant
drivetool.com,SUSPICIOUS,2,serial-registrant
fatimatrade.com,SUSPICIOUS,2,serial-registrant
strongkey.sbs,SUSPICIOUS,2,serial-registrant
estimation-toiture.com,SUSPICIOUS,2,serial-registrant
we60a.cfd,SUSPICIOUS,2,serial-registrant
astuce-artisan-alarme.com,SUSPICIOUS,2,serial-registrant
solution-devis-photovoltaique.com,SUSPICIOUS,2,serial-registrant
avantage-audition.com,SUSPICIOUS,2,serial-registrant
liviabloom.com,SUSPICIOUS,2,serial-registrant
expandforwardexpansio.com,SUSPICIOUS,2,serial-registrant
antigoyang777.com,SUSPICIOUS,2,serial-registrant
clearlyfilteredinc.com,SUSPICIOUS,2,serial-registrant
027han.xyz,SUSPICIOUS,2,serial-registrant
ghtmzbpxsn.help,SUSPICIOUS,2,serial-registrant
digitalmartbd.com,SUSPICIOUS,2,serial-registrant
klientboptin.com,SUSPICIOUS,2,serial-registrant
meritkibg5005.com,SUSPICIOUS,2,serial-registrant
modernvinylfloors.com,SUSPICIOUS,2,serial-registrant
glezar3.com,SUSPICIOUS,2,serial-registrant
huanqiu18.cc,SUSPICIOUS,2,serial-registrant
lw-demos.com,SUSPICIOUS,2,serial-registrant
comfortweb.sbs,SUSPICIOUS,2,serial-registrant
4j5zy.com,SUSPICIOUS,2,serial-registrant
9hww5x9.xyz,SUSPICIOUS,2,serial-registrant
nowayitsdesignguru.com,SUSPICIOUS,2,serial-registrant
aurora89.net,SUSPICIOUS,2,serial-registrant
aybereklam.com,SUSPICIOUS,2,serial-registrant
aceh69.org,SUSPICIOUS,2,serial-registrant
qop2d.quest,SUSPICIOUS,2,serial-registrant
p2gbbv.cfd,SUSPICIOUS,2,serial-registrant
cellcome.icu,SUSPICIOUS,2,serial-registrant
g28dr.cfd,SUSPICIOUS,2,serial-registrant
nqhvdtkmpg.help,SUSPICIOUS,2,serial-registrant
seedatingpro.com,SUSPICIOUS,2,serial-registrant
canadaonlinecasino.ink,SUSPICIOUS,2,serial-registrant
contentdriven.app,SUSPICIOUS,2,serial-registrant
avtnck.life,SUSPICIOUS,2,serial-registrant
comicnature.com,SUSPICIOUS,2,serial-registrant
bigdaddy-mobile.com,SUSPICIOUS,2,serial-registrant
2021120.com,SUSPICIOUS,2,serial-registrant
auravida.sbs,SUSPICIOUS,2,serial-registrant
investaccountancy.biz,SUSPICIOUS,2,serial-registrant
2qg8ad8.xyz,SUSPICIOUS,2,serial-registrant
b7oxcg.lat,SUSPICIOUS,2,serial-registrant
greensborohailrepair.com,SUSPICIOUS,2,serial-registrant
librarynow.sbs,SUSPICIOUS,2,serial-registrant
manufacture-four.com,SUSPICIOUS,2,serial-registrant
petruschem.com,SUSPICIOUS,2,serial-registrant
abovearoma.sbs,SUSPICIOUS,2,serial-registrant
awakenexpansio.com,SUSPICIOUS,2,serial-registrant
11m63.xyz,SUSPICIOUS,2,serial-registrant
designgurusystems.com,SUSPICIOUS,2,serial-registrant
67660038.com,SUSPICIOUS,2,serial-registrant
badak128.net,SUSPICIOUS,2,serial-registrant
pestcontrolbrentwoodny.com,SUSPICIOUS,2,serial-registrant
designgururocks.com,SUSPICIOUS,2,serial-registrant
amphoki188.com,SUSPICIOUS,2,serial-registrant
apexfreightdispatch247.com,SUSPICIOUS,2,serial-registrant
75bt3.sbs,SUSPICIOUS,2,serial-registrant
a1caster.com,SUSPICIOUS,2,serial-registrant
seeaugmentedrealitypro.com,SUSPICIOUS,2,serial-registrant
5xshipin.com,SUSPICIOUS,2,serial-registrant
flipspaceinteriorsarchitect.com,SUSPICIOUS,2,serial-registrant
herphavens.com,SUSPICIOUS,2,serial-registrant
eimf.group,SUSPICIOUS,2,serial-registrant
hiphopboom.com,SUSPICIOUS,2,serial-registrant
bluejaysplayershop.com,SUSPICIOUS,2,serial-registrant
pleriton.com,SUSPICIOUS,2,serial-registrant
fhirtraining.net,SUSPICIOUS,2,serial-registrant
hzrqcxvplk.help,SUSPICIOUS,2,serial-registrant
turkifsaclub6.sbs,SUSPICIOUS,2,serial-registrant
flipspacesamericas.com,SUSPICIOUS,2,serial-registrant
seedispensarypro.com,SUSPICIOUS,2,serial-registrant
elevenmachinery.com,SUSPICIOUS,2,serial-registrant
8poc6.com,SUSPICIOUS,2,serial-registrant
9inewinz.live,SUSPICIOUS,2,serial-registrant
loboprofit.com,SUSPICIOUS,2,serial-registrant
seebicyclepro.com,SUSPICIOUS,2,serial-registrant
nvptxkmzsb.help,SUSPICIOUS,2,serial-registrant
ashbracken.com,SUSPICIOUS,2,serial-registrant
eu2wdf.cfd,SUSPICIOUS,2,serial-registrant
jqwgzvnxsd.help,SUSPICIOUS,2,serial-registrant
inforalogy.com,SUSPICIOUS,2,serial-registrant
acemartco.com,SUSPICIOUS,2,serial-registrant
hirelombokdriver.com,SUSPICIOUS,2,serial-registrant
turkifsa1074.sbs,SUSPICIOUS,2,serial-registrant
51heilioa.wiki,SUSPICIOUS,2,serial-registrant
91pn118.cc,SUSPICIOUS,2,serial-registrant
51cguaw.com,SUSPICIOUS,2,serial-registrant
ghwbzslrpt.help,SUSPICIOUS,2,serial-registrant
hmchemicalsandsteel.com,SUSPICIOUS,2,serial-registrant
51hlwz.com,SUSPICIOUS,2,serial-registrant
71rim.com,SUSPICIOUS,2,serial-registrant
adiu.com,SUSPICIOUS,2,serial-registrant
8vstnkw.xyz,SUSPICIOUS,2,serial-registrant
allsylara.com,SUSPICIOUS,2,serial-registrant
achieveoutexpansio.com,SUSPICIOUS,2,serial-registrant
arena-tirana.ink,SUSPICIOUS,2,serial-registrant
expansiomove.com,SUSPICIOUS,2,serial-registrant
em26n.cfd,SUSPICIOUS,2,serial-registrant
eyfsk0s.xyz,SUSPICIOUS,2,serial-registrant
r7qebx.casa,SUSPICIOUS,2,serial-registrant
sisbromarketplace.com,SUSPICIOUS,2,serial-registrant
6766060.com,SUSPICIOUS,2,serial-registrant
activateexpansio.com,SUSPICIOUS,2,serial-registrant
bleriton.com,SUSPICIOUS,2,serial-registrant
coinvolcanoeuu.life,SUSPICIOUS,2,serial-registrant
0056ch.xyz,SUSPICIOUS,2,serial-registrant
expansiopro.com,SUSPICIOUS,2,serial-registrant
granicaodgrafena.com,SUSPICIOUS,2,serial-registrant
amdoney.com,SUSPICIOUS,2,serial-registrant
002ch.com,SUSPICIOUS,2,serial-registrant
angela-mai.com,SUSPICIOUS,2,serial-registrant
alemaks.com,SUSPICIOUS,2,serial-registrant
iamsimbuddie.org,SUSPICIOUS,2,serial-registrant
birdnetoptics.com,SUSPICIOUS,2,serial-registrant
flipspacesdesignnewyork.com,SUSPICIOUS,2,serial-registrant
huanqiu1.cc,SUSPICIOUS,2,serial-registrant
klientboostleads.com,SUSPICIOUS,2,serial-registrant
esfmr.xyz,SUSPICIOUS,2,serial-registrant
11m11.xyz,SUSPICIOUS,2,serial-registrant
attachef.com,SUSPICIOUS,2,serial-registrant
awaken-festival.com,SUSPICIOUS,2,serial-registrant
turkifsaclub52.sbs,SUSPICIOUS,2,serial-registrant
stockbrokercomplaints.com,SUSPICIOUS,2,serial-registrant
exposilo.com,SUSPICIOUS,2,serial-registrant
flipofficespacesny.com,SUSPICIOUS,2,serial-registrant
favelmornitqx.help,SUSPICIOUS,2,serial-registrant
fastgrowexpansio.com,SUSPICIOUS,2,serial-registrant
horacora.com,SUSPICIOUS,2,serial-registrant
iamnev.com,SUSPICIOUS,2,serial-registrant
2irf3.com,SUSPICIOUS,2,serial-registrant
91pn169.cc,SUSPICIOUS,2,serial-registrant
advokatnemcevdzinic.com,SUSPICIOUS,2,serial-registrant
seetravelpro.com,SUSPICIOUS,2,serial-registrant
a56dz.com,SUSPICIOUS,2,serial-registrant
cygqjwg.xyz,SUSPICIOUS,2,serial-registrant
fchqzlwsgb.help,SUSPICIOUS,2,serial-registrant
seevideocallingpro.com,SUSPICIOUS,2,serial-registrant
ma-formation-cpf.net,SUSPICIOUS,2,serial-registrant
guideforum.sbs,SUSPICIOUS,2,serial-registrant
vx3pt.quest,SUSPICIOUS,2,serial-registrant
seetheinternetofthingspro.com,SUSPICIOUS,2,serial-registrant
2fhomellc.com,SUSPICIOUS,2,serial-registrant
activistream.com,SUSPICIOUS,2,serial-registrant
atm169.com,SUSPICIOUS,2,serial-registrant
d3c8m.com,SUSPICIOUS,2,serial-registrant
cwnvhjklqm.help,SUSPICIOUS,2,serial-registrant
glitchfree.com,SUSPICIOUS,2,serial-registrant
beast777.life,SUSPICIOUS,2,serial-registrant
justsignanddrive.com,SUSPICIOUS,2,serial-registrant
crmzero.com,SUSPICIOUS,2,serial-registrant
mes-obseques.com,SUSPICIOUS,2,serial-registrant
pb-promofactory.com,SUSPICIOUS,2,serial-registrant
crhqnsgtdp.help,SUSPICIOUS,2,serial-registrant
klientbpromo.com,SUSPICIOUS,2,serial-registrant
2021152.com,SUSPICIOUS,2,serial-registrant
merirking2010.com,SUSPICIOUS,2,serial-registrant
appker.com,SUSPICIOUS,2,serial-registrant
backfireaccording.com,SUSPICIOUS,2,serial-registrant
0002ch.xyz,SUSPICIOUS,2,serial-registrant
solution-panneau-solaire.com,SUSPICIOUS,2,serial-registrant
3dai.info,SUSPICIOUS,2,serial-registrant
dwghvxtyzp.help,SUSPICIOUS,2,serial-registrant
3iytb1.vip,SUSPICIOUS,2,serial-registrant
7ycj6.com,SUSPICIOUS,2,serial-registrant
btzimo.pics,SUSPICIOUS,2,serial-registrant
1gwe9.com,SUSPICIOUS,2,serial-registrant
adsparked.com,SUSPICIOUS,2,serial-registrant
dnatotobet.org,SUSPICIOUS,2,serial-registrant
51baoliaochigua.com,SUSPICIOUS,2,serial-registrant
amzizi.life,SUSPICIOUS,2,serial-registrant
betkingarena.win,SUSPICIOUS,2,serial-registrant
airos.help,SUSPICIOUS,2,serial-registrant
astuce-devis-toiture.com,SUSPICIOUS,2,serial-registrant
turkifsaclub37.sbs,SUSPICIOUS,2,serial-registrant
alarme-demande-devis.com,SUSPICIOUS,2,serial-registrant
greshamthompson.net,SUSPICIOUS,2,serial-registrant
merirking2006.com,SUSPICIOUS,2,serial-registrant
bet2rich.net,SUSPICIOUS,2,serial-registrant
amphtmllittlegiant.com,SUSPICIOUS,2,serial-registrant
pqrfkzmcnl.help,SUSPICIOUS,2,serial-registrant
2niteflavour.com,SUSPICIOUS,2,serial-registrant
app-novascotia.sbs,SUSPICIOUS,2,serial-registrant
draincaree.pro,SUSPICIOUS,2,serial-registrant
conceptcrafters.com,SUSPICIOUS,2,serial-registrant
je-renove-pompeachaleur.com,SUSPICIOUS,2,serial-registrant
7cko6.com,SUSPICIOUS,2,serial-registrant
turkifsaclub167.sbs,SUSPICIOUS,2,serial-registrant
bpgusallc.com,SUSPICIOUS,2,serial-registrant
cwbspexamquestions.com,SUSPICIOUS,2,serial-registrant
expansioprogress.com,SUSPICIOUS,2,serial-registrant
5jvxpcf.xyz,SUSPICIOUS,2,serial-registrant
solidpage.sbs,SUSPICIOUS,2,serial-registrant
merirking1689.com,SUSPICIOUS,2,serial-registrant
82agf.com,SUSPICIOUS,2,serial-registrant
7fruits.life,SUSPICIOUS,2,serial-registrant
02dgj.xyz,SUSPICIOUS,2,serial-registrant
getbusynow.com,SUSPICIOUS,2,serial-registrant
tayyabiorganics.com,SUSPICIOUS,2,serial-registrant
cxztyqlwkb.help,SUSPICIOUS,2,serial-registrant
21xpa.com,SUSPICIOUS,2,serial-registrant
kdtlwnqcgv.help,SUSPICIOUS,2,serial-registrant
brandevent.sbs,SUSPICIOUS,2,serial-registrant
gpycexamquestions.com,SUSPICIOUS,2,serial-registrant
012han.xyz,SUSPICIOUS,2,serial-registrant
0034ch.xyz,SUSPICIOUS,2,serial-registrant
kaliscraftycorner.com,SUSPICIOUS,2,serial-registrant
klientboostedus.com,SUSPICIOUS,2,serial-registrant
designatflipspaces.com,SUSPICIOUS,2,serial-registrant
afof.com,SUSPICIOUS,2,serial-registrant
devrondesign.com,SUSPICIOUS,2,serial-registrant
mujininflatables.com,SUSPICIOUS,2,serial-registrant
0018ch.xyz,SUSPICIOUS,2,serial-registrant
meritkimg1676.com,SUSPICIOUS,2,serial-registrant
flipspacesdesignpartners.com,SUSPICIOUS,2,serial-registrant
boxoftricks.org,SUSPICIOUS,2,serial-registrant
edgeexpansio.com,SUSPICIOUS,2,serial-registrant
abckzqjrgl.help,SUSPICIOUS,2,serial-registrant
51vvsp.com,SUSPICIOUS,2,serial-registrant
blenderjuicerlab.com,SUSPICIOUS,2,serial-registrant
looksy.qpon,SUSPICIOUS,2,serial-registrant
ritmasobrio.com,SUSPICIOUS,2,serial-registrant
belovever.com,SUSPICIOUS,2,serial-registrant
bellagiospins.biz,SUSPICIOUS,2,serial-registrant
bonacanna.com,SUSPICIOUS,2,serial-registrant
shanot1.com,SUSPICIOUS,2,serial-registrant
esnzt.xyz,SUSPICIOUS,2,serial-registrant
solmares.info,SUSPICIOUS,2,serial-registrant
legacypathwaysfinancial.com,SUSPICIOUS,2,serial-registrant
je-choisis-radiateur.com,SUSPICIOUS,2,serial-registrant
layaliamoura.com,SUSPICIOUS,2,serial-registrant
asftashillc.com,SUSPICIOUS,2,serial-registrant
1000pop.com,SUSPICIOUS,2,serial-registrant
0003ch.xyz,SUSPICIOUS,2,serial-registrant
bitseeks.com,SUSPICIOUS,2,serial-registrant
01chsp.xyz,SUSPICIOUS,2,serial-registrant
91pn112.cc,SUSPICIOUS,2,serial-registrant
voltplayerm3u.com,SUSPICIOUS,2,serial-registrant
67661119.com,SUSPICIOUS,2,serial-registrant
expansiocore.com,SUSPICIOUS,2,serial-registrant
backhit.com,SUSPICIOUS,2,serial-registrant
e252ntt.xyz,SUSPICIOUS,2,serial-registrant
number-point.com,SUSPICIOUS,2,serial-registrant
003ty.xyz,SUSPICIOUS,2,serial-registrant
11m96.xyz,SUSPICIOUS,2,serial-registrant
69blog.com,SUSPICIOUS,2,serial-registrant
ahlislot88.org,SUSPICIOUS,2,serial-registrant
afob.com,SUSPICIOUS,2,serial-registrant
edgeseason.sbs,SUSPICIOUS,2,serial-registrant
nexusxmine.com,SUSPICIOUS,2,serial-registrant
51-cigua.wiki,SUSPICIOUS,2,serial-registrant
r6hblw.casa,SUSPICIOUS,2,serial-registrant
8kmax.net,SUSPICIOUS,2,serial-registrant
50drdf7.xyz,SUSPICIOUS,2,serial-registrant
asian77.org,SUSPICIOUS,2,serial-registrant
acenhago.agency,SUSPICIOUS,2,serial-registrant
designgurutarget.com,SUSPICIOUS,2,serial-registrant
awiaclub.life,SUSPICIOUS,2,serial-registrant
2robin.net,SUSPICIOUS,2,serial-registrant
gatak.org,SUSPICIOUS,2,serial-registrant
cashloop.sbs,SUSPICIOUS,2,serial-registrant
ghqjrvkzmx.help,SUSPICIOUS,2,serial-registrant
jiukun39.autos,SUSPICIOUS,2,serial-registrant
55tnbkbt.vip,SUSPICIOUS,2,serial-registrant
67662053.com,SUSPICIOUS,2,serial-registrant
u5govi.casa,SUSPICIOUS,2,serial-registrant
aloybeauty.com,SUSPICIOUS,2,serial-registrant
buildtoexpansio.com,SUSPICIOUS,2,serial-registrant
designguruhead.com,SUSPICIOUS,2,serial-registrant
aquherton.com,SUSPICIOUS,2,serial-registrant
alihenergy.com,SUSPICIOUS,2,serial-registrant
beyincikisleri.com,SUSPICIOUS,2,serial-registrant
shanitor.com,SUSPICIOUS,2,serial-registrant
59z6abm.xyz,SUSPICIOUS,2,serial-registrant
cherry-garden-cz.club,SUSPICIOUS,2,serial-registrant
advertisevr.com,SUSPICIOUS,2,serial-registrant
ablogofrandomthings.xyz,SUSPICIOUS,2,serial-registrant
lightlink.sbs,SUSPICIOUS,2,serial-registrant
fpxkymdnjv.help,SUSPICIOUS,2,serial-registrant
abadi125.net,SUSPICIOUS,2,serial-registrant
bindussupply.com,SUSPICIOUS,2,serial-registrant
crmexperts.com,SUSPICIOUS,2,serial-registrant
klientboostpartners.com,SUSPICIOUS,2,serial-registrant
candysendy.com,SUSPICIOUS,2,serial-registrant
aeoc.com,SUSPICIOUS,2,serial-registrant
meritkibg1700.com,SUSPICIOUS,2,serial-registrant
miamiabogadotestamentario.com,SUSPICIOUS,2,serial-registrant
turkifsaclub64.sbs,SUSPICIOUS,2,serial-registrant
0007ch.xyz,SUSPICIOUS,2,serial-registrant
designgurudoctor.com,SUSPICIOUS,2,serial-registrant
altey.asia,SUSPICIOUS,2,serial-registrant
intercityterminal.com,SUSPICIOUS,2,serial-registrant
ajaes.com,SUSPICIOUS,2,serial-registrant
xc-energy.com,SUSPICIOUS,2,serial-registrant
earthcloud.sbs,SUSPICIOUS,2,serial-registrant
claimexpansio.com,SUSPICIOUS,2,serial-registrant
24naga.org,SUSPICIOUS,2,serial-registrant
drezix7.com,SUSPICIOUS,2,serial-registrant
e-wasteperu.com,SUSPICIOUS,2,serial-registrant
tech-makers.net,SUSPICIOUS,2,serial-registrant
cg19z.cfd,SUSPICIOUS,2,serial-registrant
jiukun28.autos,SUSPICIOUS,2,serial-registrant
csaexamquestions.com,SUSPICIOUS,2,serial-registrant
16kp77dd.xyz,SUSPICIOUS,2,serial-registrant
a0z1y.com,SUSPICIOUS,2,serial-registrant
5pinys9k.vip,SUSPICIOUS,2,serial-registrant
6766343.com,SUSPICIOUS,2,serial-registrant
meritkibg2002.com,SUSPICIOUS,2,serial-registrant
deltashippingexpress.com,SUSPICIOUS,2,serial-registrant
iwidu.cfd,SUSPICIOUS,2,serial-registrant
seetwitterpro.com,SUSPICIOUS,2,serial-registrant
baeon.com,SUSPICIOUS,2,serial-registrant
1tp12.cfd,SUSPICIOUS,2,serial-registrant
panneau-solaire-information.com,SUSPICIOUS,2,serial-registrant
finishfair.sbs,SUSPICIOUS,2,serial-registrant
fu8rvt.casa,SUSPICIOUS,2,serial-registrant
designgurupunch.com,SUSPICIOUS,2,serial-registrant
f49njtf.xyz,SUSPICIOUS,2,serial-registrant
chicken-games.sbs,SUSPICIOUS,2,serial-registrant
huanqiu17.cc,SUSPICIOUS,2,serial-registrant
atm55.org,SUSPICIOUS,2,serial-registrant
askonex.com,SUSPICIOUS,2,serial-registrant
je-change-radiateur-electrique.com,SUSPICIOUS,2,serial-registrant
commercialflipspacesdesign.com,SUSPICIOUS,2,serial-registrant
pdcvhtsmxy.help,SUSPICIOUS,2,serial-registrant
savoir-solaire.com,SUSPICIOUS,2,serial-registrant
turkifsaclub135.sbs,SUSPICIOUS,2,serial-registrant
bestcheerstonecabinets.com,SUSPICIOUS,2,serial-registrant
eydcomputer.com,SUSPICIOUS,2,serial-registrant
bluefilter.com,SUSPICIOUS,2,serial-registrant
1kingapp.icu,SUSPICIOUS,2,serial-registrant
aocnppracticetest.com,SUSPICIOUS,2,serial-registrant
designereg.com,SUSPICIOUS,2,serial-registrant
caofws.quest,SUSPICIOUS,2,serial-registrant
fingask.org,SUSPICIOUS,2,serial-registrant
3wgmart.com,SUSPICIOUS,2,serial-registrant
71692fai4cc0.com,SUSPICIOUS,2,serial-registrant
apollo99.org,SUSPICIOUS,2,serial-registrant
fytte-derros-verts.fun,SUSPICIOUS,2,serial-registrant
je-change-radiateur-inertie.com,SUSPICIOUS,2,serial-registrant
ksyrcqgvmw.help,SUSPICIOUS,2,serial-registrant
flipspaceamerica.com,SUSPICIOUS,2,serial-registrant
55sjlo.info,SUSPICIOUS,2,serial-registrant
5kgzk.buzz,SUSPICIOUS,2,serial-registrant
flipspacesusa.com,SUSPICIOUS,2,serial-registrant
rs7qgf.cfd,SUSPICIOUS,2,serial-registrant
00ccav.xyz,SUSPICIOUS,2,serial-registrant
orbitvenue.sbs,SUSPICIOUS,2,serial-registrant
fitmywheel.com,SUSPICIOUS,2,serial-registrant
ascendexpansio.com,SUSPICIOUS,2,serial-registrant
alexisssuksess.com,SUSPICIOUS,2,serial-registrant
berlinproject.com,SUSPICIOUS,2,serial-registrant
goodlifexyz.com,SUSPICIOUS,2,serial-registrant
2021125.com,SUSPICIOUS,2,serial-registrant
seesearchpro.com,SUSPICIOUS,2,serial-registrant
managedata.sbs,SUSPICIOUS,2,serial-registrant
67661105.com,SUSPICIOUS,2,serial-registrant
11n30.xyz,SUSPICIOUS,2,serial-registrant
gs5qkd.cfd,SUSPICIOUS,2,serial-registrant
barmoredsecurity.com,SUSPICIOUS,2,serial-registrant
adavictoria.com,SUSPICIOUS,2,serial-registrant
seniorassistedlivingca.com,SUSPICIOUS,2,serial-registrant
0032ch.xyz,SUSPICIOUS,2,serial-registrant
meritjing5005.com,SUSPICIOUS,2,serial-registrant
bermodashop.com,SUSPICIOUS,2,serial-registrant
flipspacesofficeinterior.com,SUSPICIOUS,2,serial-registrant
jzrgwxftqc.help,SUSPICIOUS,2,serial-registrant
chpainters.com,SUSPICIOUS,2,serial-registrant
kboostedcampaign.com,SUSPICIOUS,2,serial-registrant
kboostedstrategy.com,SUSPICIOUS,2,serial-registrant
klientboostco.com,SUSPICIOUS,2,serial-registrant
11m60.xyz,SUSPICIOUS,2,serial-registrant
allinjepang88.com,SUSPICIOUS,2,serial-registrant
seeshoepro.com,SUSPICIOUS,2,serial-registrant
flipspacesamerica.com,SUSPICIOUS,2,serial-registrant
ma-formation-gratuite.net,SUSPICIOUS,2,serial-registrant
deportesdo.com,SUSPICIOUS,2,serial-registrant
babepoker.org,SUSPICIOUS,2,serial-registrant
blueyuma.com,SUSPICIOUS,2,serial-registrant
dqfkypbcmv.help,SUSPICIOUS,2,serial-registrant
exploreexpansio.com,SUSPICIOUS,2,serial-registrant
freesocialcreditscores.com,SUSPICIOUS,2,serial-registrant
panherfrican.org,SUSPICIOUS,2,serial-registrant
ahlitoto.org,SUSPICIOUS,2,serial-registrant
bookiepalace88.org,SUSPICIOUS,2,serial-registrant
create-my-space.com,SUSPICIOUS,2,serial-registrant
agensbo188.org,SUSPICIOUS,2,serial-registrant
cdcjoy.pics,SUSPICIOUS,2,serial-registrant
eskvp.xyz,SUSPICIOUS,2,serial-registrant
freeerm.com,SUSPICIOUS,2,serial-registrant
anonymbucks.com,SUSPICIOUS,2,serial-registrant
delinquenttaxsalerefund.com,SUSPICIOUS,2,serial-registrant
51-chig.wiki,SUSPICIOUS,2,serial-registrant
3hotchillies-ci.live,SUSPICIOUS,2,serial-registrant
ahlu-kocak.com,SUSPICIOUS,2,serial-registrant
00yca37.xyz,SUSPICIOUS,2,serial-registrant
boldbux.com,SUSPICIOUS,2,serial-registrant
91pn172.cc,SUSPICIOUS,2,serial-registrant
91pn122.cc,SUSPICIOUS,2,serial-registrant
jmkzsbcptl.help,SUSPICIOUS,2,serial-registrant
fgqjzrkvmn.help,SUSPICIOUS,2,serial-registrant
plusdesignguru.com,SUSPICIOUS,2,serial-registrant
entryandexit.com,SUSPICIOUS,2,serial-registrant
flipspacesusai.com,SUSPICIOUS,2,serial-registrant
comprimidoserteis.com,SUSPICIOUS,2,serial-registrant
turkifsaclub-17.sbs,SUSPICIOUS,2,serial-registrant
houseofdesignguru.com,SUSPICIOUS,2,serial-registrant
ccshexamprep.com,SUSPICIOUS,2,serial-registrant
astalina.com,SUSPICIOUS,2,serial-registrant
d0t6n9g.xyz,SUSPICIOUS,2,serial-registrant
appliancerepairhempsteadny.com,SUSPICIOUS,2,serial-registrant
je-renove2.net,SUSPICIOUS,2,serial-registrant
huanqiu100.cc,SUSPICIOUS,2,serial-registrant
5dw9r.com,SUSPICIOUS,2,serial-registrant
1806766.com,SUSPICIOUS,2,serial-registrant
hi7ekf.casa,SUSPICIOUS,2,serial-registrant
hoteltouch.sbs,SUSPICIOUS,2,serial-registrant
c4h9t.com,SUSPICIOUS,2,serial-registrant
gb38aw.cfd,SUSPICIOUS,2,serial-registrant
qiren5.com,SUSPICIOUS,2,serial-registrant
seelegalpro.com,SUSPICIOUS,2,serial-registrant
alandanhx.com,SUSPICIOUS,2,serial-registrant
arista99.org,SUSPICIOUS,2,serial-registrant
bionger.com,SUSPICIOUS,2,serial-registrant
crmfast.com,SUSPICIOUS,2,serial-registrant
3dartprint.com,SUSPICIOUS,2,serial-registrant
c0zrrdc.xyz,SUSPICIOUS,2,serial-registrant
klientbplanner.com,SUSPICIOUS,2,serial-registrant
stoptaxforeclosures.com,SUSPICIOUS,2,serial-registrant
aromainternationalinc.com,SUSPICIOUS,2,serial-registrant
kboostedmarket.com,SUSPICIOUS,2,serial-registrant
breakthroughwithexpansio.com,SUSPICIOUS,2,serial-registrant
11m83.xyz,SUSPICIOUS,2,serial-registrant
dashpad.com,SUSPICIOUS,2,serial-registrant
michaelemrvr.com,SUSPICIOUS,2,serial-registrant
ok-devis-radiateur-electrique.com,SUSPICIOUS,2,serial-registrant
91pn184.cc,SUSPICIOUS,2,serial-registrant
bigfish.ink,SUSPICIOUS,2,serial-registrant
designflipspacesus.com,SUSPICIOUS,2,serial-registrant
ctsppracticetest.com,SUSPICIOUS,2,serial-registrant
designerflipspacesusa.com,SUSPICIOUS,2,serial-registrant
en2w6pa.xyz,SUSPICIOUS,2,serial-registrant
63unh.com,SUSPICIOUS,2,serial-registrant
shanix2.com,SUSPICIOUS,2,serial-registrant
hakabet788.org,SUSPICIOUS,2,serial-registrant
gasfexamquestions.com,SUSPICIOUS,2,serial-registrant
67661097.com,SUSPICIOUS,2,serial-registrant
499club.com,SUSPICIOUS,2,serial-registrant
91hlwang.com,SUSPICIOUS,2,serial-registrant
barudak328.com,SUSPICIOUS,2,serial-registrant
bigbassvema.life,SUSPICIOUS,2,serial-registrant
huanqiu28.cc,SUSPICIOUS,2,serial-registrant
socialdesignguru.com,SUSPICIOUS,2,serial-registrant
scowasnigeria.com,SUSPICIOUS,2,serial-registrant
b99f7u5.xyz,SUSPICIOUS,2,serial-registrant
bobototo4d.org,SUSPICIOUS,2,serial-registrant
cloudclear.sbs,SUSPICIOUS,2,serial-registrant
exploremoreexpansio.com,SUSPICIOUS,2,serial-registrant
kingdomdesignguru.com,SUSPICIOUS,2,serial-registrant
aqzjrfkvmc.help,SUSPICIOUS,2,serial-registrant
mx-company.live,SUSPICIOUS,2,serial-registrant
alsphat.net,SUSPICIOUS,2,serial-registrant
anakzllc.com,SUSPICIOUS,2,serial-registrant
g1pstw.casa,SUSPICIOUS,2,serial-registrant
brodanbos.com,SUSPICIOUS,2,serial-registrant
76cx27d.xyz,SUSPICIOUS,2,serial-registrant
meritkibg2001.com,SUSPICIOUS,2,serial-registrant
arista77.org,SUSPICIOUS,2,serial-registrant
205vn.com,SUSPICIOUS,2,serial-registrant
bet364.sbs,SUSPICIOUS,2,serial-registrant
cuxrnwpygj.help,SUSPICIOUS,2,serial-registrant
l7qbkv.cfd,SUSPICIOUS,2,serial-registrant
bga8jcb.xyz,SUSPICIOUS,2,serial-registrant
aresore.net,SUSPICIOUS,2,serial-registrant
plazausedcars.com,SUSPICIOUS,2,serial-registrant
barquettealuminium.com,SUSPICIOUS,2,serial-registrant
caswellproductsllc.com,SUSPICIOUS,2,serial-registrant
franklinleedscreative.com,SUSPICIOUS,2,serial-registrant
m86iuk.quest,SUSPICIOUS,2,serial-registrant
boostal.com,SUSPICIOUS,2,serial-registrant
up5fup.cfd,SUSPICIOUS,2,serial-registrant
apartmentrelet.com,SUSPICIOUS,2,serial-registrant
expertpipe.biz,SUSPICIOUS,2,serial-registrant
016chi.xyz,SUSPICIOUS,2,serial-registrant
turkifsa778.sbs,SUSPICIOUS,2,serial-registrant
anderita.com,SUSPICIOUS,2,serial-registrant
arolix.com,SUSPICIOUS,2,serial-registrant
casanorocului.ink,SUSPICIOUS,2,serial-registrant
plenzora.com,SUSPICIOUS,2,serial-registrant
ascendwithexpansio.com,SUSPICIOUS,2,serial-registrant
conjuntosunidos.com,SUSPICIOUS,2,serial-registrant
caroteusallc.com,SUSPICIOUS,2,serial-registrant
meeitking1688.com,SUSPICIOUS,2,serial-registrant
flipspacesconsultants.com,SUSPICIOUS,2,serial-registrant
ablecosmos.sbs,SUSPICIOUS,2,serial-registrant
ghqzbfkrvn.help,SUSPICIOUS,2,serial-registrant
02leg.xyz,SUSPICIOUS,2,serial-registrant
dramirnaflores.com,SUSPICIOUS,2,serial-registrant
plerovix.com,SUSPICIOUS,2,serial-registrant
a1a2y.com,SUSPICIOUS,2,serial-registrant
thecommercialnetwork.com,SUSPICIOUS,2,serial-registrant
ariaugustine.com,SUSPICIOUS,2,serial-registrant
candupoker.org,SUSPICIOUS,2,serial-registrant
coloksgp99.org,SUSPICIOUS,2,serial-registrant
91gcv.com,SUSPICIOUS,2,serial-registrant
expansioplus.com,SUSPICIOUS,2,serial-registrant
gcfrexamquestions.com,SUSPICIOUS,2,serial-registrant
r9xwzd.lat,SUSPICIOUS,2,serial-registrant
nvolvehernigeria.org,SUSPICIOUS,2,serial-registrant
seechesspro.com,SUSPICIOUS,2,serial-registrant
0012ch.xyz,SUSPICIOUS,2,serial-registrant
91pn141.cc,SUSPICIOUS,2,serial-registrant
klientboostdigital.com,SUSPICIOUS,2,serial-registrant
51chig-uaw.wiki,SUSPICIOUS,2,serial-registrant
jynsxztlgv.help,SUSPICIOUS,2,serial-registrant
meritkimg1680.com,SUSPICIOUS,2,serial-registrant
ecotextilellc.com,SUSPICIOUS,2,serial-registrant
bookrez.com,SUSPICIOUS,2,serial-registrant
meritkimg1697.com,SUSPICIOUS,2,serial-registrant
2021127.com,SUSPICIOUS,2,serial-registrant
51sq.wiki,SUSPICIOUS,2,serial-registrant
sbvrentacar.com,SUSPICIOUS,2,serial-registrant
bcrassociatesgreen.com,SUSPICIOUS,2,serial-registrant
0039ch.xyz,SUSPICIOUS,2,serial-registrant
3xshipin.com,SUSPICIOUS,2,serial-registrant
betbola288.net,SUSPICIOUS,2,serial-registrant
16kp85bb.xyz,SUSPICIOUS,2,serial-registrant
dq2pa.work,SUSPICIOUS,2,serial-registrant
dwfktqgnps.help,SUSPICIOUS,2,serial-registrant
pavtelnorimx.help,SUSPICIOUS,2,serial-registrant
sticklen-ins.com,SUSPICIOUS,2,serial-registrant
turkifsaclub19.sbs,SUSPICIOUS,2,serial-registrant
bibikallc.com,SUSPICIOUS,2,serial-registrant
amplifyexpansio.com,SUSPICIOUS,2,serial-registrant
designerflipspacesus.com,SUSPICIOUS,2,serial-registrant
betarow.com,SUSPICIOUS,2,serial-registrant
8pbn5hv.xyz,SUSPICIOUS,2,serial-registrant
5d0mk0q.xyz,SUSPICIOUS,2,serial-registrant
miamijazzproject.com,SUSPICIOUS,2,serial-registrant
seelovemakingpro.com,SUSPICIOUS,2,serial-registrant
aryareport.com,SUSPICIOUS,2,serial-registrant
11n19.xyz,SUSPICIOUS,2,serial-registrant
appliancesforyou.com,SUSPICIOUS,2,serial-registrant
11m89.xyz,SUSPICIOUS,2,serial-registrant
airplay77.org,SUSPICIOUS,2,serial-registrant
ctrspracticeexam.com,SUSPICIOUS,2,serial-registrant
directdesignguru.com,SUSPICIOUS,2,serial-registrant
diveintoexpansio.com,SUSPICIOUS,2,serial-registrant
flipworkspaceinteriors.com,SUSPICIOUS,2,serial-registrant
hvyctmdqzx.help,SUSPICIOUS,2,serial-registrant
jelronavitq.help,SUSPICIOUS,2,serial-registrant
keenhandy.sbs,SUSPICIOUS,2,serial-registrant
008fp.xyz,SUSPICIOUS,2,serial-registrant
internationallawmiami.com,SUSPICIOUS,2,serial-registrant
seephonepro.com,SUSPICIOUS,2,serial-registrant
turkifsaclub42.sbs,SUSPICIOUS,2,serial-registrant
turkifsaclub45.sbs,SUSPICIOUS,2,serial-registrant
drezon3.com,SUSPICIOUS,2,serial-registrant
ironpoor.com,SUSPICIOUS,2,serial-registrant
clientdesignguru.com,SUSPICIOUS,2,serial-registrant
apelqq.net,SUSPICIOUS,2,serial-registrant
megatransfer-kz.asia,SUSPICIOUS,2,serial-registrant
aab.quest,SUSPICIOUS,2,serial-registrant
beginwithexpansio.com,SUSPICIOUS,2,serial-registrant
doyotradingco.com,SUSPICIOUS,2,serial-registrant
seepersonalloanpro.com,SUSPICIOUS,2,serial-registrant
bethelheightsark.org,SUSPICIOUS,2,serial-registrant
buildwithexpansio.com,SUSPICIOUS,2,serial-registrant
clientwalk.sbs,SUSPICIOUS,2,serial-registrant
flipspacesprodesign.com,SUSPICIOUS,2,serial-registrant
gqwxmzvtlk.help,SUSPICIOUS,2,serial-registrant
glamslamusa.com,SUSPICIOUS,2,serial-registrant
5ou9ylqe.vip,SUSPICIOUS,2,serial-registrant
harborkind.sbs,SUSPICIOUS,2,serial-registrant
airotop.click,SUSPICIOUS,2,serial-registrant
casanorocului.xyz,SUSPICIOUS,2,serial-registrant
turkifsaclub28.sbs,SUSPICIOUS,2,serial-registrant
seejuicingpro.com,SUSPICIOUS,2,serial-registrant
arculite.com,SUSPICIOUS,2,serial-registrant
smartwhipdubaidxb.com,SUSPICIOUS,2,serial-registrant
jlrupgrade.com,SUSPICIOUS,2,serial-registrant
essayaidexperts.com,SUSPICIOUS,2,serial-registrant
pu5zxp.qpon,SUSPICIOUS,2,serial-registrant
bahancoloktoto.com,SUSPICIOUS,2,serial-registrant
fortnite-accounts.com,SUSPICIOUS,2,serial-registrant
kcbhrvwmdx.help,SUSPICIOUS,2,serial-registrant
abcers.com,SUSPICIOUS,2,serial-registrant
seerealestatepro.com,SUSPICIOUS,2,serial-registrant
67662625.com,SUSPICIOUS,2,serial-registrant
flipspacedesign.com,SUSPICIOUS,2,serial-registrant
advertising.motorcycles,SUSPICIOUS,2,serial-registrant
kboostedrive.com,SUSPICIOUS,2,serial-registrant
glezan5.com,SUSPICIOUS,2,serial-registrant
dingdongcasino.org,SUSPICIOUS,2,serial-registrant
234mpo.org,SUSPICIOUS,2,serial-registrant
1106766.com,SUSPICIOUS,2,serial-registrant
flipspacerestaurantdesign.com,SUSPICIOUS,2,serial-registrant
gisppracticetest.com,SUSPICIOUS,2,serial-registrant
conceptname.com,SUSPICIOUS,2,serial-registrant
imadmohamed.com,SUSPICIOUS,2,serial-registrant
billysdomain.net,SUSPICIOUS,2,serial-registrant
coreexpansio.com,SUSPICIOUS,2,serial-registrant
horsebrook.net,SUSPICIOUS,2,serial-registrant
fxwncpqjbh.help,SUSPICIOUS,2,serial-registrant
abtocgreenhouse.com,SUSPICIOUS,2,serial-registrant
meeitking5005.com,SUSPICIOUS,2,serial-registrant
oxgwtlqznd.help,SUSPICIOUS,2,serial-registrant
bokepjepang2z.org,SUSPICIOUS,2,serial-registrant
alocool.com,SUSPICIOUS,2,serial-registrant
ganfyd.net,SUSPICIOUS,2,serial-registrant
015chi.xyz,SUSPICIOUS,2,serial-registrant
abundanti.com,SUSPICIOUS,2,serial-registrant
ciwbox.pics,SUSPICIOUS,2,serial-registrant
auralations.com,SUSPICIOUS,2,serial-registrant
67662058.com,SUSPICIOUS,2,serial-registrant
turkifsaclub111.sbs,SUSPICIOUS,2,serial-registrant
expansiocatalyst.com,SUSPICIOUS,2,serial-registrant
klientboostroi.com,SUSPICIOUS,2,serial-registrant
mdcqxzpsnf.help,SUSPICIOUS,2,serial-registrant
abogadodebienesraicesenmiami.com,SUSPICIOUS,2,serial-registrant
51cgw.art,SUSPICIOUS,2,serial-registrant
1pz26.xyz,SUSPICIOUS,2,serial-registrant
acgd.com,SUSPICIOUS,2,serial-registrant
arenadomino99.net,SUSPICIOUS,2,serial-registrant
autorepay.com,SUSPICIOUS,2,serial-registrant
bellaxanthia.com,SUSPICIOUS,2,serial-registrant
biz8b03.com,SUSPICIOUS,2,serial-registrant
bizwitty.com,SUSPICIOUS,2,serial-registrant
datapublicorp.com,SUSPICIOUS,2,serial-registrant
0k11.org,SUSPICIOUS,2,serial-registrant
11m42.xyz,SUSPICIOUS,2,serial-registrant
askkenapp.com,SUSPICIOUS,2,serial-registrant
see5gpro.com,SUSPICIOUS,2,serial-registrant
expansiovision.com,SUSPICIOUS,2,serial-registrant
bellson.org,SUSPICIOUS,2,serial-registrant
mellow.mom,SUSPICIOUS,2,serial-registrant
klientboostedalliance.com,SUSPICIOUS,2,serial-registrant
leathertrim.com,SUSPICIOUS,2,serial-registrant
67662060.com,SUSPICIOUS,2,serial-registrant
chinapowerstation.com,SUSPICIOUS,2,serial-registrant
fixedincomesecurity.com,SUSPICIOUS,2,serial-registrant
cashphones.com,SUSPICIOUS,2,serial-registrant
91pn156.cc,SUSPICIOUS,2,serial-registrant
meritkibg1676.com,SUSPICIOUS,2,serial-registrant
auropetofficial.com,SUSPICIOUS,2,serial-registrant
forestdome.com,SUSPICIOUS,2,serial-registrant
hoangtao.net,SUSPICIOUS,2,serial-registrant
clearexpansio.com,SUSPICIOUS,2,serial-registrant
theonetheonlydesignguru.com,SUSPICIOUS,2,serial-registrant
blationnation.com,SUSPICIOUS,2,serial-registrant
hslcmyzfwq.help,SUSPICIOUS,2,serial-registrant
d8yyxhr.xyz,SUSPICIOUS,2,serial-registrant
5vev7z5.xyz,SUSPICIOUS,2,serial-registrant
b9heatandpower.com,SUSPICIOUS,2,serial-registrant
seestockmarketpro.com,SUSPICIOUS,2,serial-registrant
blitzisreal.ink,SUSPICIOUS,2,serial-registrant
fb8opa.sbs,SUSPICIOUS,2,serial-registrant
flipworkspacedesignusa.com,SUSPICIOUS,2,serial-registrant
panneau-solaire-installateur.com,SUSPICIOUS,2,serial-registrant
royalpathwayinternationalschools.org,SUSPICIOUS,2,serial-registrant
awesomedesignguru.com,SUSPICIOUS,2,serial-registrant
aleopardstail.com,SUSPICIOUS,2,serial-registrant
01zqh.com,SUSPICIOUS,2,serial-registrant
lqrspgzxdf.help,SUSPICIOUS,2,serial-registrant
pro-pompeachaleur.com,SUSPICIOUS,2,serial-registrant
bbfs4d.org,SUSPICIOUS,2,serial-registrant
5iz13t0.xyz,SUSPICIOUS,2,serial-registrant
kgvpxmzqdn.help,SUSPICIOUS,2,serial-registrant
mes-devis-radiateur-inertie.com,SUSPICIOUS,2,serial-registrant
a6ls2.com,SUSPICIOUS,2,serial-registrant
expansiopulse.com,SUSPICIOUS,2,serial-registrant
kboostedgrowth.com,SUSPICIOUS,2,serial-registrant
aubusson-robert-four-creation.com,SUSPICIOUS,2,serial-registrant
hntmcvzqjb.help,SUSPICIOUS,2,serial-registrant
kingmerit2017.com,SUSPICIOUS,2,serial-registrant
seeexhibits.com,SUSPICIOUS,2,serial-registrant
aawn.com,SUSPICIOUS,2,serial-registrant
freekeep.com,SUSPICIOUS,2,serial-registrant
klervian.com,SUSPICIOUS,2,serial-registrant
burstsocial.org,SUSPICIOUS,2,serial-registrant
kboostedvision.com,SUSPICIOUS,2,serial-registrant
360mediacontrol.com,SUSPICIOUS,2,serial-registrant
devis-renovation-chauffage.com,SUSPICIOUS,2,serial-registrant
ampera138.net,SUSPICIOUS,2,serial-registrant
qirentox.com,SUSPICIOUS,2,serial-registrant
angelic-network.com,SUSPICIOUS,2,serial-registrant
seeinternetmobiletvpro.com,SUSPICIOUS,2,serial-registrant
kboosteddrive.com,SUSPICIOUS,2,serial-registrant
shalitor.com,SUSPICIOUS,2,serial-registrant
designguruinyourcorner.com,SUSPICIOUS,2,serial-registrant
customwatchfactory.com,SUSPICIOUS,2,serial-registrant
5aqz8hn.xyz,SUSPICIOUS,2,serial-registrant
91-duanship.wiki,SUSPICIOUS,2,serial-registrant
servisigra.sbs,SUSPICIOUS,2,serial-registrant
meritbet1681.com,SUSPICIOUS,2,serial-registrant
0043ch.xyz,SUSPICIOUS,2,serial-registrant
canim-oyna.live,SUSPICIOUS,2,serial-registrant
betzoplay.pics,SUSPICIOUS,2,serial-registrant
coinvolcano777.icu,SUSPICIOUS,2,serial-registrant
67662640.com,SUSPICIOUS,2,serial-registrant
flipspacesinterior.com,SUSPICIOUS,2,serial-registrant
stratus64.com,SUSPICIOUS,2,serial-registrant
16kp8gg.xyz,SUSPICIOUS,2,serial-registrant
2021153.com,SUSPICIOUS,2,serial-registrant
enrollexpansio.com,SUSPICIOUS,2,serial-registrant
bl97bh.cfd,SUSPICIOUS,2,serial-registrant
curlymoods.com,SUSPICIOUS,2,serial-registrant
4y3xtq.mom,SUSPICIOUS,2,serial-registrant
91pn120.cc,SUSPICIOUS,2,serial-registrant
glotechincs.com,SUSPICIOUS,2,serial-registrant
designgurukick.com,SUSPICIOUS,2,serial-registrant
demandright.com,SUSPICIOUS,2,serial-registrant
hedgecloud.cyou,SUSPICIOUS,2,serial-registrant
123-formation.net,SUSPICIOUS,2,serial-registrant
jkssh.com,SUSPICIOUS,2,serial-registrant
kboostedimpact.com,SUSPICIOUS,2,serial-registrant
peakmouse.com,SUSPICIOUS,2,serial-registrant
201nn.xyz,SUSPICIOUS,2,serial-registrant
51spinn.com,SUSPICIOUS,2,serial-registrant
cbjlawfirmuk.com,SUSPICIOUS,2,serial-registrant
jiukun24.autos,SUSPICIOUS,2,serial-registrant
glenix7.com,SUSPICIOUS,2,serial-registrant
kenquine.com,SUSPICIOUS,2,serial-registrant
kboostedprospect.com,SUSPICIOUS,2,serial-registrant
klientbclicks.com,SUSPICIOUS,2,serial-registrant
czcxr.cfd,SUSPICIOUS,2,serial-registrant
lzxgrdnpcf.help,SUSPICIOUS,2,serial-registrant
turkifsaclub4.sbs,SUSPICIOUS,2,serial-registrant
babypeanut.org,SUSPICIOUS,2,serial-registrant
klervi7.com,SUSPICIOUS,2,serial-registrant
seepinterestpro.com,SUSPICIOUS,2,serial-registrant
ascexampracticeexam.com,SUSPICIOUS,2,serial-registrant
365styled.com,SUSPICIOUS,2,serial-registrant
covidvaccineinjuryclassaction.com,SUSPICIOUS,2,serial-registrant
klientboostlabs.com,SUSPICIOUS,2,serial-registrant
chezweed.com,SUSPICIOUS,2,serial-registrant
bulqy.com,SUSPICIOUS,2,serial-registrant
mestokniga.sbs,SUSPICIOUS,2,serial-registrant
apextribes.com,SUSPICIOUS,2,serial-registrant
buypsychedelicaustalia.com,SUSPICIOUS,2,serial-registrant
alfa788.org,SUSPICIOUS,2,serial-registrant
merirking1697.com,SUSPICIOUS,2,serial-registrant
bry5kz.buzz,SUSPICIOUS,2,serial-registrant
adclx.com,SUSPICIOUS,2,serial-registrant
devis-spa.net,SUSPICIOUS,2,serial-registrant
drexitor.com,SUSPICIOUS,2,serial-registrant
meritkinf1689.com,SUSPICIOUS,2,serial-registrant
iya79f.quest,SUSPICIOUS,2,serial-registrant
cazino.com,SUSPICIOUS,2,serial-registrant
67660050.com,SUSPICIOUS,2,serial-registrant
bloomingherbs.com,SUSPICIOUS,2,serial-registrant
joyascuencanas.com,SUSPICIOUS,2,serial-registrant
doctorsbestproducts.com,SUSPICIOUS,2,serial-registrant
anyknowsite.com,SUSPICIOUS,2,serial-registrant
je-choisis-toiture.com,SUSPICIOUS,2,serial-registrant
jeftinitoneri.com,SUSPICIOUS,2,serial-registrant
auditbuyer.sbs,SUSPICIOUS,2,serial-registrant
savegirlchildeducation.org,SUSPICIOUS,2,serial-registrant
designgurueyes.com,SUSPICIOUS,2,serial-registrant
bd-crazy-time.ink,SUSPICIOUS,2,serial-registrant
cahayapoker368.net,SUSPICIOUS,2,serial-registrant
banety.top,SUSPICIOUS,2,serial-registrant
effectivedate.com,SUSPICIOUS,2,serial-registrant
ctnjoy.pics,SUSPICIOUS,2,serial-registrant
kboostedresponse.com,SUSPICIOUS,2,serial-registrant
meeitking2009.com,SUSPICIOUS,2,serial-registrant
1srvr.com,SUSPICIOUS,2,serial-registrant
l1h2t.work,SUSPICIOUS,2,serial-registrant
kccfurniture.com,SUSPICIOUS,2,serial-registrant
16kp99qq.xyz,SUSPICIOUS,2,serial-registrant
naturalfit.sbs,SUSPICIOUS,2,serial-registrant
6766070.com,SUSPICIOUS,2,serial-registrant
buyjoy.qpon,SUSPICIOUS,2,serial-registrant
globrave.com,SUSPICIOUS,2,serial-registrant
gorilapoker.net,SUSPICIOUS,2,serial-registrant
meritbet2000.com,SUSPICIOUS,2,serial-registrant
tb8lhw.lat,SUSPICIOUS,2,serial-registrant
51hjjw.wiki,SUSPICIOUS,2,serial-registrant
exploreflipspacesdesign.com,SUSPICIOUS,2,serial-registrant
0057ch.xyz,SUSPICIOUS,2,serial-registrant
flipspacesnewyork.com,SUSPICIOUS,2,serial-registrant
4wuyp2u.xyz,SUSPICIOUS,2,serial-registrant
articulatingboomcranepracticetest.com,SUSPICIOUS,2,serial-registrant
turkifsaclub-19.sbs,SUSPICIOUS,2,serial-registrant
cavtemlornixq.help,SUSPICIOUS,2,serial-registrant
connectbeyondexpansio.com,SUSPICIOUS,2,serial-registrant
authorsappstore.com,SUSPICIOUS,2,serial-registrant
bandar11.org,SUSPICIOUS,2,serial-registrant
adesgroup.net,SUSPICIOUS,2,serial-registrant
11m48.xyz,SUSPICIOUS,2,serial-registrant
a2a97b8.xyz,SUSPICIOUS,2,serial-registrant
bestparrotbreeder.com,SUSPICIOUS,2,serial-registrant
02t8jf2.xyz,SUSPICIOUS,2,serial-registrant
commitwave.sbs,SUSPICIOUS,2,serial-registrant
cqipracticetest.com,SUSPICIOUS,2,serial-registrant
bsvtx7z.xyz,SUSPICIOUS,2,serial-registrant
trebon5.com,SUSPICIOUS,2,serial-registrant
002qw.xyz,SUSPICIOUS,2,serial-registrant
ctepracticetest.com,SUSPICIOUS,2,serial-registrant
fullnowllc.com,SUSPICIOUS,2,serial-registrant
0rmul.work,SUSPICIOUS,2,serial-registrant
hydrarental.com,SUSPICIOUS,2,serial-registrant
aviaindix.live,SUSPICIOUS,2,serial-registrant
51heil-iao.wiki,SUSPICIOUS,2,serial-registrant
91pn197.cc,SUSPICIOUS,2,serial-registrant
3dprintly.com,SUSPICIOUS,2,serial-registrant
chnagement-fenetre.com,SUSPICIOUS,2,serial-registrant
amazingdesignguru.com,SUSPICIOUS,2,serial-registrant
cmsppracticetest.com,SUSPICIOUS,2,serial-registrant
002skz.xyz,SUSPICIOUS,2,serial-registrant
vernunft.vip,SUSPICIOUS,2,serial-registrant
nxpytvrmzg.help,SUSPICIOUS,2,serial-registrant
bionzo.com,SUSPICIOUS,2,serial-registrant
aiksoluciones.com,SUSPICIOUS,2,serial-registrant
1q5fv.com,SUSPICIOUS,2,serial-registrant
004atk.xyz,SUSPICIOUS,2,serial-registrant
91heeliao.wiki,SUSPICIOUS,2,serial-registrant
4hqs92a.xyz,SUSPICIOUS,2,serial-registrant
biathlonua.club,SUSPICIOUS,2,serial-registrant
turkifsaclub-10.sbs,SUSPICIOUS,2,serial-registrant
51cggua.wiki,SUSPICIOUS,2,serial-registrant
bellotto.sbs,SUSPICIOUS,2,serial-registrant
gourmetecig.com,SUSPICIOUS,2,serial-registrant
applykeep.sbs,SUSPICIOUS,2,serial-registrant
turkifsaclub112.sbs,SUSPICIOUS,2,serial-registrant
01mvp.xyz,SUSPICIOUS,2,serial-registrant
berduit168.net,SUSPICIOUS,2,serial-registrant
allperformanceshops.com,SUSPICIOUS,2,serial-registrant
16kp6qq.xyz,SUSPICIOUS,2,serial-registrant
91cg-dh.wiki,SUSPICIOUS,2,serial-registrant
afrikdiaspotv.com,SUSPICIOUS,2,serial-registrant
antalyaacilcilingir.com,SUSPICIOUS,2,serial-registrant
dominatewithexpansio.com,SUSPICIOUS,2,serial-registrant
esbpracticetest.com,SUSPICIOUS,2,serial-registrant
gentlepush.com,SUSPICIOUS,2,serial-registrant
partnernew.sbs,SUSPICIOUS,2,serial-registrant
expansioscale.com,SUSPICIOUS,2,serial-registrant
b1a2x.com,SUSPICIOUS,2,serial-registrant
jumpdesignguru.com,SUSPICIOUS,2,serial-registrant
kboostedplanner.com,SUSPICIOUS,2,serial-registrant
leskovackeprice.com,SUSPICIOUS,2,serial-registrant
four-aubusson.com,SUSPICIOUS,2,serial-registrant
asia878.org,SUSPICIOUS,2,serial-registrant
67661095.com,SUSPICIOUS,2,serial-registrant
bests-slots.com,SUSPICIOUS,2,serial-registrant
meeitking2018.com,SUSPICIOUS,2,serial-registrant
balloon-x.sbs,SUSPICIOUS,2,serial-registrant
almazhr.com,SUSPICIOUS,2,serial-registrant
novasecco.com,SUSPICIOUS,2,serial-registrant
5kysqp81.vip,SUSPICIOUS,2,serial-registrant
turkifsaclub15.sbs,SUSPICIOUS,2,serial-registrant
2021162.com,SUSPICIOUS,2,serial-registrant
klientboostedleads.com,SUSPICIOUS,2,serial-registrant
mnqjfzkrvc.help,SUSPICIOUS,2,serial-registrant
northcarolinahailrepair.com,SUSPICIOUS,2,serial-registrant
cookinggiftsetcollc.com,SUSPICIOUS,2,serial-registrant
015wy.xyz,SUSPICIOUS,2,serial-registrant
hrqjzfnkxc.help,SUSPICIOUS,2,serial-registrant
betlabelpo.life,SUSPICIOUS,2,serial-registrant
f9m8pt2.xyz,SUSPICIOUS,2,serial-registrant
0038ch.xyz,SUSPICIOUS,2,serial-registrant
collectfit.sbs,SUSPICIOUS,2,serial-registrant
davidrossiter.com,SUSPICIOUS,2,serial-registrant
klientboostr.com,SUSPICIOUS,2,serial-registrant
grkwfcpzys.help,SUSPICIOUS,2,serial-registrant
006ty.xyz,SUSPICIOUS,2,serial-registrant
kboostedcreative.com,SUSPICIOUS,2,serial-registrant
kboostedmail.com,SUSPICIOUS,2,serial-registrant
51-baoliaow.wiki,SUSPICIOUS,2,serial-registrant
abstractive.com,SUSPICIOUS,2,serial-registrant
3enmedyareklam.com,SUSPICIOUS,2,serial-registrant
360ignite.com,SUSPICIOUS,2,serial-registrant
babi188.org,SUSPICIOUS,2,serial-registrant
canchitomio.com,SUSPICIOUS,2,serial-registrant
flipspacescommercialdesigns.com,SUSPICIOUS,2,serial-registrant
meritkinf1684.com,SUSPICIOUS,2,serial-registrant
nprxqfljvg.help,SUSPICIOUS,2,serial-registrant
67662057.com,SUSPICIOUS,2,serial-registrant
35yo.com,SUSPICIOUS,2,serial-registrant
meritiking5005.com,SUSPICIOUS,2,serial-registrant
bonatempora.com,SUSPICIOUS,2,serial-registrant
mocksecco.com,SUSPICIOUS,2,serial-registrant
91spinx.com,SUSPICIOUS,2,serial-registrant
broadcastmob.com,SUSPICIOUS,2,serial-registrant
klientboostagency.com,SUSPICIOUS,2,serial-registrant
avantiwayfinancial.com,SUSPICIOUS,2,serial-registrant
cvrtmyhlpg.help,SUSPICIOUS,2,serial-registrant
alzavel.com,SUSPICIOUS,2,serial-registrant
iosms.buzz,SUSPICIOUS,2,serial-registrant
liveprospect.com,SUSPICIOUS,2,serial-registrant
247phonerepair.com,SUSPICIOUS,2,serial-registrant
conectsy.app,SUSPICIOUS,2,serial-registrant
strongepic.sbs,SUSPICIOUS,2,serial-registrant
expandfurtherexpansio.com,SUSPICIOUS,2,serial-registrant
ok-artisan-pompeachaleur.com,SUSPICIOUS,2,serial-registrant
chairill.com,SUSPICIOUS,2,serial-registrant
talentcrafttourstaffing.com,SUSPICIOUS,2,serial-registrant
51hlzd.com,SUSPICIOUS,2,serial-registrant
w6q7n3.cfd,SUSPICIOUS,2,serial-registrant
5x5xc.xyz,SUSPICIOUS,2,serial-registrant
3i1cx7b9nupt.com,SUSPICIOUS,2,serial-registrant
pandasafes.com,SUSPICIOUS,2,serial-registrant
accubroker.com,SUSPICIOUS,2,serial-registrant
bagakju.com,SUSPICIOUS,2,serial-registrant
2021145.com,SUSPICIOUS,2,serial-registrant
flipspacesnynic.com,SUSPICIOUS,2,serial-registrant
6766323.com,SUSPICIOUS,2,serial-registrant
209vn.com,SUSPICIOUS,2,serial-registrant
ebellohomeincs.com,SUSPICIOUS,2,serial-registrant
51cgww.wiki,SUSPICIOUS,2,serial-registrant
carwheellights.com,SUSPICIOUS,2,serial-registrant
51-spw.wiki,SUSPICIOUS,2,serial-registrant
a2asol.com,SUSPICIOUS,2,serial-registrant
bunchmaker.com,SUSPICIOUS,2,serial-registrant
flipcommericalspacesusa.com,SUSPICIOUS,2,serial-registrant
klientboostcreative.com,SUSPICIOUS,2,serial-registrant
glenoron.com,SUSPICIOUS,2,serial-registrant
seeplumbingpro.com,SUSPICIOUS,2,serial-registrant
004yp.com,SUSPICIOUS,2,serial-registrant
ampera-888.org,SUSPICIOUS,2,serial-registrant
bintangmas99.net,SUSPICIOUS,2,serial-registrant
amnsykr.xyz,SUSPICIOUS,2,serial-registrant
frilit2.com,SUSPICIOUS,2,serial-registrant
6088031.com,SUSPICIOUS,2,serial-registrant
628digital.com,SUSPICIOUS,2,serial-registrant
expandwithoutexpansio.com,SUSPICIOUS,2,serial-registrant
gvcxbmrnwk.help,SUSPICIOUS,2,serial-registrant
academiamontes.com,SUSPICIOUS,2,serial-registrant
arm2.net,SUSPICIOUS,2,serial-registrant
stellarartbd.com,SUSPICIOUS,2,serial-registrant
ipronigeria.com,SUSPICIOUS,2,serial-registrant
bandit178.net,SUSPICIOUS,2,serial-registrant
12betllc.com,SUSPICIOUS,2,serial-registrant
001ty.xyz,SUSPICIOUS,2,serial-registrant
91pn148.cc,SUSPICIOUS,2,serial-registrant
ads4u.xyz,SUSPICIOUS,2,serial-registrant
businessesindelaware.com,SUSPICIOUS,2,serial-registrant
hardcashhomes.com,SUSPICIOUS,2,serial-registrant
14hundred.com,SUSPICIOUS,2,serial-registrant
meritbet2009.com,SUSPICIOUS,2,serial-registrant
acolan.com,SUSPICIOUS,2,serial-registrant
turkifsa00474.sbs,SUSPICIOUS,2,serial-registrant
klientbboosted.com,SUSPICIOUS,2,serial-registrant
qirend6.com,SUSPICIOUS,2,serial-registrant
mundominero.com,SUSPICIOUS,2,serial-registrant
4mobileredirect.com,SUSPICIOUS,2,serial-registrant
seeretailpro.com,SUSPICIOUS,2,serial-registrant
b8xjfh.qpon,SUSPICIOUS,2,serial-registrant
58bbiz.com,SUSPICIOUS,2,serial-registrant
latgpracticeexam.com,SUSPICIOUS,2,serial-registrant
nchekwubefoundation.com,SUSPICIOUS,2,serial-registrant
thelivinglotto.com,SUSPICIOUS,2,serial-registrant
dugemslot88.org,SUSPICIOUS,2,serial-registrant
meavev.com,SUSPICIOUS,2,serial-registrant
seemaskpro.com,SUSPICIOUS,2,serial-registrant
7i2wg.com,SUSPICIOUS,2,serial-registrant
seesoccerpro.com,SUSPICIOUS,2,serial-registrant
sxsegaming.com,SUSPICIOUS,2,serial-registrant
turkifsaclub34.sbs,SUSPICIOUS,2,serial-registrant
f7j7t.buzz,SUSPICIOUS,2,serial-registrant
2021149.com,SUSPICIOUS,2,serial-registrant
adnpop.com,SUSPICIOUS,2,serial-registrant
signanddriveevent.com,SUSPICIOUS,2,serial-registrant
ayamjantan.org,SUSPICIOUS,2,serial-registrant
67662630.com,SUSPICIOUS,2,serial-registrant
adzana.com,SUSPICIOUS,2,serial-registrant
gwdslots.org,SUSPICIOUS,2,serial-registrant
docksindustries.com,SUSPICIOUS,2,serial-registrant
clickblast.com,SUSPICIOUS,2,serial-registrant
flipspacesinteriordesign.com,SUSPICIOUS,2,serial-registrant
8vmeiz.cfd,SUSPICIOUS,2,serial-registrant
awan333.net,SUSPICIOUS,2,serial-registrant
banthisong.com,SUSPICIOUS,2,serial-registrant
estimation-pompeachaleur.com,SUSPICIOUS,2,serial-registrant
021qw.xyz,SUSPICIOUS,2,serial-registrant
pt3ozi.casa,SUSPICIOUS,2,serial-registrant
004ty.xyz,SUSPICIOUS,2,serial-registrant
11m57.xyz,SUSPICIOUS,2,serial-registrant
turkifsaclub-18.sbs,SUSPICIOUS,2,serial-registrant
gigbagpro.com,SUSPICIOUS,2,serial-registrant
meritbet2016.com,SUSPICIOUS,2,serial-registrant
001atk.xyz,SUSPICIOUS,2,serial-registrant
klientboostus.com,SUSPICIOUS,2,serial-registrant
b7az3ax.xyz,SUSPICIOUS,2,serial-registrant
bqltop.pics,SUSPICIOUS,2,serial-registrant
bbcine.com,SUSPICIOUS,2,serial-registrant
premedmajors.com,SUSPICIOUS,2,serial-registrant
2021157.com,SUSPICIOUS,2,serial-registrant
designgurucreator.com,SUSPICIOUS,2,serial-registrant
keepdesigngurudownlow.com,SUSPICIOUS,2,serial-registrant
b5p0v.com,SUSPICIOUS,2,serial-registrant
klientbcampaign.com,SUSPICIOUS,2,serial-registrant
elevateforwardexpansio.com,SUSPICIOUS,2,serial-registrant
meritjing1700.com,SUSPICIOUS,2,serial-registrant
ungani.com,SUSPICIOUS,2,serial-registrant
1406766.com,SUSPICIOUS,2,serial-registrant
icotz.com,SUSPICIOUS,2,serial-registrant
summertimesalesevent.com,SUSPICIOUS,2,serial-registrant
charpasperu.com,SUSPICIOUS,2,serial-registrant
ccdmpracticetest.com,SUSPICIOUS,2,serial-registrant
91pn154.cc,SUSPICIOUS,2,serial-registrant
designguruforum.com,SUSPICIOUS,2,serial-registrant
gvujk.work,SUSPICIOUS,2,serial-registrant
justvested.com,SUSPICIOUS,2,serial-registrant
lamicut.com,SUSPICIOUS,2,serial-registrant
vudln.cfd,SUSPICIOUS,2,serial-registrant
bonolt.sbs,SUSPICIOUS,2,serial-registrant
3wlimited.com,SUSPICIOUS,2,serial-registrant
buildforwardexpansio.com,SUSPICIOUS,2,serial-registrant
serverden.sbs,SUSPICIOUS,2,serial-registrant
jiukun46.autos,SUSPICIOUS,2,serial-registrant
holyspiritsaskatoon.com,SUSPICIOUS,2,serial-registrant
67660049.com,SUSPICIOUS,2,serial-registrant
stromlin.vip,SUSPICIOUS,2,serial-registrant
0044ch.xyz,SUSPICIOUS,2,serial-registrant
highscale.sbs,SUSPICIOUS,2,serial-registrant
6x9thyw.xyz,SUSPICIOUS,2,serial-registrant
g-lucas.com,SUSPICIOUS,2,serial-registrant
cciiexamquestions.com,SUSPICIOUS,2,serial-registrant
5mdk1s3.xyz,SUSPICIOUS,2,serial-registrant
8y6sk.com,SUSPICIOUS,2,serial-registrant
projet-toiture.com,SUSPICIOUS,2,serial-registrant
bkleon-br.sbs,SUSPICIOUS,2,serial-registrant
floralinferno.com,SUSPICIOUS,2,serial-registrant
accountgenius.com,SUSPICIOUS,2,serial-registrant
penthousemansions.com,SUSPICIOUS,2,serial-registrant
designflipspaces.com,SUSPICIOUS,2,serial-registrant
abogadosdebienesraicesenmiami.com,SUSPICIOUS,2,serial-registrant
gfactpracticetest.com,SUSPICIOUS,2,serial-registrant
jiuse54.cc,SUSPICIOUS,2,serial-registrant
8oz7x.com,SUSPICIOUS,2,serial-registrant
turkifsaclub142.sbs,SUSPICIOUS,2,serial-registrant
16kp13uu.xyz,SUSPICIOUS,2,serial-registrant
seemedicalpro.com,SUSPICIOUS,2,serial-registrant
byteenterprises.org,SUSPICIOUS,2,serial-registrant
m3rfck.qpon,SUSPICIOUS,2,serial-registrant
5008dkr.xyz,SUSPICIOUS,2,serial-registrant
51sequ.wiki,SUSPICIOUS,2,serial-registrant
a9s5i.com,SUSPICIOUS,2,serial-registrant
carbonnew.sbs,SUSPICIOUS,2,serial-registrant
casinowin.ink,SUSPICIOUS,2,serial-registrant
iel358.com,SUSPICIOUS,2,serial-registrant
mngcpwztyb.help,SUSPICIOUS,2,serial-registrant
5q96h3cz.vip,SUSPICIOUS,2,serial-registrant
bigbass777games.club,SUSPICIOUS,2,serial-registrant
004fp.xyz,SUSPICIOUS,2,serial-registrant
kboostedmarketing.com,SUSPICIOUS,2,serial-registrant
11m90.xyz,SUSPICIOUS,2,serial-registrant
1glyb.buzz,SUSPICIOUS,2,serial-registrant
cryptocoinetise.com,SUSPICIOUS,2,serial-registrant
5rvqerm.xyz,SUSPICIOUS,2,serial-registrant
mauvalsac.com,SUSPICIOUS,2,serial-registrant
aykbrandsllc.com,SUSPICIOUS,2,serial-registrant
designguruwhere.com,SUSPICIOUS,2,serial-registrant
aether.website,SUSPICIOUS,2,serial-registrant
exploregrowthwithexpansio.com,SUSPICIOUS,2,serial-registrant
familyestateliquidations.com,SUSPICIOUS,2,serial-registrant
boylegmfg.com,SUSPICIOUS,2,serial-registrant
bangkok-amp.info,SUSPICIOUS,2,serial-registrant
shalix1.com,SUSPICIOUS,2,serial-registrant
23iojsamdkllakm21oondsal.xyz,SUSPICIOUS,2,serial-registrant
retirementcommunitieslists.com,SUSPICIOUS,2,serial-registrant
accufair.com,SUSPICIOUS,2,serial-registrant
clearname.com,SUSPICIOUS,2,serial-registrant
flipspacesinteriordesignus.com,SUSPICIOUS,2,serial-registrant
ihzihan.com,SUSPICIOUS,2,serial-registrant
97lkb.com,SUSPICIOUS,2,serial-registrant
3dprinto.com,SUSPICIOUS,2,serial-registrant
50sfd.com,SUSPICIOUS,2,serial-registrant
carvedceladon.com,SUSPICIOUS,2,serial-registrant
designgurusoft.com,SUSPICIOUS,2,serial-registrant
flipspacesinteriorsus.com,SUSPICIOUS,2,serial-registrant
foodmanagerpracticetest.com,SUSPICIOUS,2,serial-registrant
huanqiu27.cc,SUSPICIOUS,2,serial-registrant
mj59zy.quest,SUSPICIOUS,2,serial-registrant
seefuturepro.com,SUSPICIOUS,2,serial-registrant
turkifsaclub22.sbs,SUSPICIOUS,2,serial-registrant
drinksinformation.com,SUSPICIOUS,2,serial-registrant
csgoking.life,SUSPICIOUS,2,serial-registrant
nexusdesignguru.com,SUSPICIOUS,2,serial-registrant
adultanimevideos.com,SUSPICIOUS,2,serial-registrant
meritkimg2009.com,SUSPICIOUS,2,serial-registrant
5dvr2hj.xyz,SUSPICIOUS,2,serial-registrant
agaa.com,SUSPICIOUS,2,serial-registrant
bonvercasino-ch.com,SUSPICIOUS,2,serial-registrant
huanqiu19.cc,SUSPICIOUS,2,serial-registrant
0016ch.xyz,SUSPICIOUS,2,serial-registrant
fs06c.quest,SUSPICIOUS,2,serial-registrant
meritkibg1689.com,SUSPICIOUS,2,serial-registrant
91duanvv.wiki,SUSPICIOUS,2,serial-registrant
2021128.com,SUSPICIOUS,2,serial-registrant
aegp.com,SUSPICIOUS,2,serial-registrant
comparateur-devis-photovoltaique.com,SUSPICIOUS,2,serial-registrant
000han.xyz,SUSPICIOUS,2,serial-registrant
aysolarbox.com,SUSPICIOUS,2,serial-registrant
ep0ykm.quest,SUSPICIOUS,2,serial-registrant
jiukun15.autos,SUSPICIOUS,2,serial-registrant
emrpracticetest.com,SUSPICIOUS,2,serial-registrant
turkifsaclub54.sbs,SUSPICIOUS,2,serial-registrant
apptionlabsinc.com,SUSPICIOUS,2,serial-registrant
51c-hi51.wiki,SUSPICIOUS,2,serial-registrant
eciggourmet.com,SUSPICIOUS,2,serial-registrant
merirking2018.com,SUSPICIOUS,2,serial-registrant
avia-funn.info,SUSPICIOUS,2,serial-registrant
ermfaq.com,SUSPICIOUS,2,serial-registrant
genuindigital.com,SUSPICIOUS,2,serial-registrant
kboostedconversion.com,SUSPICIOUS,2,serial-registrant
77777slots.sbs,SUSPICIOUS,2,serial-registrant
huanqiu12.cc,SUSPICIOUS,2,serial-registrant
jnzxbtgmpv.help,SUSPICIOUS,2,serial-registrant
leaserightnow.com,SUSPICIOUS,2,serial-registrant
claracrystals.com,SUSPICIOUS,2,serial-registrant
aplmax.pics,SUSPICIOUS,2,serial-registrant
51kanpianz.com,SUSPICIOUS,2,serial-registrant
adultvideostores.com,SUSPICIOUS,2,serial-registrant
chye5vu.xyz,SUSPICIOUS,2,serial-registrant
echelonmatch.com,SUSPICIOUS,2,serial-registrant
admittwo.com,SUSPICIOUS,2,serial-registrant
dripdiamondsstore.com,SUSPICIOUS,2,serial-registrant
herbalhack.com,SUSPICIOUS,2,serial-registrant
3oyondz.com,SUSPICIOUS,2,serial-registrant
6766306.com,SUSPICIOUS,2,serial-registrant
clearnames.com,SUSPICIOUS,2,serial-registrant
groceshop.com,SUSPICIOUS,2,serial-registrant
orbitequal.sbs,SUSPICIOUS,2,serial-registrant
mioficinadiamand.com,SUSPICIOUS,2,serial-registrant
bindassdesi.com,SUSPICIOUS,2,serial-registrant
3-pswells.com,SUSPICIOUS,2,serial-registrant
boomeranginhu.life,SUSPICIOUS,2,serial-registrant
3399gg.com,SUSPICIOUS,2,serial-registrant
acupracticeexam.com,SUSPICIOUS,2,serial-registrant
91pn102.cc,SUSPICIOUS,2,serial-registrant
crushexpansio.com,SUSPICIOUS,2,serial-registrant
klientbpromote.com,SUSPICIOUS,2,serial-registrant
gasken88.org,SUSPICIOUS,2,serial-registrant
merirking2007.com,SUSPICIOUS,2,serial-registrant
klientboosted.com,SUSPICIOUS,2,serial-registrant
91cguaw.com,SUSPICIOUS,2,serial-registrant
91pn145.cc,SUSPICIOUS,2,serial-registrant
91pn192.cc,SUSPICIOUS,2,serial-registrant
turkifsa44.sbs,SUSPICIOUS,2,serial-registrant
apexpage.com,SUSPICIOUS,2,serial-registrant
hirata-aramayo.com,SUSPICIOUS,2,serial-registrant
cyaehm.com,SUSPICIOUS,2,serial-registrant
1z5d4.work,SUSPICIOUS,2,serial-registrant
6766048.com,SUSPICIOUS,2,serial-registrant
marrakechtoursagency.org,SUSPICIOUS,2,serial-registrant
gamepyi.com,SUSPICIOUS,2,serial-registrant
banser77.org,SUSPICIOUS,2,serial-registrant
huanqiu21.cc,SUSPICIOUS,2,serial-registrant
touchalifemedia.com,SUSPICIOUS,2,serial-registrant
ue2wgw.sbs,SUSPICIOUS,2,serial-registrant
billyritchie.org,SUSPICIOUS,2,serial-registrant
n7h6nx.cfd,SUSPICIOUS,2,serial-registrant
51sh-equ.wiki,SUSPICIOUS,2,serial-registrant
crtflkvqjw.help,SUSPICIOUS,2,serial-registrant
hiworth.com,SUSPICIOUS,2,serial-registrant
ahlibet77.org,SUSPICIOUS,2,serial-registrant
ccifppracticeexam.com,SUSPICIOUS,2,serial-registrant
58dkl5eb.vip,SUSPICIOUS,2,serial-registrant
allstarguides.com,SUSPICIOUS,2,serial-registrant
drivebot.com,SUSPICIOUS,2,serial-registrant
qirendix.com,SUSPICIOUS,2,serial-registrant
designgurutrak.com,SUSPICIOUS,2,serial-registrant
5x1f8ly.xyz,SUSPICIOUS,2,serial-registrant
bhm-indivisible.org,SUSPICIOUS,2,serial-registrant
guitarpedalcontroller.com,SUSPICIOUS,2,serial-registrant
91pn127.cc,SUSPICIOUS,2,serial-registrant
lqhfknryzm.help,SUSPICIOUS,2,serial-registrant
4iragents.com,SUSPICIOUS,2,serial-registrant
fauchonlevy.com,SUSPICIOUS,2,serial-registrant
legalmalpracticeflorida.com,SUSPICIOUS,2,serial-registrant
blendaa.com,SUSPICIOUS,2,serial-registrant
big-fr.org,SUSPICIOUS,2,serial-registrant
dzh73.com,SUSPICIOUS,2,serial-registrant
adasni.com,SUSPICIOUS,2,serial-registrant
seecouponpro.com,SUSPICIOUS,2,serial-registrant
meritkinf1651.com,SUSPICIOUS,2,serial-registrant
bunnily.com,SUSPICIOUS,2,serial-registrant
aladin169.org,SUSPICIOUS,2,serial-registrant
2ex9dyd.xyz,SUSPICIOUS,2,serial-registrant
16kp16dd.xyz,SUSPICIOUS,2,serial-registrant
ajhrwe2.xyz,SUSPICIOUS,2,serial-registrant
openfabric.sbs,SUSPICIOUS,2,serial-registrant
biz8b04.com,SUSPICIOUS,2,serial-registrant
turkifsaclub100.sbs,SUSPICIOUS,2,serial-registrant
adasnorthiowa.com,SUSPICIOUS,2,serial-registrant
pro-photovoltaique.com,SUSPICIOUS,2,serial-registrant
britishcasino.win,SUSPICIOUS,2,serial-registrant
11m95.xyz,SUSPICIOUS,2,serial-registrant
6766344.com,SUSPICIOUS,2,serial-registrant
golifepackaging.com,SUSPICIOUS,2,serial-registrant
2r3f1d.work,SUSPICIOUS,2,serial-registrant
keycapmaker.com,SUSPICIOUS,2,serial-registrant
collectiblerarecoins.com,SUSPICIOUS,2,serial-registrant
deqrfkvzjm.help,SUSPICIOUS,2,serial-registrant
003fp.xyz,SUSPICIOUS,2,serial-registrant
m9vppd.lat,SUSPICIOUS,2,serial-registrant
je-choisis-radiateur-inertie.com,SUSPICIOUS,2,serial-registrant
5wwoyjb.xyz,SUSPICIOUS,2,serial-registrant
nirvanawellnessmassage.com,SUSPICIOUS,2,serial-registrant
jiuse56.cc,SUSPICIOUS,2,serial-registrant
bqlmax.pics,SUSPICIOUS,2,serial-registrant
afita.com,SUSPICIOUS,2,serial-registrant
dsvqkrbmjz.help,SUSPICIOUS,2,serial-registrant
91pn136.cc,SUSPICIOUS,2,serial-registrant
fq5txw.cfd,SUSPICIOUS,2,serial-registrant
bloomafrika.com,SUSPICIOUS,2,serial-registrant
modernvinylflooring.com,SUSPICIOUS,2,serial-registrant
kfxdqvszln.help,SUSPICIOUS,2,serial-registrant
91shiipin.com,SUSPICIOUS,2,serial-registrant
91pn138.cc,SUSPICIOUS,2,serial-registrant
lm2ixl.cfd,SUSPICIOUS,2,serial-registrant
6766316.com,SUSPICIOUS,2,serial-registrant
cotpracticetest.com,SUSPICIOUS,2,serial-registrant
devis-chaudiere.net,SUSPICIOUS,2,serial-registrant
buyerfront.sbs,SUSPICIOUS,2,serial-registrant
11n24.xyz,SUSPICIOUS,2,serial-registrant
0000ch.xyz,SUSPICIOUS,2,serial-registrant
9lfky.work,SUSPICIOUS,2,serial-registrant
turkifsaclub104.sbs,SUSPICIOUS,2,serial-registrant
434330.com,SUSPICIOUS,2,serial-registrant
11m88.xyz,SUSPICIOUS,2,serial-registrant
crystalbranchesllc.com,SUSPICIOUS,2,serial-registrant
91pn167.cc,SUSPICIOUS,2,serial-registrant
agen899.net,SUSPICIOUS,2,serial-registrant
crmtrue.com,SUSPICIOUS,2,serial-registrant
detailglow.sbs,SUSPICIOUS,2,serial-registrant
kboostedlaunch.com,SUSPICIOUS,2,serial-registrant
aov138.org,SUSPICIOUS,2,serial-registrant
secretar.work,SUSPICIOUS,2,serial-registrant
banser88.org,SUSPICIOUS,2,serial-registrant
37fj1n.vip,SUSPICIOUS,2,serial-registrant
91sh-equ.wiki,SUSPICIOUS,2,serial-registrant
dcsartzone.pics,SUSPICIOUS,2,serial-registrant
flipspacesofficedesign.com,SUSPICIOUS,2,serial-registrant
atmfastener.com,SUSPICIOUS,2,serial-registrant
debinolollc.com,SUSPICIOUS,2,serial-registrant
eyangslot88.org,SUSPICIOUS,2,serial-registrant
lqkxgwrbpc.help,SUSPICIOUS,2,serial-registrant
accs.space,SUSPICIOUS,2,serial-registrant
botiic.com,SUSPICIOUS,2,serial-registrant
juliobenavidessac.com,SUSPICIOUS,2,serial-registrant
t1eqnt.casa,SUSPICIOUS,2,serial-registrant
123jok.com,SUSPICIOUS,2,serial-registrant
api178.org,SUSPICIOUS,2,serial-registrant
seedrinkspro.com,SUSPICIOUS,2,serial-registrant
astro2.life,SUSPICIOUS,2,serial-registrant
frilan6.com,SUSPICIOUS,2,serial-registrant
f3qxoj.sbs,SUSPICIOUS,2,serial-registrant
accountator.net,SUSPICIOUS,2,serial-registrant
floridaestateprobatelawyer.com,SUSPICIOUS,2,serial-registrant
expandnowwithexpansio.com,SUSPICIOUS,2,serial-registrant
designgurusummit.com,SUSPICIOUS,2,serial-registrant
flipspacesdesignsnewyork.com,SUSPICIOUS,2,serial-registrant
ih3bdk.cfd,SUSPICIOUS,2,serial-registrant
china4d.org,SUSPICIOUS,2,serial-registrant
bqlbest.pics,SUSPICIOUS,2,serial-registrant
flipspacesarchitects.com,SUSPICIOUS,2,serial-registrant
google123.org,SUSPICIOUS,2,serial-registrant
aviaforge.com,SUSPICIOUS,2,serial-registrant
huanqiu2.cc,SUSPICIOUS,2,serial-registrant
f8yqm2d.xyz,SUSPICIOUS,2,serial-registrant
highpointhailrepair.com,SUSPICIOUS,2,serial-registrant
jiukun44.autos,SUSPICIOUS,2,serial-registrant
aubusson-art-robert-four.com,SUSPICIOUS,2,serial-registrant
turkifsaclub5.sbs,SUSPICIOUS,2,serial-registrant
16kp95qq.xyz,SUSPICIOUS,2,serial-registrant
elangpoker88.net,SUSPICIOUS,2,serial-registrant
91pn166.cc,SUSPICIOUS,2,serial-registrant
banjirhoki.net,SUSPICIOUS,2,serial-registrant
ekimehub.com,SUSPICIOUS,2,serial-registrant
fiftytoysofgray.com,SUSPICIOUS,2,serial-registrant
djuwita.beauty,SUSPICIOUS,2,serial-registrant
6766342.com,SUSPICIOUS,2,serial-registrant
holusti.com,SUSPICIOUS,2,serial-registrant
91pn123.cc,SUSPICIOUS,2,serial-registrant
gabbysdata.com,SUSPICIOUS,2,serial-registrant
geeksoc.net,SUSPICIOUS,2,serial-registrant
hiqcfzrgkm.help,SUSPICIOUS,2,serial-registrant
dqjzkrnmfv.help,SUSPICIOUS,2,serial-registrant
91pn175.cc,SUSPICIOUS,2,serial-registrant
seegadgetspro.com,SUSPICIOUS,2,serial-registrant
berduit99.net,SUSPICIOUS,2,serial-registrant
dcscolors.pics,SUSPICIOUS,2,serial-registrant
004fw.com,SUSPICIOUS,2,serial-registrant
aubusson-savoirfaire.com,SUSPICIOUS,2,serial-registrant
cabletiemolds.com,SUSPICIOUS,2,serial-registrant
02ptw.xyz,SUSPICIOUS,2,serial-registrant
acongcbo.com,SUSPICIOUS,2,serial-registrant
bljackwins.win,SUSPICIOUS,2,serial-registrant
mcgjzyrqfp.help,SUSPICIOUS,2,serial-registrant
mclarenvalebowls.com,SUSPICIOUS,2,serial-registrant
iessentials.net,SUSPICIOUS,2,serial-registrant
azcusa.com,SUSPICIOUS,2,serial-registrant
chasegrowthexpansio.com,SUSPICIOUS,2,serial-registrant
qirend9.com,SUSPICIOUS,2,serial-registrant
checkpeace.sbs,SUSPICIOUS,2,serial-registrant
arbilon.com,SUSPICIOUS,2,serial-registrant
meritjing2001.com,SUSPICIOUS,2,serial-registrant
abogadodesucesiones.com,SUSPICIOUS,2,serial-registrant
turkifsaclub141.sbs,SUSPICIOUS,2,serial-registrant
jiukun49.autos,SUSPICIOUS,2,serial-registrant
snappy.qpon,SUSPICIOUS,2,serial-registrant
livechaos.com,SUSPICIOUS,2,serial-registrant
freeown.com,SUSPICIOUS,2,serial-registrant
epicwin777.org,SUSPICIOUS,2,serial-registrant
groupclear.sbs,SUSPICIOUS,2,serial-registrant
024atk.xyz,SUSPICIOUS,2,serial-registrant
d3vvtx.casa,SUSPICIOUS,2,serial-registrant
biosession.com,SUSPICIOUS,2,serial-registrant
deltakommercellc.com,SUSPICIOUS,2,serial-registrant
aman789.org,SUSPICIOUS,2,serial-registrant
apologiesbackyardbayonet.com,SUSPICIOUS,2,serial-registrant
shazaalarbi.com,SUSPICIOUS,2,serial-registrant
chsospracticeexam.com,SUSPICIOUS,2,serial-registrant
turkifsaclub62.sbs,SUSPICIOUS,2,serial-registrant
feedthewest.com,SUSPICIOUS,2,serial-registrant
9lqd1.com,SUSPICIOUS,2,serial-registrant
bestmaorigame.life,SUSPICIOUS,2,serial-registrant
candyscoreei.life,SUSPICIOUS,2,serial-registrant
pilotdesignguru.com,SUSPICIOUS,2,serial-registrant
1tv85w.vip,SUSPICIOUS,2,serial-registrant
savioplato.com,SUSPICIOUS,2,serial-registrant
klientboostpros.com,SUSPICIOUS,2,serial-registrant
bdvzlwmqgj.help,SUSPICIOUS,2,serial-registrant
covidvaccineinjurylawsuit.com,SUSPICIOUS,2,serial-registrant
sxsefest.com,SUSPICIOUS,2,serial-registrant
consumersurveyservice.com,SUSPICIOUS,2,serial-registrant
00mvp.xyz,SUSPICIOUS,2,serial-registrant
click-seguros-leon-2.com,SUSPICIOUS,2,serial-registrant
autokeylux.com,SUSPICIOUS,2,serial-registrant
fleminggazette.com,SUSPICIOUS,2,serial-registrant
kayseri-time.sbs,SUSPICIOUS,2,serial-registrant
pobpam.quest,SUSPICIOUS,2,serial-registrant
acaciatradingl.com,SUSPICIOUS,2,serial-registrant
movegulfcoastcdc.org,SUSPICIOUS,2,serial-registrant
seedebtpro.com,SUSPICIOUS,2,serial-registrant
001fp.xyz,SUSPICIOUS,2,serial-registrant
0rk6626.xyz,SUSPICIOUS,2,serial-registrant
bcaslot88.org,SUSPICIOUS,2,serial-registrant
chrisrusin.com,SUSPICIOUS,2,serial-registrant
dwma5s7.xyz,SUSPICIOUS,2,serial-registrant
fieldscene.sbs,SUSPICIOUS,2,serial-registrant
designgurumode.com,SUSPICIOUS,2,serial-registrant
seethepro.com,SUSPICIOUS,2,serial-registrant
turkifsaclub132.sbs,SUSPICIOUS,2,serial-registrant
kboostedgen.com,SUSPICIOUS,2,serial-registrant
arename-ga.xyz,SUSPICIOUS,2,serial-registrant
001ch.xyz,SUSPICIOUS,2,serial-registrant
cqmbhfsytd.help,SUSPICIOUS,2,serial-registrant
001chi.xyz,SUSPICIOUS,2,serial-registrant
1024-shequ.com,SUSPICIOUS,2,serial-registrant
bandar12.org,SUSPICIOUS,2,serial-registrant
benchmarkmobilenotary.com,SUSPICIOUS,2,serial-registrant
seesalespro.com,SUSPICIOUS,2,serial-registrant
ablpracticetest.com,SUSPICIOUS,2,serial-registrant
11m54.xyz,SUSPICIOUS,2,serial-registrant
6766347.com,SUSPICIOUS,2,serial-registrant
cfnytradingllc.com,SUSPICIOUS,2,serial-registrant
91pn130.cc,SUSPICIOUS,2,serial-registrant
jem-it.net,SUSPICIOUS,2,serial-registrant
gvztxsmkfq.help,SUSPICIOUS,2,serial-registrant
11m52.xyz,SUSPICIOUS,2,serial-registrant
5j0osrv.xyz,SUSPICIOUS,2,serial-registrant
51chiqua.com,SUSPICIOUS,2,serial-registrant
5startowingservice.com,SUSPICIOUS,2,serial-registrant
astonhillracing.com,SUSPICIOUS,2,serial-registrant
apexsteeljewelry.com,SUSPICIOUS,2,serial-registrant
designflipspace.com,SUSPICIOUS,2,serial-registrant
ecssexamquestions.com,SUSPICIOUS,2,serial-registrant
006skz.xyz,SUSPICIOUS,2,serial-registrant
newdesignguru.com,SUSPICIOUS,2,serial-registrant
aquabathparts.com,SUSPICIOUS,2,serial-registrant
bwxshot.pics,SUSPICIOUS,2,serial-registrant
1.lol,SUSPICIOUS,2,serial-registrant
airasia77.org,SUSPICIOUS,2,serial-registrant
beast1-ca.club,SUSPICIOUS,2,serial-registrant
brakecomponent.com,SUSPICIOUS,2,serial-registrant
paintor.net,SUSPICIOUS,2,serial-registrant
turkifsaclub56.sbs,SUSPICIOUS,2,serial-registrant
mrsdesignguru.com,SUSPICIOUS,2,serial-registrant
caboothroyd.net,SUSPICIOUS,2,serial-registrant
dcsgallery.pics,SUSPICIOUS,2,serial-registrant
seecashpro.com,SUSPICIOUS,2,serial-registrant
bejo368.org,SUSPICIOUS,2,serial-registrant
728nte2.xyz,SUSPICIOUS,2,serial-registrant
broadcastmogul.com,SUSPICIOUS,2,serial-registrant
flipofficespaces.com,SUSPICIOUS,2,serial-registrant
fprmsztdcg.help,SUSPICIOUS,2,serial-registrant
02gjm.xyz,SUSPICIOUS,2,serial-registrant
camar99.org,SUSPICIOUS,2,serial-registrant
67662062.com,SUSPICIOUS,2,serial-registrant
777nusa.org,SUSPICIOUS,2,serial-registrant
bongovandar.com,SUSPICIOUS,2,serial-registrant
gjmyjt.cfd,SUSPICIOUS,2,serial-registrant
elevateexpansio.com,SUSPICIOUS,2,serial-registrant
meritkibg2006.com,SUSPICIOUS,2,serial-registrant
divepage.sbs,SUSPICIOUS,2,serial-registrant
achievewithexpansio.com,SUSPICIOUS,2,serial-registrant
018wy.xyz,SUSPICIOUS,2,serial-registrant
grace-ev.com,SUSPICIOUS,2,serial-registrant
klientbppc.com,SUSPICIOUS,2,serial-registrant
004chi.xyz,SUSPICIOUS,2,serial-registrant
011ty.xyz,SUSPICIOUS,2,serial-registrant
bursapoker.net,SUSPICIOUS,2,serial-registrant
merit2015.com,SUSPICIOUS,2,serial-registrant
gvdqlrpwzs.help,SUSPICIOUS,2,serial-registrant
icantbelieveitsdesignguru.com,SUSPICIOUS,2,serial-registrant
51cgww.fit,SUSPICIOUS,2,serial-registrant
automatypolskie.com,SUSPICIOUS,2,serial-registrant
detiktoto88.org,SUSPICIOUS,2,serial-registrant
rfblockclothing.com,SUSPICIOUS,2,serial-registrant
91pn113.cc,SUSPICIOUS,2,serial-registrant
67660048.com,SUSPICIOUS,2,serial-registrant
gloryslot89.net,SUSPICIOUS,2,serial-registrant
ecospringgrass.com,SUSPICIOUS,2,serial-registrant
faradaytextile.com,SUSPICIOUS,2,serial-registrant
gbdsupplyco.com,SUSPICIOUS,2,serial-registrant
buytattooproducts.com,SUSPICIOUS,2,serial-registrant
67662050.com,SUSPICIOUS,2,serial-registrant
chinaoemmfg.com,SUSPICIOUS,2,serial-registrant
klientboostone.com,SUSPICIOUS,2,serial-registrant
6088033.com,SUSPICIOUS,2,serial-registrant
91pn151.cc,SUSPICIOUS,2,serial-registrant
designguruies.com,SUSPICIOUS,2,serial-registrant
2ampkw2.xyz,SUSPICIOUS,2,serial-registrant
berduit138.net,SUSPICIOUS,2,serial-registrant
aji999.net,SUSPICIOUS,2,serial-registrant
4ksn4a.mom,SUSPICIOUS,2,serial-registrant
beautyinfospot.com,SUSPICIOUS,2,serial-registrant
cfpeexamquestions.com,SUSPICIOUS,2,serial-registrant
icelandicsheepskins.com,SUSPICIOUS,2,serial-registrant
klientbdrive.com,SUSPICIOUS,2,serial-registrant
bigwin-zeus.website,SUSPICIOUS,2,serial-registrant
carentes.com,SUSPICIOUS,2,serial-registrant
pleron8.com,SUSPICIOUS,2,serial-registrant
jiukun38.autos,SUSPICIOUS,2,serial-registrant
afionline.org,SUSPICIOUS,2,serial-registrant
casinoalbania.xyz,SUSPICIOUS,2,serial-registrant
1pz37.xyz,SUSPICIOUS,2,serial-registrant
bindusupply.com,SUSPICIOUS,2,serial-registrant
209nn.xyz,SUSPICIOUS,2,serial-registrant
blocksender.com,SUSPICIOUS,2,serial-registrant
forzatoto88.net,SUSPICIOUS,2,serial-registrant
cannabislawyermiami.com,SUSPICIOUS,2,serial-registrant
enpexamprep.com,SUSPICIOUS,2,serial-registrant
alltokogacor.com,SUSPICIOUS,2,serial-registrant
audiobook-downloads-unlimited.com,SUSPICIOUS,2,serial-registrant
axehealthtech.com,SUSPICIOUS,2,serial-registrant
flavormix.com,SUSPICIOUS,2,serial-registrant
beautifast.com,SUSPICIOUS,2,serial-registrant
seevideoconferencingpro.com,SUSPICIOUS,2,serial-registrant
coinvolcanoeu.ink,SUSPICIOUS,2,serial-registrant
abogadodeaccidentesautomovil.com,SUSPICIOUS,2,serial-registrant
dasbonchem.com,SUSPICIOUS,2,serial-registrant
t7eoah.casa,SUSPICIOUS,2,serial-registrant
merirking1700.com,SUSPICIOUS,2,serial-registrant
iratogoldandsilver.com,SUSPICIOUS,2,serial-registrant
pupulix.com,SUSPICIOUS,2,serial-registrant
d8q4d.com,SUSPICIOUS,2,serial-registrant
s7gsau.casa,SUSPICIOUS,2,serial-registrant
merirking1688.com,SUSPICIOUS,2,serial-registrant
seepoolpro.com,SUSPICIOUS,2,serial-registrant
ghqjfzrkvn.help,SUSPICIOUS,2,serial-registrant
08micr8.vip,SUSPICIOUS,2,serial-registrant
bsk0v.buzz,SUSPICIOUS,2,serial-registrant
olivendulueinitiative.org,SUSPICIOUS,2,serial-registrant
astro388.net,SUSPICIOUS,2,serial-registrant
0055ch.xyz,SUSPICIOUS,2,serial-registrant
berkah369.net,SUSPICIOUS,2,serial-registrant
jbrzswmclt.help,SUSPICIOUS,2,serial-registrant
je-renove1.net,SUSPICIOUS,2,serial-registrant
777wwapk.com,SUSPICIOUS,2,serial-registrant
57gllg1.xyz,SUSPICIOUS,2,serial-registrant
emftextile.com,SUSPICIOUS,2,serial-registrant
depaso-ve.com,SUSPICIOUS,2,serial-registrant
seenewcarpro.com,SUSPICIOUS,2,serial-registrant
betterwithexpansio.com,SUSPICIOUS,2,serial-registrant
eserorestaurant.com,SUSPICIOUS,2,serial-registrant
659878.com,SUSPICIOUS,2,serial-registrant
91pn115.cc,SUSPICIOUS,2,serial-registrant
captaindesignguru.com,SUSPICIOUS,2,serial-registrant
pearlrange.sbs,SUSPICIOUS,2,serial-registrant
experienceexpansio.com,SUSPICIOUS,2,serial-registrant
jiukun32.autos,SUSPICIOUS,2,serial-registrant
80yw6.buzz,SUSPICIOUS,2,serial-registrant
a.lol,SUSPICIOUS,2,serial-registrant
meritjing2006.com,SUSPICIOUS,2,serial-registrant
vchavez.com,SUSPICIOUS,2,serial-registrant
91pn196.cc,SUSPICIOUS,2,serial-registrant
67660015.com,SUSPICIOUS,2,serial-registrant
asaexamprep.com,SUSPICIOUS,2,serial-registrant
jiukun8.autos,SUSPICIOUS,2,serial-registrant
craft2order.com,SUSPICIOUS,2,serial-registrant
59nel2kx.vip,SUSPICIOUS,2,serial-registrant
meritkimg1700.com,SUSPICIOUS,2,serial-registrant
servisvoda.sbs,SUSPICIOUS,2,serial-registrant
1caslino.life,SUSPICIOUS,2,serial-registrant
cardflexonine.com,SUSPICIOUS,2,serial-registrant
51mridas.com,SUSPICIOUS,2,serial-registrant
dewajudiqq138.net,SUSPICIOUS,2,serial-registrant
papidesignguru.com,SUSPICIOUS,2,serial-registrant
essayaidnow.com,SUSPICIOUS,2,serial-registrant
004yu.xyz,SUSPICIOUS,2,serial-registrant
0045ch.xyz,SUSPICIOUS,2,serial-registrant
vehwashh.pro,SUSPICIOUS,2,serial-registrant
meiyinpackaging.com,SUSPICIOUS,2,serial-registrant
essayacepro.com,SUSPICIOUS,2,serial-registrant
91pn179.cc,SUSPICIOUS,2,serial-registrant
alvinmalicsi.com,SUSPICIOUS,2,serial-registrant
clubmpo.net,SUSPICIOUS,2,serial-registrant
gearfortrucks.com,SUSPICIOUS,2,serial-registrant
comerjc.com,SUSPICIOUS,2,serial-registrant
bank368.net,SUSPICIOUS,2,serial-registrant
turkifsa777.sbs,SUSPICIOUS,2,serial-registrant
merirking1699.com,SUSPICIOUS,2,serial-registrant
flipspacesdesigntechs.com,SUSPICIOUS,2,serial-registrant
boldandyoung.com,SUSPICIOUS,2,serial-registrant
coin-strike-sk.win,SUSPICIOUS,2,serial-registrant
amberreply.sbs,SUSPICIOUS,2,serial-registrant
026fp.xyz,SUSPICIOUS,2,serial-registrant
0031ch.xyz,SUSPICIOUS,2,serial-registrant
focolegal.org,SUSPICIOUS,2,serial-registrant
clspracticetest.com,SUSPICIOUS,2,serial-registrant
forkliftyedekparcasi.net,SUSPICIOUS,2,serial-registrant
solution-devis-radiateur-electrique.com,SUSPICIOUS,2,serial-registrant
agipracticetest.com,SUSPICIOUS,2,serial-registrant
arjugacom.xyz,SUSPICIOUS,2,serial-registrant
181ub.com,SUSPICIOUS,2,serial-registrant
aavl.com,SUSPICIOUS,2,serial-registrant
0013ch.xyz,SUSPICIOUS,2,serial-registrant
turkifsaclub-11.sbs,SUSPICIOUS,2,serial-registrant
andescpipe.vip,SUSPICIOUS,2,serial-registrant
004bl.com,SUSPICIOUS,2,serial-registrant
022qw.xyz,SUSPICIOUS,2,serial-registrant
flipspacesofficeusa.com,SUSPICIOUS,2,serial-registrant
9vvezw7.xyz,SUSPICIOUS,2,serial-registrant
67661108.com,SUSPICIOUS,2,serial-registrant
crystalplay.club,SUSPICIOUS,2,serial-registrant
004fj.com,SUSPICIOUS,2,serial-registrant
flipspacesnytech.com,SUSPICIOUS,2,serial-registrant
fotografiranjeapartmana.com,SUSPICIOUS,2,serial-registrant
11n28.xyz,SUSPICIOUS,2,serial-registrant
seeapppro.com,SUSPICIOUS,2,serial-registrant
insidering.com,SUSPICIOUS,2,serial-registrant
dcsdesign.pics,SUSPICIOUS,2,serial-registrant
htvhk.com,SUSPICIOUS,2,serial-registrant
esxpmkdnbc.help,SUSPICIOUS,2,serial-registrant
retroconsolas.com,SUSPICIOUS,2,serial-registrant
ritmasobrioetc.com,SUSPICIOUS,2,serial-registrant
6qpm3.com,SUSPICIOUS,2,serial-registrant
hfzpgxcmwd.help,SUSPICIOUS,2,serial-registrant
muhamedsscarts.com,SUSPICIOUS,2,serial-registrant
6766304.com,SUSPICIOUS,2,serial-registrant
aimwithexpansio.com,SUSPICIOUS,2,serial-registrant
chickencgd.club,SUSPICIOUS,2,serial-registrant
nfvqxydcmj.help,SUSPICIOUS,2,serial-registrant
lo8nmy.sbs,SUSPICIOUS,2,serial-registrant
boswin178.org,SUSPICIOUS,2,serial-registrant
21hbd.com,SUSPICIOUS,2,serial-registrant
crovnetllc.com,SUSPICIOUS,2,serial-registrant
frilen9.com,SUSPICIOUS,2,serial-registrant
ghxddd.cfd,SUSPICIOUS,2,serial-registrant
favch.com,SUSPICIOUS,2,serial-registrant
5ay1kwo.xyz,SUSPICIOUS,2,serial-registrant
91pn117.cc,SUSPICIOUS,2,serial-registrant
designgurubutler.com,SUSPICIOUS,2,serial-registrant
llavenowfix.link,SUSPICIOUS,2,serial-registrant
0001ch.xyz,SUSPICIOUS,2,serial-registrant
aussiepokies.win,SUSPICIOUS,2,serial-registrant
bigestmoney.xyz,SUSPICIOUS,2,serial-registrant
appliancerepairhuntingtonny.com,SUSPICIOUS,2,serial-registrant
51cgoo.com,SUSPICIOUS,2,serial-registrant
cryptometalskit.com,SUSPICIOUS,2,serial-registrant
auslots.live,SUSPICIOUS,2,serial-registrant
51195.com,SUSPICIOUS,2,serial-registrant
habitapy.com,SUSPICIOUS,2,serial-registrant
jhxmztpcgv.help,SUSPICIOUS,2,serial-registrant
fitnoble.sbs,SUSPICIOUS,2,serial-registrant
klientbpros.com,SUSPICIOUS,2,serial-registrant
iforgotapple.help,PHISHING_CONFIRMED,MEDIUM,
firstledgersynch.com,PHISHING_CRYPTO,MEDIUM,
eobuwievip.com,PHISHING_CONFIRMED,MEDIUM,
apcoa-park.com,PHISHING_CONFIRMED,MEDIUM,
defisecuredappsfix.help,PHISHING_CRYPTO,MEDIUM,
fidt0135.com,PHISHING_CONFIRMED,MEDIUM,
lcloud-irecovermaps.help,PHISHING_CONFIRMED,MEDIUM,
26849531.xyz,PHISHING_CONFIRMED,MEDIUM,
airdrop-alon.com,PHISHING_CRYPTO,MEDIUM,
coinbaseweb3s.com,PHISHING_CRYPTO,MEDIUM,
qer7in.lat,PHISHING_CONFIRMED,MEDIUM,
ezebra-sale.sbs,PHISHING_CONFIRMED,MEDIUM,
zdravakicma.com,PHISHING_CRYPTO,MEDIUM,
ketgioisu.org,PHISHING_CONFIRMED,MEDIUM,
blockguardianz-webbfixx.lol,PHISHING_CRYPTO,MEDIUM,
ljiaoya.com,PHISHING_CONFIRMED,MEDIUM,
ferstoo.com,PHISHING_CONFIRMED,MEDIUM,
sawayshop.sbs,PHISHING_CONFIRMED,MEDIUM,
servicelxh.boats,PHISHING_CONFIRMED,MEDIUM,
metahuay.com,PHISHING_CONFIRMED,MEDIUM,
26078135.xyz,PHISHING_CONFIRMED,MEDIUM,
targaetelematics.com,PHISHING_CONFIRMED,MEDIUM,
nbcgems.com,PHISHING_CONFIRMED,MEDIUM,
rn6cca.casa,PHISHING_CONFIRMED,MEDIUM,
ef1yqe.casa,PHISHING_CONFIRMED,MEDIUM,
83274016.xyz,PHISHING_CONFIRMED,MEDIUM,
stormtyless.pro,PHISHING_CONFIRMED,MEDIUM,
methportocol.xyz,PHISHING_CRYPTO,MEDIUM,
peguilogo.info,PHISHING_CONFIRMED,MEDIUM,
m5vz8qx.skin,PHISHING_CONFIRMED,MEDIUM,
ai-decentralizedappsdap.com,PHISHING_CRYPTO,MEDIUM,
i3dscs.cfd,PHISHING_CONFIRMED,MEDIUM,
17096253.xyz,PHISHING_CONFIRMED,MEDIUM,
bet83084.com,PHISHING_CONFIRMED,MEDIUM,
briqon.qpon,PHISHING_CONFIRMED,MEDIUM,
i8k3n6.lat,PHISHING_CONFIRMED,MEDIUM,
35274098.xyz,PHISHING_CONFIRMED,MEDIUM,
apiconnectsbots.com,PHISHING_CRYPTO,MEDIUM,
hydraulicpumpssox.info,PHISHING_CONFIRMED,MEDIUM,
servicertg.cyou,PHISHING_CONFIRMED,MEDIUM,
checkup-spx6900.com,PHISHING_CRYPTO,MEDIUM,
dpdlocali-cij.bond,PHISHING_CONFIRMED,MEDIUM,
e7p3r2.cfd,PHISHING_CONFIRMED,MEDIUM,
comebackdb.org,PHISHING_CONFIRMED,MEDIUM,
perlovania365.pro,PHISHING_CONFIRMED,MEDIUM,
claim-renzoprotocolairdrop.xyz,PHISHING_CRYPTO,MEDIUM,
icloudwebmx-ext02.help,PHISHING_CONFIRMED,MEDIUM,
n4x7p2.cfd,PHISHING_CONFIRMED,MEDIUM,
spotifypolska.help,PHISHING_CONFIRMED,MEDIUM,
dpdlocali-jqv.bond,PHISHING_CONFIRMED,MEDIUM,
bibleversustheday.com,PHISHING_CONFIRMED,MEDIUM,
sierraleone-sugar.net,PHISHING_CONFIRMED,MEDIUM,
3wn9pkh.hair,PHISHING_CONFIRMED,MEDIUM,
coinganes.fun,PHISHING_CRYPTO,MEDIUM,
airdrop-satlayer.site,PHISHING_CRYPTO,MEDIUM,
3651577.com,PHISHING_CONFIRMED,MEDIUM,
soiayer.org,PHISHING_CRYPTO,MEDIUM,
rpcmanager.com,PHISHING_CRYPTO,MEDIUM,
tronsniper.cloud,PHISHING_CRYPTO,MEDIUM,
7wtet3.lol,PHISHING_CONFIRMED,MEDIUM,
jtinwestycje-official.com,PHISHING_CONFIRMED,MEDIUM,
grass-finance.xyz,PHISHING_CRYPTO,MEDIUM,
earn-binance.com,PHISHING_CRYPTO,MEDIUM,
q8mz5xp.skin,PHISHING_CONFIRMED,MEDIUM,
arenaplaycoin.com,PHISHING_CRYPTO,MEDIUM,
aussposts.com,PHISHING_CONFIRMED,MEDIUM,
amexconvoi.cfd,PHISHING_CONFIRMED,MEDIUM,
fullcopec.zone,PHISHING_CONFIRMED,MEDIUM,
chdpd.life,PHISHING_CONFIRMED,MEDIUM,
nftgoldcoins.com,PHISHING_CRYPTO,MEDIUM,
golfdealshawaii.com,PHISHING_CONFIRMED,MEDIUM,
towardellvr.help,PHISHING_CONFIRMED,MEDIUM,
0264etffw.lat,PHISHING_CONFIRMED,MEDIUM,
login-nexo.com,PHISHING_CRYPTO,MEDIUM,
67395120.xyz,PHISHING_CONFIRMED,MEDIUM,
etgb.icu,PHISHING_CONFIRMED,MEDIUM,
smartdappsconnecting.com,PHISHING_CRYPTO,MEDIUM,
r7a3m2.cfd,PHISHING_CONFIRMED,MEDIUM,
airdeeserv.lat,PHISHING_CONFIRMED,MEDIUM,
rewards-chainpal.org,PHISHING_CRYPTO,MEDIUM,
dappradardrops.com,PHISHING_CRYPTO,MEDIUM,
flareportalsnetwork.pro,PHISHING_CRYPTO,MEDIUM,
pme-aafsfaaashopd-eu.sbs,PHISHING_CONFIRMED,MEDIUM,
bigcoinstech.com,PHISHING_CRYPTO,MEDIUM,
31984576.xyz,PHISHING_CONFIRMED,MEDIUM,
micropets-claims.lol,PHISHING_CRYPTO,MEDIUM,
0365ss.com,PHISHING_CONFIRMED,MEDIUM,
appsuniswap.xyz,PHISHING_CRYPTO,MEDIUM,
84231679.xyz,PHISHING_CONFIRMED,MEDIUM,
triasmainnet.com,PHISHING_CRYPTO,MEDIUM,
25409831.xyz,PHISHING_CONFIRMED,MEDIUM,
t1npjy.sbs,PHISHING_CONFIRMED,MEDIUM,
m2xt5qn.skin,PHISHING_CONFIRMED,MEDIUM,
plholdings.lol,PHISHING_CONFIRMED,MEDIUM,
dozpl.help,PHISHING_CONFIRMED,MEDIUM,
allcolorart.com,PHISHING_CONFIRMED,MEDIUM,
hommsa.com,PHISHING_CONFIRMED,MEDIUM,
b35yyy.com,PHISHING_CONFIRMED,MEDIUM,
stakingusdt.net,PHISHING_CRYPTO,MEDIUM,
nxshyjsy.com,PHISHING_CONFIRMED,MEDIUM,
appsync.info,PHISHING_CONFIRMED,MEDIUM,
prizma-inwerez.org,PHISHING_CONFIRMED,MEDIUM,
r6m3k8.cfd,PHISHING_CONFIRMED,MEDIUM,
portfolio-bilget.com,PHISHING_CONFIRMED,MEDIUM,
blockdag-network.help,PHISHING_CRYPTO,MEDIUM,
securewalletfix.com,PHISHING_CRYPTO,MEDIUM,
q2wr9tn.qpon,PHISHING_CONFIRMED,MEDIUM,
poznanskib.com,PHISHING_CONFIRMED,MEDIUM,
disneyplusdomain.help,PHISHING_CONFIRMED,MEDIUM,
k9zr5wv.hair,PHISHING_CONFIRMED,MEDIUM,
35890416.xyz,PHISHING_CONFIRMED,MEDIUM,
klondaika.casino,PHISHING_CONFIRMED,MEDIUM,
13687084.xyz,PHISHING_CONFIRMED,MEDIUM,
metamaskairdrop.org,PHISHING_CRYPTO,MEDIUM,
inpostl.lat,PHISHING_CONFIRMED,MEDIUM,
opsecv2computer.com,PHISHING_CRYPTO,MEDIUM,
directtooffer.com,PHISHING_CONFIRMED,MEDIUM,
tivraneloqa.xyz,PHISHING_CONFIRMED,MEDIUM,
mokko.casa,PHISHING_CONFIRMED,MEDIUM,
pencakeswap.finance,PHISHING_CRYPTO,MEDIUM,
glassnodes.icu,PHISHING_CRYPTO,MEDIUM,
r2nk8wp.hair,PHISHING_CONFIRMED,MEDIUM,
thebuildingsbydaman.com,PHISHING_CONFIRMED,MEDIUM,
tokievbasvurusu.com,PHISHING_CONFIRMED,MEDIUM,
amazon-express.lat,PHISHING_CONFIRMED,MEDIUM,
page-55dfl.com,PHISHING_CONFIRMED,MEDIUM,
bytenovabsc.xyz,PHISHING_CRYPTO,MEDIUM,
seenbusinesstime.com,PHISHING_CONFIRMED,MEDIUM,
len2ri.lat,PHISHING_CONFIRMED,MEDIUM,
fundsretrieve.com,PHISHING_CRYPTO,MEDIUM,
activedapps.live,PHISHING_CRYPTO,MEDIUM,
redbelly-network.lol,PHISHING_CRYPTO,MEDIUM,
dexvotersdapp.site,PHISHING_CRYPTO,MEDIUM,
debridge.exchange,PHISHING_CRYPTO,MEDIUM,
szn4-tensor.com,PHISHING_CRYPTO,MEDIUM,
trustedcoins.online,PHISHING_CRYPTO,MEDIUM,
scottyxai.app,PHISHING_CRYPTO,MEDIUM,
resolver.help,PHISHING_CRYPTO,MEDIUM,
sentinel-coinbase.com,PHISHING_CRYPTO,MEDIUM,
3c26yhw.skin,PHISHING_CONFIRMED,MEDIUM,
hilotoken.live,PHISHING_CRYPTO,MEDIUM,
deflsaver.xyz,PHISHING_CRYPTO,MEDIUM,
greatcomeback.org,PHISHING_CONFIRMED,MEDIUM,
bet63ii.com,PHISHING_CONFIRMED,MEDIUM,
sjok-token.com,PHISHING_CRYPTO,MEDIUM,
t3hair1.hair,PHISHING_CONFIRMED,MEDIUM,
myaplikacjas-poland.help,PHISHING_CONFIRMED,MEDIUM,
tonkpi.info,PHISHING_CONFIRMED,MEDIUM,
fromlive.digital,PHISHING_CONFIRMED,MEDIUM,
6y3h6e.skin,PHISHING_CONFIRMED,HIGH,
alliantcreditunionbno.com,PHISHING_CONFIRMED,MEDIUM,
merakicm.info,PHISHING_CONFIRMED,MEDIUM,
t6c3a5.cfd,PHISHING_CONFIRMED,MEDIUM,
greenenergyfx.ltd,PHISHING_CRYPTO,MEDIUM,
timberexports.info,PHISHING_CONFIRMED,MEDIUM,
cashout-bittrex.com,PHISHING_CRYPTO,MEDIUM,
radcliffe-place.com,PHISHING_CONFIRMED,MEDIUM,
bbineksn.sbs,PHISHING_CONFIRMED,MEDIUM,
alliededutech.com,PHISHING_CRYPTO,MEDIUM,
bbhjb.com,PHISHING_CRYPTO,MEDIUM,
jh6xzw.casa,PHISHING_CONFIRMED,HIGH,
claimbonusrewardsnow-xyz.lol,PHISHING_CRYPTO,MEDIUM,
smartcoinwallet.fun,PHISHING_CRYPTO,MEDIUM,
belea.app,PHISHING_CONFIRMED,MEDIUM,
gnwdd.info,PHISHING_CONFIRMED,MEDIUM,
removeiphone.help,PHISHING_CONFIRMED,MEDIUM,
airdrops-iinea.lol,PHISHING_CRYPTO,MEDIUM,
v2ool.com,PHISHING_CRYPTO,MEDIUM,
healthyproductshelp.info,PHISHING_CONFIRMED,MEDIUM,
plutusvault.online,PHISHING_CRYPTO,MEDIUM,
layerzeroproject.xyz,PHISHING_CRYPTO,MEDIUM,
pilulka-sk.sbs,PHISHING_CONFIRMED,MEDIUM,
servicehko.hair,PHISHING_CONFIRMED,MEDIUM,
zooart-pl.sbs,PHISHING_CONFIRMED,MEDIUM,
70158364.xyz,PHISHING_CONFIRMED,MEDIUM,
propose-ondo.network,PHISHING_CRYPTO,MEDIUM,
drop-exchange.art,PHISHING_CRYPTO,MEDIUM,
cryptionix.xyz,PHISHING_CRYPTO,MEDIUM,
cloneairdrops.com,PHISHING_CRYPTO,MEDIUM,
xaynhabendep.net,PHISHING_CONFIRMED,MEDIUM,
thrsrutrer.finance,PHISHING_CRYPTO,MEDIUM,
49572031.xyz,PHISHING_CONFIRMED,MEDIUM,
migbe.com,PHISHING_CONFIRMED,MEDIUM,
3pk7wrv.hair,PHISHING_CONFIRMED,MEDIUM,
alienx-chain.net,PHISHING_CRYPTO,MEDIUM,
circularecosystems.com,PHISHING_CRYPTO,MEDIUM,
nansentrack.info,PHISHING_CRYPTO,MEDIUM,
thepixelwall.com,PHISHING_CONFIRMED,MEDIUM,
rpcdeploy.app,PHISHING_CRYPTO,MEDIUM,
globalbriefia365.info,PHISHING_CONFIRMED,MEDIUM,
quests-buildonhybrid.com,PHISHING_CRYPTO,MEDIUM,
homladiscountshop.com,PHISHING_CONFIRMED,MEDIUM,
qfssecuritybackupledgger.com,PHISHING_CRYPTO,MEDIUM,
mjjbag78.com,PHISHING_CONFIRMED,MEDIUM,
binance-launchpad.com,PHISHING_CRYPTO,MEDIUM,
bjecrxcode.sbs,PHISHING_CONFIRMED,MEDIUM,
onepage.click,PHISHING_CONFIRMED,MEDIUM,
megadrop-reward.com,PHISHING_CRYPTO,MEDIUM,
mur7no.lat,PHISHING_CONFIRMED,MEDIUM,
ottos-chsaffsdafsadasda.sbs,PHISHING_CONFIRMED,MEDIUM,
coffvip.sbs,PHISHING_CONFIRMED,MEDIUM,
68729504.xyz,PHISHING_CONFIRMED,MEDIUM,
4i9h38.hair,PHISHING_CONFIRMED,MEDIUM,
sctgenerale.net,PHISHING_CONFIRMED,MEDIUM,
1v3wn38.hair,PHISHING_CONFIRMED,HIGH,
lido-finance.com,PHISHING_CRYPTO,MEDIUM,
graphicimpression.net,PHISHING_CONFIRMED,MEDIUM,
sms-ntfx.help,PHISHING_CONFIRMED,MEDIUM,
web-collab.land,PHISHING_CRYPTO,MEDIUM,
eobuwieshoesstore.sbs,PHISHING_CONFIRMED,MEDIUM,
n8c7y5.cfd,PHISHING_CONFIRMED,MEDIUM,
checkclaims.live,PHISHING_CRYPTO,MEDIUM,
loftizsoftiz.org,PHISHING_CONFIRMED,MEDIUM,
capraconsulting.info,PHISHING_CONFIRMED,MEDIUM,
bet73uu.com,PHISHING_CONFIRMED,MEDIUM,
sbetether.xyz,PHISHING_CRYPTO,MEDIUM,
46187230.xyz,PHISHING_CONFIRMED,MEDIUM,
traffprofit.com,PHISHING_CONFIRMED,MEDIUM,
web3securityvault.com,PHISHING_CRYPTO,MEDIUM,
formtact.com,PHISHING_CONFIRMED,MEDIUM,
25197048.xyz,PHISHING_CONFIRMED,MEDIUM,
rectifysyn.com,PHISHING_CRYPTO,MEDIUM,
oq4rrv.casa,PHISHING_CONFIRMED,MEDIUM,
942158-coinbase.com,PHISHING_CONFIRMED,MEDIUM,
69108354.xyz,PHISHING_CONFIRMED,MEDIUM,
claimzetachain.com,PHISHING_CRYPTO,MEDIUM,
1480wqm.hair,PHISHING_CONFIRMED,MEDIUM,
9mod.cc,PHISHING_CONFIRMED,MEDIUM,
jardimpaulista.info,PHISHING_CONFIRMED,MEDIUM,
k0c6r1.cfd,PHISHING_CONFIRMED,MEDIUM,
92047356.xyz,PHISHING_CONFIRMED,MEDIUM,
etherfi.info,PHISHING_CRYPTO,MEDIUM,
debanjk.com,PHISHING_CRYPTO,MEDIUM,
02iuye.work,PHISHING_CONFIRMED,MEDIUM,
kampalaparrot.com,PHISHING_CONFIRMED,MEDIUM,
l9k1c6.lat,PHISHING_CONFIRMED,MEDIUM,
aliceastarita.info,PHISHING_CONFIRMED,MEDIUM,
rabbitswap.net,PHISHING_CRYPTO,MEDIUM,
pittbradford.info,PHISHING_CONFIRMED,MEDIUM,
apx-sushi.pro,PHISHING_CRYPTO,MEDIUM,
26945173.xyz,PHISHING_CONFIRMED,MEDIUM,
interactivecapital.org,PHISHING_CRYPTO,MEDIUM,
servicenwb.boats,PHISHING_CONFIRMED,MEDIUM,
lay-sushi.cfd,PHISHING_CRYPTO,MEDIUM,
fourmeme.com,PHISHING_CRYPTO,MEDIUM,
serviceetv.cyou,PHISHING_CONFIRMED,MEDIUM,
zsjysj.com,PHISHING_CONFIRMED,MEDIUM,
dusanwenxue.com,PHISHING_CONFIRMED,MEDIUM,
app-plazaflnance.xyz,PHISHING_CRYPTO,MEDIUM,
arimalkarealty.com,PHISHING_CONFIRMED,MEDIUM,
35819642.xyz,PHISHING_CONFIRMED,MEDIUM,
smilespearfish.com,PHISHING_CONFIRMED,MEDIUM,
mojspotifypomoc.help,PHISHING_CONFIRMED,MEDIUM,
99xsxz.com,PHISHING_CONFIRMED,MEDIUM,
hydrateon.org,PHISHING_CRYPTO,MEDIUM,
airdrop-energymemecoin.xyz,PHISHING_CRYPTO,MEDIUM,
appealbusinessmeta.org,PHISHING_CONFIRMED,MEDIUM,
kucoinap1.com,PHISHING_CONFIRMED,MEDIUM,
093juyrhf.lat,PHISHING_CONFIRMED,MEDIUM,
receipts-andy-linkedin.com,PHISHING_CONFIRMED,MEDIUM,
orv7ni.lat,PHISHING_CONFIRMED,MEDIUM,
aml-check.support,PHISHING_CRYPTO,MEDIUM,
token-zssbecker.com,PHISHING_CRYPTO,MEDIUM,
coinzmart.xyz,PHISHING_CRYPTO,MEDIUM,
twvps.com,PHISHING_CRYPTO,MEDIUM,
coin-fly.site,PHISHING_CRYPTO,MEDIUM,
pawsonpatrol.net,PHISHING_CONFIRMED,MEDIUM,
blockdagnetworkein.live,PHISHING_CRYPTO,MEDIUM,
airdrops-pendle.finance,PHISHING_CRYPTO,MEDIUM,
captainbnbclaim.online,PHISHING_CRYPTO,MEDIUM,
nongyebank123.com,PHISHING_CONFIRMED,MEDIUM,
34920587.xyz,PHISHING_CONFIRMED,MEDIUM,
wallstrememes.org,PHISHING_CRYPTO,MEDIUM,
ccgzbx.com,PHISHING_CONFIRMED,MEDIUM,
botdetect.click,PHISHING_CRYPTO,HIGH,
saudigermanuae.com,PHISHING_CONFIRMED,MEDIUM,
worldonchainledger.link,PHISHING_CRYPTO,MEDIUM,
fixed-loat.info,PHISHING_CRYPTO,MEDIUM,
outsunnypl.com,PHISHING_CONFIRMED,MEDIUM,
zooartmate.sbs,PHISHING_CONFIRMED,MEDIUM,
biomagin.com,PHISHING_CONFIRMED,MEDIUM,
oplatasubskrypcjispotify.help,PHISHING_CONFIRMED,MEDIUM,
networksaver.xyz,PHISHING_CRYPTO,MEDIUM,
access-bet.com,PHISHING_CRYPTO,MEDIUM,
chainswapper.xyz,PHISHING_CRYPTO,MEDIUM,
dashboard-support.lol,PHISHING_CRYPTO,MEDIUM,
cryptoairdrop.sbs,PHISHING_CRYPTO,MEDIUM,
portal-derive.xyz,PHISHING_CRYPTO,MEDIUM,
bet63vv.com,PHISHING_CONFIRMED,MEDIUM,
bdaudi.com,PHISHING_CONFIRMED,MEDIUM,
cryptsecureconsole.xyz,PHISHING_CRYPTO,MEDIUM,
cuturl.net,PHISHING_CONFIRMED,MEDIUM,
bzdlxx.com,PHISHING_CONFIRMED,MEDIUM,
acterax.help,PHISHING_CONFIRMED,MEDIUM,
opsecv2.claims,PHISHING_CRYPTO,MEDIUM,
ellystegge.info,PHISHING_CONFIRMED,MEDIUM,
6w8e0h.hair,PHISHING_CONFIRMED,MEDIUM,
airdrop-layerede.lol,PHISHING_CRYPTO,MEDIUM,
ng4voc.casa,PHISHING_CONFIRMED,MEDIUM,
alfatraffic.com,PHISHING_CONFIRMED,MEDIUM,
disneyplus-pl.com,PHISHING_CONFIRMED,MEDIUM,
pocztexz-pl.icu,PHISHING_CONFIRMED,MEDIUM,
accademiadivino.com,PHISHING_CONFIRMED,MEDIUM,
trackingrgi.life,PHISHING_CONFIRMED,MEDIUM,
besttalent-academy.com,PHISHING_CONFIRMED,MEDIUM,
loc-ip-find.services,PHISHING_CONFIRMED,MEDIUM,
mtiksp.click,PHISHING_CONFIRMED,MEDIUM,
serviceglt.quest,PHISHING_CONFIRMED,MEDIUM,
dgen.tips,PHISHING_CRYPTO,MEDIUM,
movenemtnetwork.com,PHISHING_CRYPTO,MEDIUM,
eobuwei-shoes.sbs,PHISHING_CONFIRMED,MEDIUM,
defistationcheckout.lol,PHISHING_CRYPTO,MEDIUM,
c6t0a4.sbs,PHISHING_CONFIRMED,MEDIUM,
aavenetwork.org,PHISHING_CRYPTO,MEDIUM,
doge-electrum.org,PHISHING_CONFIRMED,MEDIUM,
7qh2trwr.lol,PHISHING_CONFIRMED,MEDIUM,
canard-gov.com,PHISHING_CONFIRMED,MEDIUM,
3gqyww6.lat,PHISHING_CONFIRMED,MEDIUM,
ethereumwhell-claimnow.com,PHISHING_CRYPTO,MEDIUM,
7why2tw.lol,PHISHING_CONFIRMED,MEDIUM,
dappradardrops.lol,PHISHING_CRYPTO,MEDIUM,
cryptoautos-rewards.com,PHISHING_CRYPTO,MEDIUM,
metamsak.com,PHISHING_CRYPTO,MEDIUM,
n4uozw.cfd,PHISHING_CONFIRMED,MEDIUM,
exodus-support.com,PHISHING_CONFIRMED,MEDIUM,
verifycryptowallet.com,PHISHING_CRYPTO,MEDIUM,
serviceop.sbs,PHISHING_CONFIRMED,MEDIUM,
m9xz4qn.skin,PHISHING_CONFIRMED,MEDIUM,
resolv-airdrop.one,PHISHING_CRYPTO,MEDIUM,
jexneeuil.com,PHISHING_CONFIRMED,MEDIUM,
claim-drop-foxy.lol,PHISHING_CRYPTO,MEDIUM,
aldonaoklinska.info,PHISHING_CONFIRMED,MEDIUM,
landreshapers.info,PHISHING_CONFIRMED,MEDIUM,
saway-plsale.sbs,PHISHING_CONFIRMED,MEDIUM,
mylifewithgarlic.com,PHISHING_CONFIRMED,MEDIUM,
portalbnb.lol,PHISHING_CRYPTO,MEDIUM,
dorvexiaa.pro,PHISHING_CONFIRMED,MEDIUM,
87264019.xyz,PHISHING_CONFIRMED,MEDIUM,
88huike.com,PHISHING_CONFIRMED,MEDIUM,
eobuwie.sbs,PHISHING_CONFIRMED,MEDIUM,
moralesmoneys.com,PHISHING_CRYPTO,MEDIUM,
q9xz2mn.skin,PHISHING_CONFIRMED,MEDIUM,
zmultichain.app,PHISHING_CRYPTO,MEDIUM,
v8m6y1.cfd,PHISHING_CONFIRMED,MEDIUM,
xax2ro.lat,PHISHING_CONFIRMED,MEDIUM,
1425154255454.xyz,PHISHING_CONFIRMED,MEDIUM,
minshuwang.com,PHISHING_CONFIRMED,MEDIUM,
hubdates.icu,PHISHING_CONFIRMED,MEDIUM,
cnfznx.com,PHISHING_CONFIRMED,MEDIUM,
explorer-blockchain.net,PHISHING_CRYPTO,MEDIUM,
astar.exchange,PHISHING_CRYPTO,MEDIUM,
markettrendtrackerx.pro,PHISHING_CONFIRMED,MEDIUM,
kathrynkuhlmanfoundation.org,PHISHING_CONFIRMED,MEDIUM,
collabn.land,PHISHING_CRYPTO,MEDIUM,
a7b1p6.lat,PHISHING_CONFIRMED,MEDIUM,
ftxclaim-kroll-ra.com,PHISHING_CRYPTO,MEDIUM,
shibaruimnft.net,PHISHING_CRYPTO,MEDIUM,
coinzmarts.xyz,PHISHING_CRYPTO,MEDIUM,
clickss.help,PHISHING_CONFIRMED,MEDIUM,
3qtfw25.lat,PHISHING_CONFIRMED,MEDIUM,
x3k9m6.cfd,PHISHING_CONFIRMED,MEDIUM,
dackieswaps.xyz,PHISHING_CRYPTO,MEDIUM,
kraftaverse.game,PHISHING_CONFIRMED,MEDIUM,
yollacekelim.com,PHISHING_CONFIRMED,MEDIUM,
ezebra-outlets.sbs,PHISHING_CONFIRMED,MEDIUM,
juhimaii.online,PHISHING_CONFIRMED,MEDIUM,
tsla-launch.sale,PHISHING_CRYPTO,MEDIUM,
animalrank.com,PHISHING_CONFIRMED,MEDIUM,
b6r4d2.lat,PHISHING_CONFIRMED,MEDIUM,
unisawap.org,PHISHING_CRYPTO,MEDIUM,
51fuqianla.com,PHISHING_CONFIRMED,MEDIUM,
cryptoall-stars.link,PHISHING_CRYPTO,MEDIUM,
b45075.com,PHISHING_CONFIRMED,MEDIUM,
1fc2rwq.work,PHISHING_CONFIRMED,MEDIUM,
syncsswap.xyz,PHISHING_CRYPTO,MEDIUM,
daveblocher.info,PHISHING_CONFIRMED,MEDIUM,
costccomunicacion.click,PHISHING_CONFIRMED,MEDIUM,
logicgreat.info,PHISHING_CONFIRMED,MEDIUM,
nailrr.com,PHISHING_CONFIRMED,MEDIUM,
adobeplhub.com,PHISHING_CONFIRMED,MEDIUM,
appfraxfinances.com,PHISHING_CRYPTO,MEDIUM,
finreportgridx.info,PHISHING_CONFIRMED,MEDIUM,
onlinesync.lol,PHISHING_CRYPTO,MEDIUM,
smartwalletclaiim.xyz,PHISHING_CRYPTO,MEDIUM,
1h2vg.ink,PHISHING_CONFIRMED,MEDIUM,
claim-xion.org,PHISHING_CRYPTO,MEDIUM,
bg-ez.com,PHISHING_CONFIRMED,MEDIUM,
tiktok-tk12.pics,PHISHING_CONFIRMED,MEDIUM,
amazoon.sbs,PHISHING_CONFIRMED,MEDIUM,
tuotekonfiguraattori.info,PHISHING_CONFIRMED,MEDIUM,
kabosutokenerc.xyz,PHISHING_CRYPTO,MEDIUM,
fstswap.xyz,PHISHING_CRYPTO,MEDIUM,
cheetoo.com,PHISHING_CONFIRMED,MEDIUM,
live-ledger.com,PHISHING_CRYPTO,MEDIUM,
huionedefi.net,PHISHING_CRYPTO,MEDIUM,
rewardsst0oory.lol,PHISHING_CRYPTO,MEDIUM,
props.claims,PHISHING_CRYPTO,MEDIUM,
icool88.com,PHISHING_CONFIRMED,MEDIUM,
166f.com,PHISHING_CONFIRMED,MEDIUM,
56swsgr.lat,PHISHING_CONFIRMED,MEDIUM,
plume-network-claims.xyz,PHISHING_CRYPTO,MEDIUM,
claim-qdevio.xyz,PHISHING_CRYPTO,MEDIUM,
kikchess.com,PHISHING_CONFIRMED,MEDIUM,
mahkemeislem.org,PHISHING_CONFIRMED,MEDIUM,
argnt.xyz,PHISHING_CRYPTO,MEDIUM,
917482-coinbase.com,PHISHING_CRYPTO,MEDIUM,
v8lpvx.casa,PHISHING_CONFIRMED,MEDIUM,
smykrabat.sbs,PHISHING_CONFIRMED,MEDIUM,
secureddigitalsync.com,PHISHING_CRYPTO,MEDIUM,
inbdshop.com,PHISHING_CONFIRMED,MEDIUM,
ethecheck.network,PHISHING_CRYPTO,MEDIUM,
okxhuobi1p.lol,PHISHING_CRYPTO,MEDIUM,
ceopgc.com,PHISHING_CONFIRMED,MEDIUM,
28760349.xyz,PHISHING_CONFIRMED,MEDIUM,
foxcitiesthrive.com,PHISHING_CONFIRMED,MEDIUM,
amlscanbot.com,PHISHING_CRYPTO,MEDIUM,
f5n8m4.lat,PHISHING_CONFIRMED,MEDIUM,
event-hyperliqiud.xyz,PHISHING_CRYPTO,MEDIUM,
in-post.help,PHISHING_CONFIRMED,MEDIUM,
realsrv.com,PHISHING_CONFIRMED,MEDIUM,
2xw9mzk.skin,PHISHING_CONFIRMED,MEDIUM,
terbit303.com,PHISHING_CONFIRMED,MEDIUM,
mog-sushi.pro,PHISHING_CRYPTO,MEDIUM,
sczjtc.com,PHISHING_CONFIRMED,MEDIUM,
unioswap.org,PHISHING_CRYPTO,MEDIUM,
reportdatacenter.com,PHISHING_CRYPTO,MEDIUM,
bt-metamaska.com,PHISHING_CRYPTO,MEDIUM,
xel3xo.lat,PHISHING_CONFIRMED,MEDIUM,
dext-sushi.pro,PHISHING_CRYPTO,MEDIUM,
eigenclaim-renzoprotocol.com,PHISHING_CRYPTO,MEDIUM,
mer7xo.cfd,PHISHING_CONFIRMED,MEDIUM,
be3lwn.casa,PHISHING_CONFIRMED,MEDIUM,
r1x8m7.cfd,PHISHING_CONFIRMED,MEDIUM,
ethereumairdrops.net,PHISHING_CRYPTO,MEDIUM,
daxd46s.lol,PHISHING_CONFIRMED,MEDIUM,
audius.party,PHISHING_CONFIRMED,MEDIUM,
dinovork.xyz,PHISHING_CONFIRMED,MEDIUM,
claimblastup.xyz,PHISHING_CRYPTO,MEDIUM,
z5mx9qn.skin,PHISHING_CONFIRMED,MEDIUM,
dpdpl.sbs,PHISHING_CONFIRMED,MEDIUM,
ringtonematcher.com,PHISHING_CONFIRMED,MEDIUM,
je6unt.qpon,PHISHING_CONFIRMED,MEDIUM,
tecalinda.org,PHISHING_CONFIRMED,MEDIUM,
emasaksorgu.org,PHISHING_CONFIRMED,MEDIUM,
commercialvips.com,PHISHING_CONFIRMED,MEDIUM,
airdrop-trac.com,PHISHING_CRYPTO,MEDIUM,
toothfairycard.info,PHISHING_CONFIRMED,MEDIUM,
authdappresolver.com,PHISHING_CRYPTO,MEDIUM,
preview-coinbase.com,PHISHING_CONFIRMED,MEDIUM,
uspskkif.xyz,PHISHING_CONFIRMED,MEDIUM,
shib-sushi.lat,PHISHING_CRYPTO,MEDIUM,
auth-collab.land,PHISHING_CRYPTO,MEDIUM,
apex-protocol.exchange,PHISHING_CRYPTO,MEDIUM,
pendle-multiplier.com,PHISHING_CRYPTO,MEDIUM,
3uw7ye.hair,PHISHING_CONFIRMED,MEDIUM,
investtrendcore9.pro,PHISHING_CONFIRMED,MEDIUM,
70641895.xyz,PHISHING_CONFIRMED,MEDIUM,
bitcointrade-proinvestment.com,PHISHING_CRYPTO,MEDIUM,
63054187.xyz,PHISHING_CONFIRMED,MEDIUM,
blockguardian-solution.lol,PHISHING_CRYPTO,MEDIUM,
onetimedappsfix.com,PHISHING_CRYPTO,MEDIUM,
appopenspotify.help,PHISHING_CONFIRMED,MEDIUM,
dappxnodes.xyz,PHISHING_CRYPTO,MEDIUM,
protocolswap.xyz,PHISHING_CRYPTO,MEDIUM,
securechainode.com,PHISHING_CRYPTO,MEDIUM,
chain-links.net,PHISHING_CRYPTO,MEDIUM,
airdrop-energymemecoin.com,PHISHING_CRYPTO,MEDIUM,
dexalotu.org,PHISHING_CRYPTO,MEDIUM,
maatch.com,PHISHING_CONFIRMED,MEDIUM,
s7p5n3.lat,PHISHING_CONFIRMED,MEDIUM,
sparkleseo.info,PHISHING_CONFIRMED,MEDIUM,
dioneprotocols.live,PHISHING_CRYPTO,MEDIUM,
ssv-sushi.cfd,PHISHING_CRYPTO,MEDIUM,
hostingfreelife.com,PHISHING_CONFIRMED,MEDIUM,
3027vqm.hair,PHISHING_CONFIRMED,MEDIUM,
com-b5s5.sbs,PHISHING_CONFIRMED,MEDIUM,
54381672.xyz,PHISHING_CONFIRMED,MEDIUM,
apexminersfx.com,PHISHING_CRYPTO,MEDIUM,
solwalletrecovery.com,PHISHING_CRYPTO,MEDIUM,
claimplume.xyz,PHISHING_CRYPTO,MEDIUM,
lexofsteel.com,PHISHING_CRYPTO,MEDIUM,
bet73051.com,PHISHING_CONFIRMED,MEDIUM,
spineliteclub.info,PHISHING_CONFIRMED,MEDIUM,
pv4qtz.casa,PHISHING_CONFIRMED,MEDIUM,
027tehet.lat,PHISHING_CONFIRMED,MEDIUM,
43g345y45hbet.xyz,PHISHING_CRYPTO,MEDIUM,
ucanrecyclellc.info,PHISHING_CONFIRMED,MEDIUM,
ether-fi.org,PHISHING_CRYPTO,MEDIUM,
91846075.xyz,PHISHING_CONFIRMED,MEDIUM,
linkedinpremium.life,PHISHING_CONFIRMED,MEDIUM,
l1xkqo.cfd,PHISHING_CONFIRMED,MEDIUM,
bncr.help,PHISHING_CONFIRMED,MEDIUM,
bybit-otc.com,PHISHING_CONFIRMED,MEDIUM,
rewards-shardeum.com,PHISHING_CRYPTO,MEDIUM,
hh4bul.casa,PHISHING_CONFIRMED,MEDIUM,
ads-ikut4d.click,PHISHING_CONFIRMED,MEDIUM,
auspostau.click,PHISHING_CONFIRMED,MEDIUM,
dpdlocali-ogd.bond,PHISHING_CONFIRMED,MEDIUM,
biswapv1.org,PHISHING_CRYPTO,MEDIUM,
valvesandpistons.info,PHISHING_CONFIRMED,MEDIUM,
3hv44e.hair,PHISHING_CONFIRMED,MEDIUM,
41275368.xyz,PHISHING_CONFIRMED,MEDIUM,
parivartantrust.org,PHISHING_CONFIRMED,MEDIUM,
k6x2m5.cfd,PHISHING_CONFIRMED,MEDIUM,
3becard.com,PHISHING_CRYPTO,MEDIUM,
1gcv2f.hair,PHISHING_CONFIRMED,MEDIUM,
sessions-icloud.com,PHISHING_CONFIRMED,MEDIUM,
wallet-reward.net,PHISHING_CRYPTO,MEDIUM,
r7kv2wn.hair,PHISHING_CONFIRMED,MEDIUM,
modnodwarehodge.dev,PHISHING_CONFIRMED,MEDIUM,
725gr6s.lat,PHISHING_CONFIRMED,MEDIUM,
gmt-sushi.cfd,PHISHING_CRYPTO,MEDIUM,
pancakeswaps.icu,PHISHING_CRYPTO,MEDIUM,
finreportpulse8.pro,PHISHING_CONFIRMED,MEDIUM,
gofundmeme-rectify.help,PHISHING_CRYPTO,MEDIUM,
5gigbucks.com,PHISHING_CONFIRMED,MEDIUM,
diamondpipsignal.com,PHISHING_CONFIRMED,MEDIUM,
teazaz.com,PHISHING_CONFIRMED,MEDIUM,
coinbasenow.org,PHISHING_CRYPTO,MEDIUM,
382664-coinbase.com,PHISHING_CRYPTO,MEDIUM,
serviceltu.cyou,PHISHING_CONFIRMED,MEDIUM,
chailnellst.org,PHISHING_CRYPTO,MEDIUM,
riverbuild.ltd,PHISHING_CRYPTO,MEDIUM,
web-metamusk.com,PHISHING_CRYPTO,MEDIUM,
botto-sushi.xyz,PHISHING_CRYPTO,MEDIUM,
app-cedefimanta.link,PHISHING_CRYPTO,MEDIUM,
axgt-sushi.lat,PHISHING_CRYPTO,MEDIUM,
fourlevelsgame.com,PHISHING_CONFIRMED,MEDIUM,
celay.info,PHISHING_CONFIRMED,MEDIUM,
homloshop.com,PHISHING_CONFIRMED,MEDIUM,
aluminiummetals.info,PHISHING_CONFIRMED,MEDIUM,
tabichain.org,PHISHING_CRYPTO,MEDIUM,
38eua6rh.lat,PHISHING_CONFIRMED,MEDIUM,
ellisgroupofma.info,PHISHING_CONFIRMED,MEDIUM,
viridis-migration.xyz,PHISHING_CRYPTO,MEDIUM,
messiah-token.com,PHISHING_CRYPTO,MEDIUM,
suncoust.click,PHISHING_CONFIRMED,MEDIUM,
dexachainprotocolapp.support,PHISHING_CRYPTO,MEDIUM,
reg-buildonhybrid.com,PHISHING_CRYPTO,MEDIUM,
3xskin5.skin,PHISHING_CONFIRMED,MEDIUM,
ink-xos.app,PHISHING_CRYPTO,MEDIUM,
cantikherbals.info,PHISHING_CONFIRMED,MEDIUM,
seurate.sbs,PHISHING_CONFIRMED,MEDIUM,
kgdo.org,PHISHING_CONFIRMED,MEDIUM,
hfaprime.info,PHISHING_CONFIRMED,MEDIUM,
claimverasity.net,PHISHING_CRYPTO,MEDIUM,
automind.click,PHISHING_CONFIRMED,MEDIUM,
q4vx9mn.skin,PHISHING_CONFIRMED,MEDIUM,
x5rv7mq.skin,PHISHING_CONFIRMED,MEDIUM,
k9jmmt.qpon,PHISHING_CONFIRMED,MEDIUM,
xpaddwebmigratiionsync.com,PHISHING_CRYPTO,MEDIUM,
smartresolverchains.net,PHISHING_CRYPTO,MEDIUM,
arbitrum-coming.com,PHISHING_CRYPTO,MEDIUM,
k2wt5qn.hair,PHISHING_CONFIRMED,MEDIUM,
web3serverconnect.com,PHISHING_CRYPTO,MEDIUM,
airdrop-pancakeswap.finance,PHISHING_CRYPTO,MEDIUM,
orlen.sbs,PHISHING_CONFIRMED,MEDIUM,
sav8xo.cfd,PHISHING_CONFIRMED,MEDIUM,
hmrcsupport.com,PHISHING_CONFIRMED,MEDIUM,
7whwgf2.lol,PHISHING_CONFIRMED,MEDIUM,
davasorgugov.org,PHISHING_CONFIRMED,MEDIUM,
jupdappchain.click,PHISHING_CRYPTO,MEDIUM,
t5p8k9.lat,PHISHING_CONFIRMED,MEDIUM,
appzilpayweb.com,PHISHING_CRYPTO,MEDIUM,
18645092.xyz,PHISHING_CONFIRMED,MEDIUM,
tilhulpmiddelen.info,PHISHING_CONFIRMED,MEDIUM,
cryptox24.exchange,PHISHING_CRYPTO,MEDIUM,
ondofoundkation.com,PHISHING_CRYPTO,MEDIUM,
claim-airdrop-saga.lol,PHISHING_CRYPTO,MEDIUM,
infonariumq.com,PHISHING_CONFIRMED,MEDIUM,
registeredagentsinidaho.com,PHISHING_CONFIRMED,MEDIUM,
b45078.com,PHISHING_CONFIRMED,MEDIUM,
newscoriaq.info,PHISHING_CONFIRMED,MEDIUM,
68029347.xyz,PHISHING_CONFIRMED,MEDIUM,
1hbh2.skin,PHISHING_CONFIRMED,MEDIUM,
96502317.xyz,PHISHING_CONFIRMED,MEDIUM,
5wfr2we.garden,PHISHING_CONFIRMED,MEDIUM,
tradefind.org,PHISHING_CONFIRMED,MEDIUM,
jeigvrhi.makeup,PHISHING_CONFIRMED,MEDIUM,
gmxchina.com,PHISHING_CONFIRMED,MEDIUM,
verify-netflix.help,PHISHING_CONFIRMED,MEDIUM,
snortertokenbot.com,PHISHING_CRYPTO,MEDIUM,
chaindappsintegration.com,PHISHING_CRYPTO,MEDIUM,
reth-sushi.cfd,PHISHING_CRYPTO,MEDIUM,
capitalgroupfxs.com,PHISHING_CONFIRMED,MEDIUM,
token-decentraland.org,PHISHING_CRYPTO,MEDIUM,
militaria-free.com,PHISHING_CONFIRMED,MEDIUM,
yapyo.lol,PHISHING_CRYPTO,MEDIUM,
ethgasfunds.xyz,PHISHING_CRYPTO,MEDIUM,
soapfacts.info,PHISHING_CONFIRMED,MEDIUM,
420-thailand.com,PHISHING_CONFIRMED,MEDIUM,
69458123.xyz,PHISHING_CONFIRMED,MEDIUM,
jesafetelecoms.com,PHISHING_CONFIRMED,MEDIUM,
org-dz3.site,PHISHING_CRYPTO,MEDIUM,
64029731.xyz,PHISHING_CONFIRMED,MEDIUM,
xrpupdate.org,PHISHING_CRYPTO,MEDIUM,
utah-gov-ch.life,PHISHING_CONFIRMED,MEDIUM,
floridacommerce.info,PHISHING_CONFIRMED,MEDIUM,
worldlibertyfinancialmainnet.com,PHISHING_CRYPTO,MEDIUM,
21590374.xyz,PHISHING_CONFIRMED,MEDIUM,
cloudverse-opsec-computer-claim.com,PHISHING_CRYPTO,MEDIUM,
parkandpayment.info,PHISHING_CONFIRMED,MEDIUM,
snapshot-smartdefi.xyz,PHISHING_CRYPTO,MEDIUM,
perolintaqa.pro,PHISHING_CONFIRMED,MEDIUM,
legopunguins.xyz,PHISHING_CRYPTO,MEDIUM,
zarnovo.buzz,PHISHING_CRYPTO,MEDIUM,
azurra.lat,PHISHING_CONFIRMED,MEDIUM,
navigators.exchange,PHISHING_CRYPTO,MEDIUM,
pelvarinaa.info,PHISHING_CONFIRMED,MEDIUM,
e-xueedu.com,PHISHING_CONFIRMED,MEDIUM,
sparkdex.help,PHISHING_CRYPTO,MEDIUM,
tokenassetrecovery.help,PHISHING_CRYPTO,MEDIUM,
testnet-incentivbadge.click,PHISHING_CRYPTO,MEDIUM,
qalverona365.info,PHISHING_CONFIRMED,MEDIUM,
helpmyvision.info,PHISHING_CONFIRMED,MEDIUM,
ivulo.com,PHISHING_CONFIRMED,MEDIUM,
74291530.xyz,PHISHING_CONFIRMED,MEDIUM,
acvpmpei.info,PHISHING_CONFIRMED,MEDIUM,
dsyncstakenode.lol,PHISHING_CRYPTO,MEDIUM,
serviceedq.hair,PHISHING_CONFIRMED,MEDIUM,
unkeashprotocol.xyz,PHISHING_CRYPTO,MEDIUM,
3kw83ji.hair,PHISHING_CONFIRMED,MEDIUM,
7mn5qkx.qpon,PHISHING_CONFIRMED,MEDIUM,
nova-synchronizations.org,PHISHING_CRYPTO,MEDIUM,
bitgoexpress.com,PHISHING_CRYPTO,MEDIUM,
trackingtlq.life,PHISHING_CONFIRMED,MEDIUM,
m5w8lg.lol,PHISHING_CONFIRMED,MEDIUM,
servicetxq.hair,PHISHING_CONFIRMED,MEDIUM,
evaairline.com,PHISHING_CONFIRMED,MEDIUM,
themeapples.org,PHISHING_CONFIRMED,MEDIUM,
salayri.com,PHISHING_CONFIRMED,MEDIUM,
id-maps-help.support,PHISHING_CONFIRMED,MEDIUM,
neroclaim.help,PHISHING_CRYPTO,MEDIUM,
mstr-sushi.lat,PHISHING_CRYPTO,MEDIUM,
f25wtrwte.garden,PHISHING_CONFIRMED,MEDIUM,
event-origineth.com,PHISHING_CRYPTO,MEDIUM,
truckservicer.info,PHISHING_CONFIRMED,MEDIUM,
refundguards.online,PHISHING_CONFIRMED,MEDIUM,
lideguojiyulecheng.info,PHISHING_CONFIRMED,MEDIUM,
bet73040.com,PHISHING_CONFIRMED,MEDIUM,
trekpleister.sbs,PHISHING_CONFIRMED,MEDIUM,
trackingkim.life,PHISHING_CONFIRMED,MEDIUM,
web3secure3d.lol,PHISHING_CRYPTO,MEDIUM,
alaop.net,PHISHING_CONFIRMED,MEDIUM,
tornadocash.link,PHISHING_CRYPTO,MEDIUM,
live-backup.com,PHISHING_CRYPTO,MEDIUM,
app-fuel.finance,PHISHING_CRYPTO,MEDIUM,
lecoucou.info,PHISHING_CONFIRMED,MEDIUM,
zknation.com,PHISHING_CRYPTO,MEDIUM,
zappirs.com,PHISHING_CRYPTO,MEDIUM,
goguowai.com,PHISHING_CONFIRMED,MEDIUM,
hsbc-nsn.com,PHISHING_CONFIRMED,MEDIUM,
81065247.xyz,PHISHING_CONFIRMED,MEDIUM,
metamasksecurity-section.com,PHISHING_CRYPTO,MEDIUM,
wangxia.xyz,PHISHING_CRYPTO,MEDIUM,
xim4ro.lat,PHISHING_CONFIRMED,MEDIUM,
unisvop.com,PHISHING_CRYPTO,MEDIUM,
knowledgetrail.info,PHISHING_CONFIRMED,MEDIUM,
servicelfi.sbs,PHISHING_CONFIRMED,MEDIUM,
k4pr7zw.hair,PHISHING_CONFIRMED,MEDIUM,
unchainx.site,PHISHING_CRYPTO,MEDIUM,
fulid-reward.com,PHISHING_CRYPTO,MEDIUM,
9vskin1.skin,PHISHING_CONFIRMED,MEDIUM,
appleinthecase.com,PHISHING_CONFIRMED,MEDIUM,
eth-origin.org,PHISHING_CRYPTO,MEDIUM,
microsofupdate.com,PHISHING_CONFIRMED,MEDIUM,
bonusvault.help,PHISHING_CONFIRMED,MEDIUM,
doz-store.sbs,PHISHING_CONFIRMED,MEDIUM,
x6mq8pt.skin,PHISHING_CONFIRMED,MEDIUM,
onchainlayers.net,PHISHING_CRYPTO,MEDIUM,
16384729.xyz,PHISHING_CONFIRMED,MEDIUM,
aeon-bank.lol,PHISHING_CONFIRMED,MEDIUM,
optinyan.xyz,PHISHING_CRYPTO,MEDIUM,
purebuttah.xyz,PHISHING_CRYPTO,MEDIUM,
trustweb3.info,PHISHING_CRYPTO,MEDIUM,
appthruster.finance,PHISHING_CRYPTO,MEDIUM,
wealthmanagementfirms.org,PHISHING_CRYPTO,MEDIUM,
ethegas.network,PHISHING_CRYPTO,MEDIUM,
deltalxkpsu.info,PHISHING_CONFIRMED,MEDIUM,
tetheclipse.xyz,PHISHING_CRYPTO,MEDIUM,
2y3tg2y.skin,PHISHING_CONFIRMED,HIGH,
62794831.xyz,PHISHING_CONFIRMED,MEDIUM,
season2-mantanetwork.com,PHISHING_CRYPTO,MEDIUM,
appleid-find.com,PHISHING_CONFIRMED,MEDIUM,
depper-network.sbs,PHISHING_CRYPTO,MEDIUM,
pwmp.fun,PHISHING_CRYPTO,MEDIUM,
galaxybridge.xyz,PHISHING_CRYPTO,MEDIUM,
s3x4p0.cfd,PHISHING_CONFIRMED,MEDIUM,
appgamingnetwork.com,PHISHING_CRYPTO,MEDIUM,
bet73070.com,PHISHING_CONFIRMED,MEDIUM,
lynettetritelphotography.com,PHISHING_CONFIRMED,MEDIUM,
servicecln.quest,PHISHING_CONFIRMED,MEDIUM,
64290578.xyz,PHISHING_CONFIRMED,MEDIUM,
pancakeswep.finance,PHISHING_CRYPTO,MEDIUM,
guwvs.sbs,PHISHING_CONFIRMED,MEDIUM,
cloack-chain-dap.online,PHISHING_CRYPTO,MEDIUM,
89250734.xyz,PHISHING_CONFIRMED,MEDIUM,
dappradar-claim.xyz,PHISHING_CRYPTO,MEDIUM,
cccsale.sbs,PHISHING_CONFIRMED,MEDIUM,
app-2025.click,PHISHING_CONFIRMED,MEDIUM,
nelflix.net,PHISHING_CONFIRMED,MEDIUM,
kanishopnavi.info,PHISHING_CONFIRMED,MEDIUM,
d6r9k1.lat,PHISHING_CONFIRMED,MEDIUM,
quicksupportdesks.com,PHISHING_CRYPTO,MEDIUM,
whatever20.net,PHISHING_CRYPTO,MEDIUM,
hyperliquit.xyz,PHISHING_CRYPTO,MEDIUM,
cryptomaindapps.xyz,PHISHING_CRYPTO,MEDIUM,
btlcwh.com,PHISHING_CONFIRMED,MEDIUM,
myspotify.help,PHISHING_CONFIRMED,MEDIUM,
ap9xzg.sbs,PHISHING_CONFIRMED,MEDIUM,
quickeanswers.info,PHISHING_CONFIRMED,MEDIUM,
dogem-token.xyz,PHISHING_CRYPTO,MEDIUM,
vergisorgu.org,PHISHING_CONFIRMED,MEDIUM,
pttsxh.com,PHISHING_CONFIRMED,MEDIUM,
dropkh.com,PHISHING_CONFIRMED,MEDIUM,
walletgrid.net,PHISHING_CRYPTO,MEDIUM,
servicemha.cyou,PHISHING_CONFIRMED,MEDIUM,
networkbridger.xyz,PHISHING_CRYPTO,MEDIUM,
20915387.xyz,PHISHING_CONFIRMED,MEDIUM,
infolinehub.xyz,PHISHING_CONFIRMED,MEDIUM,
allappsconnectingin.lol,PHISHING_CRYPTO,MEDIUM,
bridge-fideum.xyz,PHISHING_CRYPTO,MEDIUM,
98wqui.wiki,PHISHING_CONFIRMED,MEDIUM,
aroeira333.skin,PHISHING_CONFIRMED,MEDIUM,
web3devdapps.xyz,PHISHING_CRYPTO,MEDIUM,
cowswapeth.com,PHISHING_CRYPTO,MEDIUM,
49738152.xyz,PHISHING_CONFIRMED,MEDIUM,
portals-coinbase.com,PHISHING_CRYPTO,MEDIUM,
06iis.com,PHISHING_CONFIRMED,MEDIUM,
trustpad-hj.com,PHISHING_CRYPTO,MEDIUM,
acesonelcashlmx.sbs,PHISHING_CONFIRMED,MEDIUM,
vote-for.com,PHISHING_CONFIRMED,MEDIUM,
metamasktrader.com,PHISHING_CONFIRMED,MEDIUM,
zdrei.info,PHISHING_CONFIRMED,MEDIUM,
mon7xo.lat,PHISHING_CONFIRMED,MEDIUM,
1d2red.ink,PHISHING_CONFIRMED,MEDIUM,
krakow-rynowekta-pl.com,PHISHING_CONFIRMED,MEDIUM,
namzcp.org,PHISHING_CONFIRMED,MEDIUM,
mydisneypluspoland.com,PHISHING_CONFIRMED,MEDIUM,
fxs-sushi.cfd,PHISHING_CRYPTO,MEDIUM,
tohuusin.info,PHISHING_CONFIRMED,MEDIUM,
claimyoursol.xyz,PHISHING_CRYPTO,MEDIUM,
84692035.xyz,PHISHING_CONFIRMED,MEDIUM,
clickrewards.help,PHISHING_CONFIRMED,MEDIUM,
r6d9b3.lat,PHISHING_CONFIRMED,MEDIUM,
ingable.info,PHISHING_CONFIRMED,MEDIUM,
a3p2y7.lat,PHISHING_CONFIRMED,MEDIUM,
buftgc.icu,PHISHING_CONFIRMED,MEDIUM,
b45084.com,PHISHING_CONFIRMED,MEDIUM,
ledgerlivesite.com,PHISHING_CONFIRMED,MEDIUM,
36214790.xyz,PHISHING_CONFIRMED,MEDIUM,
62y7u3j.skin,PHISHING_CONFIRMED,MEDIUM,
6e2v0ei.skin,PHISHING_CONFIRMED,MEDIUM,
serviceleu.cyou,PHISHING_CONFIRMED,MEDIUM,
topicguides.info,PHISHING_CONFIRMED,MEDIUM,
inrleiot.com,PHISHING_CONFIRMED,MEDIUM,
migrates-kilt.xyz,PHISHING_CRYPTO,MEDIUM,
5wtvert.lat,PHISHING_CONFIRMED,MEDIUM,
edavatr.org,PHISHING_CONFIRMED,MEDIUM,
36855790.xyz,PHISHING_CONFIRMED,MEDIUM,
form-4423124.sbs,PHISHING_CONFIRMED,MEDIUM,
juicybits.info,PHISHING_CONFIRMED,MEDIUM,
butnowmagazine.com,PHISHING_CONFIRMED,MEDIUM,
q-assets.org,PHISHING_CRYPTO,MEDIUM,
iu3bzb.lat,PHISHING_CONFIRMED,MEDIUM,
ochnikrabat.sbs,PHISHING_CONFIRMED,MEDIUM,
avl7ri.lat,PHISHING_CONFIRMED,MEDIUM,
postnto.com,PHISHING_CONFIRMED,MEDIUM,
app-initiafi.com,PHISHING_CRYPTO,MEDIUM,
fc9pxf.mom,PHISHING_CONFIRMED,MEDIUM,
mindclaim.online,PHISHING_CRYPTO,MEDIUM,
gsfyjs.com,PHISHING_CONFIRMED,MEDIUM,
t4erna.sbs,PHISHING_CONFIRMED,MEDIUM,
l2k3c7.sbs,PHISHING_CONFIRMED,MEDIUM,
optimisms.app,PHISHING_CRYPTO,MEDIUM,
65t363ge.lol,PHISHING_CONFIRMED,MEDIUM,
relvato.biz,PHISHING_CONFIRMED,MEDIUM,
3k3y8en.hair,PHISHING_CONFIRMED,MEDIUM,
glacier-network.xyz,PHISHING_CRYPTO,MEDIUM,
stakedrop.dev,PHISHING_CRYPTO,MEDIUM,
ptt88.pics,PHISHING_CONFIRMED,MEDIUM,
pudgydrop.com,PHISHING_CRYPTO,MEDIUM,
pdf-bro.lat,PHISHING_CONFIRMED,MEDIUM,
6y7ey57y.hair,PHISHING_CONFIRMED,MEDIUM,
bet73011.com,PHISHING_CONFIRMED,MEDIUM,
30419587.xyz,PHISHING_CONFIRMED,MEDIUM,
solaxybridge.xyz,PHISHING_CRYPTO,MEDIUM,
hyrbidge.xyz,PHISHING_CRYPTO,MEDIUM,
sale-gonser.sbs,PHISHING_CONFIRMED,MEDIUM,
marketreportgridx.info,PHISHING_CONFIRMED,MEDIUM,
ilnostrositoweb.info,PHISHING_CONFIRMED,MEDIUM,
886ko.com,PHISHING_CONFIRMED,MEDIUM,
neexbit.com,PHISHING_CRYPTO,MEDIUM,
ethgas.dev,PHISHING_CRYPTO,MEDIUM,
modnakieckapl.sbs,PHISHING_CONFIRMED,MEDIUM,
claim-opsec-v2.org,PHISHING_CRYPTO,MEDIUM,
dapps-network.xyz,PHISHING_CRYPTO,MEDIUM,
informations-update.com,PHISHING_CONFIRMED,MEDIUM,
syncvalidators.com,PHISHING_CRYPTO,MEDIUM,
myetehrwallet.com,PHISHING_CRYPTO,MEDIUM,
24fw5rw.lat,PHISHING_CONFIRMED,MEDIUM,
gmxonline.xyz,PHISHING_CRYPTO,MEDIUM,
descdappmaineator.xyz,PHISHING_CRYPTO,MEDIUM,
distribuidordepersianas.com,PHISHING_CONFIRMED,MEDIUM,
gettrumpmemeclaim.com,PHISHING_CRYPTO,MEDIUM,
carsarace.com,PHISHING_CONFIRMED,MEDIUM,
finnlost.xyz,PHISHING_CRYPTO,MEDIUM,
juhentaibook.icu,PHISHING_CONFIRMED,MEDIUM,
manquanw.com,PHISHING_CONFIRMED,MEDIUM,
7wk3vnr.hair,PHISHING_CONFIRMED,MEDIUM,
b45049.com,PHISHING_CONFIRMED,MEDIUM,
aviceo.xyz,PHISHING_CRYPTO,MEDIUM,
pendle-sushi.pro,PHISHING_CRYPTO,MEDIUM,
geomeg.info,PHISHING_CONFIRMED,MEDIUM,
iryva.com,PHISHING_CONFIRMED,MEDIUM,
claim-fluid.org,PHISHING_CRYPTO,MEDIUM,
grass-foundations.xyz,PHISHING_CRYPTO,MEDIUM,
70982345.xyz,PHISHING_CONFIRMED,MEDIUM,
1hvt23.wiki,PHISHING_CONFIRMED,MEDIUM,
kai-kenmigrate.com,PHISHING_CRYPTO,MEDIUM,
oshat.com,PHISHING_CONFIRMED,MEDIUM,
coinmake.website,PHISHING_CRYPTO,MEDIUM,
freetate-airdrop.com,PHISHING_CRYPTO,MEDIUM,
sanjibot.xyz,PHISHING_CRYPTO,MEDIUM,
claim-kinto.xyz,PHISHING_CRYPTO,MEDIUM,
okinaya.info,PHISHING_CONFIRMED,MEDIUM,
5u75h.hair,PHISHING_CONFIRMED,MEDIUM,
brenoluxor.pro,PHISHING_CONFIRMED,MEDIUM,
babydoge-new-upgrade.live,PHISHING_CONFIRMED,MEDIUM,
sk4bum.casa,PHISHING_CONFIRMED,MEDIUM,
taiko2.xyz,PHISHING_CRYPTO,MEDIUM,
cryptonft-s.com,PHISHING_CRYPTO,MEDIUM,
karmasocialmedia.com,PHISHING_CONFIRMED,MEDIUM,
utah-gov-cb.life,PHISHING_CONFIRMED,MEDIUM,
mainnetrpcfix.info,PHISHING_CRYPTO,MEDIUM,
us-lax-coinbase.com,PHISHING_CRYPTO,MEDIUM,
kasa-dochodnosc.org,PHISHING_CONFIRMED,MEDIUM,
vote.finance,PHISHING_CRYPTO,MEDIUM,
txtbye.com,PHISHING_CONFIRMED,MEDIUM,
localbestdating1.com,PHISHING_CONFIRMED,MEDIUM,
coco-sushi.xyz,PHISHING_CRYPTO,MEDIUM,
wallet-securevault.online,PHISHING_CRYPTO,MEDIUM,
t8qn5pr.qpon,PHISHING_CONFIRMED,MEDIUM,
events-pyth.network,PHISHING_CRYPTO,MEDIUM,
foundation-7y1.xyz,PHISHING_CRYPTO,MEDIUM,
coinbase-334354.com,PHISHING_CRYPTO,MEDIUM,
hicdfjvgnue.info,PHISHING_CONFIRMED,MEDIUM,
tk6ttk.sbs,PHISHING_CONFIRMED,MEDIUM,
0eth.org,PHISHING_CRYPTO,MEDIUM,
standardweb3-mev.com,PHISHING_CRYPTO,MEDIUM,
urbannovaa24.com,PHISHING_CONFIRMED,MEDIUM,
onlineclaimz.xyz,PHISHING_CRYPTO,MEDIUM,
popadscdn.net,PHISHING_CONFIRMED,MEDIUM,
blocdagnetworkz.live,PHISHING_CRYPTO,MEDIUM,
s8rddm.sbs,PHISHING_CONFIRMED,MEDIUM,
metamasks.app,PHISHING_CRYPTO,MEDIUM,
packagingon.com,PHISHING_CRYPTO,MEDIUM,
empresachat.one,PHISHING_CONFIRMED,MEDIUM,
techniczna-szansa.cfd,PHISHING_CONFIRMED,MEDIUM,
k1x4n6.cfd,PHISHING_CONFIRMED,MEDIUM,
92671385.xyz,PHISHING_CONFIRMED,MEDIUM,
tq5qdt.cfd,PHISHING_CONFIRMED,MEDIUM,
syncdesks.xyz,PHISHING_CRYPTO,MEDIUM,
plasticdipmouldingsltd.com,PHISHING_CONFIRMED,MEDIUM,
voteme-medium.com,PHISHING_CRYPTO,MEDIUM,
72ywte3.garden,PHISHING_CONFIRMED,MEDIUM,
9eygt4y.lol,PHISHING_CONFIRMED,MEDIUM,
trackingezg.life,PHISHING_CONFIRMED,MEDIUM,
mousestats.com,PHISHING_CONFIRMED,MEDIUM,
kk7003.com,PHISHING_CONFIRMED,MEDIUM,
lidofi-stake.app,PHISHING_CRYPTO,MEDIUM,
servicegxl.hair,PHISHING_CONFIRMED,MEDIUM,
6u2ry0.skin,PHISHING_CONFIRMED,MEDIUM,
saway-sale.sbs,PHISHING_CONFIRMED,MEDIUM,
connec2bridgeapp.website,PHISHING_CRYPTO,MEDIUM,
serviceyso.boats,PHISHING_CONFIRMED,MEDIUM,
optimism-airdrop.net,PHISHING_CRYPTO,MEDIUM,
6gwr4ed.lat,PHISHING_CONFIRMED,MEDIUM,
magicedenreward.xyz,PHISHING_CRYPTO,MEDIUM,
gumilank.info,PHISHING_CONFIRMED,MEDIUM,
6ue0i9r.hair,PHISHING_CONFIRMED,MEDIUM,
unstoppabledomain.pro,PHISHING_CRYPTO,MEDIUM,
c8zbug.cfd,PHISHING_CONFIRMED,MEDIUM,
fastweb3claim.com,PHISHING_CRYPTO,MEDIUM,
minemeta.icu,PHISHING_CONFIRMED,MEDIUM,
ilv-sushi.pro,PHISHING_CRYPTO,MEDIUM,
ach-sushi.pro,PHISHING_CRYPTO,MEDIUM,
app-magna.xyz,PHISHING_CRYPTO,MEDIUM,
rp8trq.qpon,PHISHING_CONFIRMED,MEDIUM,
rewards-uniswap.org,PHISHING_CRYPTO,MEDIUM,
sstakeland.com,PHISHING_CRYPTO,MEDIUM,
xxxxfish-hu.sbs,PHISHING_CONFIRMED,MEDIUM,
ayjhdy.com,PHISHING_CONFIRMED,MEDIUM,
item9176010-71.cfd,PHISHING_CONFIRMED,MEDIUM,
snap96.beer,PHISHING_CONFIRMED,MEDIUM,
marcloudmonitoring.info,PHISHING_CONFIRMED,MEDIUM,
aave-sushi.cfd,PHISHING_CRYPTO,MEDIUM,
trendpulseora.pro,PHISHING_CONFIRMED,MEDIUM,
kel7ar.lat,PHISHING_CONFIRMED,MEDIUM,
yoroi-app.live,PHISHING_CRYPTO,MEDIUM,
claimsplumenetwork.xyz,PHISHING_CRYPTO,MEDIUM,
64321879.xyz,PHISHING_CONFIRMED,MEDIUM,
quickswap.live,PHISHING_CRYPTO,MEDIUM,
australianhistorypictures.com,PHISHING_CONFIRMED,MEDIUM,
dashprotocol-mesh.link,PHISHING_CRYPTO,MEDIUM,
3561vpk.hair,PHISHING_CONFIRMED,MEDIUM,
opsecmigration.info,PHISHING_CRYPTO,MEDIUM,
982iwue.work,PHISHING_CONFIRMED,MEDIUM,
aohaiqi.com,PHISHING_CONFIRMED,MEDIUM,
superintelligenceio.site,PHISHING_CRYPTO,MEDIUM,
x9k5m2.lat,PHISHING_CONFIRMED,MEDIUM,
qw826wg.lol,PHISHING_CONFIRMED,MEDIUM,
1f2dr3.ink,PHISHING_CONFIRMED,MEDIUM,
qvqtgeqlhi.skin,PHISHING_CONFIRMED,MEDIUM,
c1ywla.cfd,PHISHING_CONFIRMED,MEDIUM,
maxitrade.com,PHISHING_CONFIRMED,MEDIUM,
vftewfsdfescdsanharen-nl.sbs,PHISHING_CONFIRMED,MEDIUM,
attefallhus.info,PHISHING_CONFIRMED,MEDIUM,
zq2kls.cfd,PHISHING_CONFIRMED,MEDIUM,
dlduozi.com,PHISHING_CONFIRMED,MEDIUM,
shfindustrial.com,PHISHING_CONFIRMED,MEDIUM,
btc-bonus.com,PHISHING_CRYPTO,MEDIUM,
creatingweb3chainstech.lol,PHISHING_CRYPTO,MEDIUM,
tk-ioksml.pics,PHISHING_CONFIRMED,MEDIUM,
mobiledosti.net,PHISHING_CONFIRMED,MEDIUM,
withdraw-coinbase.com,PHISHING_CRYPTO,MEDIUM,
rewards-doge.xyz,PHISHING_CRYPTO,MEDIUM,
hipoton.com,PHISHING_CRYPTO,MEDIUM,
29374650.xyz,PHISHING_CONFIRMED,MEDIUM,
51602984.xyz,PHISHING_CONFIRMED,MEDIUM,
sfshopee.com,PHISHING_CONFIRMED,MEDIUM,
hommsnet.com,PHISHING_CONFIRMED,MEDIUM,
tilebids.com,PHISHING_CONFIRMED,MEDIUM,
registeredagentsinconnecticut.com,PHISHING_CONFIRMED,MEDIUM,
4wr9pkv.hair,PHISHING_CONFIRMED,MEDIUM,
p8932.com,PHISHING_CONFIRMED,MEDIUM,
czechurol.info,PHISHING_CONFIRMED,MEDIUM,
3t2ft2.skin,PHISHING_CONFIRMED,MEDIUM,
productlaunchprofits.com,PHISHING_CONFIRMED,MEDIUM,
o4j6mt.sbs,PHISHING_CONFIRMED,MEDIUM,
projectresolve-port.com,PHISHING_CRYPTO,MEDIUM,
assetstraces.com,PHISHING_CONFIRMED,MEDIUM,
christianmichaelcurrent.com,PHISHING_CONFIRMED,MEDIUM,
coinrouter.xyz,PHISHING_CRYPTO,MEDIUM,
nhacai.online,PHISHING_CONFIRMED,MEDIUM,
brenoviraxa365.com,PHISHING_CONFIRMED,MEDIUM,
17054392.xyz,PHISHING_CONFIRMED,MEDIUM,
best-wallet.live,PHISHING_CRYPTO,MEDIUM,
militariasale.sbs,PHISHING_CONFIRMED,MEDIUM,
tiktoeghjg.com,PHISHING_CONFIRMED,MEDIUM,
metamask-eu.net,PHISHING_CRYPTO,MEDIUM,
bieglafundenza.sbs,PHISHING_CONFIRMED,MEDIUM,
xl4veu.sbs,PHISHING_CONFIRMED,MEDIUM,
kasnahi.net,PHISHING_CONFIRMED,MEDIUM,
banktrustcoin.com,PHISHING_CRYPTO,MEDIUM,
apple-g3.com,PHISHING_CONFIRMED,MEDIUM,
mainnet-fix.org,PHISHING_CRYPTO,MEDIUM,
onchainfixes.xyz,PHISHING_CRYPTO,MEDIUM,
3qx9mzt.skin,PHISHING_CONFIRMED,MEDIUM,
redwhatsapp.com,PHISHING_CONFIRMED,MEDIUM,
z6qx3mp.skin,PHISHING_CONFIRMED,MEDIUM,
claimvlv.xyz,PHISHING_CRYPTO,MEDIUM,
solvstake.app,PHISHING_CRYPTO,MEDIUM,
liverectification.com,PHISHING_CRYPTO,MEDIUM,
claim-anime.lol,PHISHING_CRYPTO,MEDIUM,
usleavedepartment.com,PHISHING_CONFIRMED,MEDIUM,
5o2r6yw.skin,PHISHING_CONFIRMED,MEDIUM,
law-daej-osaimi.com,PHISHING_CONFIRMED,MEDIUM,
swfdhaka.org,PHISHING_CONFIRMED,MEDIUM,
infinity-club.net,PHISHING_CONFIRMED,MEDIUM,
pancalkesvap.finance,PHISHING_CRYPTO,MEDIUM,
b4tek.com,PHISHING_CONFIRMED,MEDIUM,
spacecatchtoken.com,PHISHING_CRYPTO,MEDIUM,
lcloud-recoveryphones.help,PHISHING_CONFIRMED,MEDIUM,
mythical-project.org,PHISHING_CRYPTO,MEDIUM,
8254rwffd.lat,PHISHING_CONFIRMED,MEDIUM,
asgdfiasujfg.click,PHISHING_CONFIRMED,MEDIUM,
sidreemwrot.info,PHISHING_CONFIRMED,MEDIUM,
opensupportspotify.help,PHISHING_CONFIRMED,MEDIUM,
serviceneb.sbs,PHISHING_CONFIRMED,MEDIUM,
caroldavisafaris.com,PHISHING_CONFIRMED,MEDIUM,
amlpro.app,PHISHING_CRYPTO,MEDIUM,
92658140.xyz,PHISHING_CONFIRMED,MEDIUM,
nmoawx.com,PHISHING_CONFIRMED,MEDIUM,
avax-sushi.xyz,PHISHING_CRYPTO,MEDIUM,
eyeliteglasses.info,PHISHING_CONFIRMED,MEDIUM,
56vgk5z.lat,PHISHING_CONFIRMED,MEDIUM,
claim-celestia.org,PHISHING_CRYPTO,MEDIUM,
louisiana-bd.com,PHISHING_CRYPTO,MEDIUM,
kr3evo.casa,PHISHING_CONFIRMED,MEDIUM,
89374162.xyz,PHISHING_CONFIRMED,MEDIUM,
havytab.com,PHISHING_CONFIRMED,MEDIUM,
k7beam.cfd,PHISHING_CONFIRMED,MEDIUM,
9wj263h.lat,PHISHING_CONFIRMED,MEDIUM,
29swj76d.lol,PHISHING_CONFIRMED,MEDIUM,
mnet-hub.icu,PHISHING_CRYPTO,MEDIUM,
midaspubg.lat,PHISHING_CONFIRMED,MEDIUM,
brldgeswanchain.org,PHISHING_CRYPTO,MEDIUM,
rpctechfix.live,PHISHING_CRYPTO,MEDIUM,
haultruckoperator.com,PHISHING_CONFIRMED,MEDIUM,
travelsenioragency.com,PHISHING_CONFIRMED,MEDIUM,
worldmobilecoin.site,PHISHING_CRYPTO,MEDIUM,
dj5xmz.sbs,PHISHING_CONFIRMED,MEDIUM,
bar7on.lat,PHISHING_CONFIRMED,MEDIUM,
3ie8u4e.hair,PHISHING_CONFIRMED,MEDIUM,
44calibre.net,PHISHING_CONFIRMED,MEDIUM,
onderhandelcoach.info,PHISHING_CONFIRMED,MEDIUM,
plumenetworkclaims.xyz,PHISHING_CRYPTO,MEDIUM,
multiwallets.app,PHISHING_CRYPTO,MEDIUM,
amlbotweb3.com,PHISHING_CRYPTO,MEDIUM,
pepe-unchained.help,PHISHING_CRYPTO,MEDIUM,
iocmfh84.ink,PHISHING_CONFIRMED,MEDIUM,
claim-ethena.lol,PHISHING_CRYPTO,MEDIUM,
freshstartgrowers.com,PHISHING_CONFIRMED,MEDIUM,
infocenterdaily24.com,PHISHING_CONFIRMED,MEDIUM,
walletrectify.website,PHISHING_CRYPTO,MEDIUM,
viridis-migrate.xyz,PHISHING_CRYPTO,MEDIUM,
events-scroll.com,PHISHING_CRYPTO,MEDIUM,
20738154.xyz,PHISHING_CONFIRMED,MEDIUM,
zorqelanta.pro,PHISHING_CONFIRMED,MEDIUM,
claimcryptorewards-bonus.lol,PHISHING_CRYPTO,MEDIUM,
cobra-airdrop.com,PHISHING_CRYPTO,MEDIUM,
3qfwrrf5.lat,PHISHING_CONFIRMED,MEDIUM,
playsdog.site,PHISHING_CRYPTO,MEDIUM,
catizene.org,PHISHING_CRYPTO,MEDIUM,
claim-new-pepeunchained.com,PHISHING_CRYPTO,MEDIUM,
gdziejestmojapaczka.com,PHISHING_CONFIRMED,MEDIUM,
receiptslinkedin.com,PHISHING_CONFIRMED,MEDIUM,
whitelist-hyperliquid.xyz,PHISHING_CRYPTO,MEDIUM,
bysst.com,PHISHING_CONFIRMED,MEDIUM,
jesauvelasecu.info,PHISHING_CONFIRMED,MEDIUM,
or6ayz.cfd,PHISHING_CONFIRMED,MEDIUM,
connects-collab.land,PHISHING_CRYPTO,MEDIUM,
zootoplist.com,PHISHING_CONFIRMED,MEDIUM,
flyqatar-airwaysuae.com,PHISHING_CONFIRMED,MEDIUM,
dashtoolprotocol.com,PHISHING_CRYPTO,MEDIUM,
hezeidc.com,PHISHING_CONFIRMED,MEDIUM,
trustwalletdapp.net,PHISHING_CRYPTO,MEDIUM,
enerpreapptive.lol,PHISHING_CRYPTO,MEDIUM,
pl-drogerienatura.sbs,PHISHING_CONFIRMED,MEDIUM,
liberty-miners.ltd,PHISHING_CRYPTO,MEDIUM,
f7rnoz.sbs,PHISHING_CONFIRMED,MEDIUM,
925egfe5d.lat,PHISHING_CONFIRMED,MEDIUM,
scnaob.info,PHISHING_CONFIRMED,MEDIUM,
87hwyg36.lol,PHISHING_CONFIRMED,MEDIUM,
tinfort.com,PHISHING_CONFIRMED,MEDIUM,
fastweb3lawsuit.com,PHISHING_CRYPTO,MEDIUM,
adinobro.com,PHISHING_CONFIRMED,MEDIUM,
alorpath.org,PHISHING_CONFIRMED,MEDIUM,
kiinoasnacks.info,PHISHING_CONFIRMED,MEDIUM,
app-collab.land,PHISHING_CRYPTO,MEDIUM,
homlapromocje.com,PHISHING_CONFIRMED,MEDIUM,
28742659.xyz,PHISHING_CONFIRMED,MEDIUM,
deliqa.casa,PHISHING_CONFIRMED,MEDIUM,
cryptoinfo.media,PHISHING_CRYPTO,MEDIUM,
hy8aqi.qpon,PHISHING_CONFIRMED,MEDIUM,
smyk-online.com,PHISHING_CONFIRMED,MEDIUM,
familysorted.info,PHISHING_CONFIRMED,MEDIUM,
axonsolution.com,PHISHING_CONFIRMED,MEDIUM,
sawayrabat.sbs,PHISHING_CONFIRMED,MEDIUM,
rivalz-network.org,PHISHING_CRYPTO,MEDIUM,
0qkw762.lat,PHISHING_CONFIRMED,MEDIUM,
za2jlk.qpon,PHISHING_CONFIRMED,MEDIUM,
stmaryspavilion.info,PHISHING_CONFIRMED,MEDIUM,
depnkhoe.info,PHISHING_CONFIRMED,MEDIUM,
lion-sushi.xyz,PHISHING_CRYPTO,MEDIUM,
a0p8y5.cfd,PHISHING_CONFIRMED,MEDIUM,
usdt91.com,PHISHING_CRYPTO,MEDIUM,
bsqcpx.com,PHISHING_CONFIRMED,MEDIUM,
luixa.xyz,PHISHING_CONFIRMED,MEDIUM,
mmofreegames.online,PHISHING_CONFIRMED,MEDIUM,
excellabd.com,PHISHING_CONFIRMED,MEDIUM,
supertrumpcoins.net,PHISHING_CRYPTO,MEDIUM,
odvgh.sbs,PHISHING_CONFIRMED,MEDIUM,
2gc26yhw.skin,PHISHING_CONFIRMED,MEDIUM,
contentnest.help,PHISHING_CONFIRMED,MEDIUM,
9eje6rf.lol,PHISHING_CONFIRMED,MEDIUM,
clickeboost.buzz,PHISHING_CONFIRMED,MEDIUM,
bet63pp.com,PHISHING_CONFIRMED,MEDIUM,
packck.xyz,PHISHING_CONFIRMED,MEDIUM,
d6rbpf.cfd,PHISHING_CONFIRMED,MEDIUM,
es-post.info,PHISHING_CONFIRMED,MEDIUM,
49276018.xyz,PHISHING_CONFIRMED,MEDIUM,
74182039.xyz,PHISHING_CONFIRMED,MEDIUM,
orochiairdrop.xyz,PHISHING_CRYPTO,MEDIUM,
realestateagentyonkers.com,PHISHING_CONFIRMED,MEDIUM,
aukilab.com,PHISHING_CRYPTO,MEDIUM,
amrithapuritravels.com,PHISHING_CONFIRMED,MEDIUM,
923874-coinbase.com,PHISHING_CONFIRMED,MEDIUM,
peaq-network.lol,PHISHING_CRYPTO,MEDIUM,
claim-pengu.com,PHISHING_CRYPTO,MEDIUM,
blankeyeo.com,PHISHING_CONFIRMED,MEDIUM,
officialwebdapps.icu,PHISHING_CRYPTO,MEDIUM,
anjedowler.info,PHISHING_CONFIRMED,MEDIUM,
hitorilama.icu,PHISHING_CONFIRMED,MEDIUM,
tk-eudouglas.help,PHISHING_CONFIRMED,MEDIUM,
37285941.xyz,PHISHING_CONFIRMED,MEDIUM,
31249680.xyz,PHISHING_CONFIRMED,MEDIUM,
bet73079.com,PHISHING_CONFIRMED,MEDIUM,
kng.wtf,PHISHING_CONFIRMED,MEDIUM,
appchainresolverr.xyz,PHISHING_CRYPTO,MEDIUM,
get-solayerfoundation.com,PHISHING_CRYPTO,MEDIUM,
nx4kjj.casa,PHISHING_CONFIRMED,MEDIUM,
mailofficeinc.info,PHISHING_CONFIRMED,MEDIUM,
scholarlumni.info,PHISHING_CONFIRMED,MEDIUM,
vor9en.lat,PHISHING_CONFIRMED,MEDIUM,
b9vhfy.pics,PHISHING_CONFIRMED,MEDIUM,
amzon.pro,PHISHING_CONFIRMED,MEDIUM,
coiingecko.com,PHISHING_CRYPTO,MEDIUM,
aile26.com,PHISHING_CONFIRMED,MEDIUM,
hubinternationnal.com,PHISHING_CONFIRMED,MEDIUM,
encontrar-w.help,PHISHING_CONFIRMED,MEDIUM,
rawrcloud.com,PHISHING_CONFIRMED,MEDIUM,
revolt3sr.com,PHISHING_CRYPTO,MEDIUM,
mintchains.site,PHISHING_CRYPTO,MEDIUM,
3zr2qwv.hair,PHISHING_CONFIRMED,MEDIUM,
gzhjzm.com,PHISHING_CONFIRMED,MEDIUM,
resolvebugs.org,PHISHING_CRYPTO,MEDIUM,
ruthyslist.info,PHISHING_CONFIRMED,MEDIUM,
corebux.com,PHISHING_CRYPTO,MEDIUM,
solidna-renton.org,PHISHING_CONFIRMED,MEDIUM,
coinbase-pepe.com,PHISHING_CRYPTO,MEDIUM,
buyingedge.com,PHISHING_CONFIRMED,MEDIUM,
node-chain.com,PHISHING_CRYPTO,MEDIUM,
solfare.app,PHISHING_CRYPTO,MEDIUM,
trackbacksecure.com,PHISHING_CONFIRMED,MEDIUM,
mycoinbase-account.help,PHISHING_CONFIRMED,MEDIUM,
netempresaapptopazatualize.com,PHISHING_CONFIRMED,MEDIUM,
bet73080.com,PHISHING_CONFIRMED,MEDIUM,
laf-sushi.cfd,PHISHING_CRYPTO,MEDIUM,
eobuwieoutlets.sbs,PHISHING_CONFIRMED,MEDIUM,
aparelhoseguro.com,PHISHING_CONFIRMED,MEDIUM,
claimsonic.com,PHISHING_CRYPTO,MEDIUM,
510xp.com,PHISHING_CONFIRMED,MEDIUM,
euyapmaliyetr.org,PHISHING_CONFIRMED,MEDIUM,
typespecificecdis.info,PHISHING_CONFIRMED,MEDIUM,
joe-sushi.cfd,PHISHING_CRYPTO,MEDIUM,
o8y1c5.lat,PHISHING_CONFIRMED,MEDIUM,
clearerview.info,PHISHING_CONFIRMED,MEDIUM,
bitrezo.com,PHISHING_CRYPTO,MEDIUM,
rondapchain.xyz,PHISHING_CRYPTO,MEDIUM,
31695827.xyz,PHISHING_CONFIRMED,MEDIUM,
safenodebridge.site,PHISHING_CRYPTO,MEDIUM,
icdglass.com,PHISHING_CONFIRMED,MEDIUM,
bright-waves.com,PHISHING_CONFIRMED,MEDIUM,
trackingmdo.life,PHISHING_CONFIRMED,MEDIUM,
cryptocoxcm.com,PHISHING_CRYPTO,MEDIUM,
mfbgzy.com,PHISHING_CONFIRMED,MEDIUM,
qi6thb.cfd,PHISHING_CONFIRMED,MEDIUM,
gopogle.com,PHISHING_CONFIRMED,MEDIUM,
anyue-china.com,PHISHING_CONFIRMED,MEDIUM,
92037186.xyz,PHISHING_CONFIRMED,MEDIUM,
trackinggff.life,PHISHING_CONFIRMED,MEDIUM,
manthle.org,PHISHING_CRYPTO,MEDIUM,
wormhole-allowlist.org,PHISHING_CRYPTO,MEDIUM,
tacnalatinfest.com,PHISHING_CONFIRMED,MEDIUM,
minerlab.org,PHISHING_CRYPTO,MEDIUM,
smartgenius.click,PHISHING_CONFIRMED,MEDIUM,
634y46e.lol,PHISHING_CONFIRMED,MEDIUM,
b45q.com,PHISHING_CONFIRMED,MEDIUM,
syncprotocoldapp.com,PHISHING_CRYPTO,MEDIUM,
qq2stg.pics,PHISHING_CONFIRMED,MEDIUM,
722trwg5.lat,PHISHING_CONFIRMED,MEDIUM,
haqzjy.com,PHISHING_CONFIRMED,MEDIUM,
ecosystems-chain.link,PHISHING_CRYPTO,MEDIUM,
v6c4r3.cfd,PHISHING_CONFIRMED,MEDIUM,
bet73vv.com,PHISHING_CONFIRMED,MEDIUM,
68639229.com,PHISHING_CONFIRMED,MEDIUM,
8kn7xwt.qpon,PHISHING_CONFIRMED,HIGH,
80254936.xyz,PHISHING_CONFIRMED,MEDIUM,
icloud-recovermaps.help,PHISHING_CONFIRMED,MEDIUM,
aml-trustlab.com,PHISHING_CRYPTO,MEDIUM,
teczafondvel.com,PHISHING_CONFIRMED,MEDIUM,
trustpad-hh.com,PHISHING_CRYPTO,MEDIUM,
97045123.xyz,PHISHING_CONFIRMED,MEDIUM,
smart-encryptlink.com,PHISHING_CRYPTO,MEDIUM,
supaform.xyz,PHISHING_CRYPTO,MEDIUM,
fennextradingservices.com,PHISHING_CRYPTO,MEDIUM,
dappchainapp.com,PHISHING_CRYPTO,MEDIUM,
websync.lol,PHISHING_CRYPTO,MEDIUM,
presale.garden,PHISHING_CRYPTO,MEDIUM,
b45077.com,PHISHING_CONFIRMED,MEDIUM,
electrun.org,PHISHING_CRYPTO,MEDIUM,
toolsforslamone.lol,PHISHING_CRYPTO,MEDIUM,
freegiftcode.com,PHISHING_CONFIRMED,MEDIUM,
dbet365.com,PHISHING_CONFIRMED,MEDIUM,
shiba3.cc,PHISHING_CRYPTO,MEDIUM,
claim-welleco.xyz,PHISHING_CRYPTO,MEDIUM,
wallet-coinbase.net,PHISHING_CRYPTO,MEDIUM,
daihatsu-lampung.com,PHISHING_CONFIRMED,MEDIUM,
megadrop-solvprotocol.com,PHISHING_CRYPTO,MEDIUM,
servicekqs.boats,PHISHING_CONFIRMED,MEDIUM,
bridgeapp-platfrom.website,PHISHING_CRYPTO,MEDIUM,
bestsguideh.info,PHISHING_CONFIRMED,MEDIUM,
drivewaybatteryservice.net,PHISHING_CONFIRMED,MEDIUM,
web3ecosystemvault.com,PHISHING_CRYPTO,MEDIUM,
bet365268.com,PHISHING_CONFIRMED,MEDIUM,
geminivip.help,PHISHING_CONFIRMED,MEDIUM,
kampanyalarfirsttali.xyz,PHISHING_CONFIRMED,MEDIUM,
amazonctk.com,PHISHING_CONFIRMED,MEDIUM,
viajerosconestilo.info,PHISHING_CONFIRMED,MEDIUM,
airdrops-elys-network.lol,PHISHING_CRYPTO,MEDIUM,
gomblegame.xyz,PHISHING_CRYPTO,MEDIUM,
neutralprotocol.xyz,PHISHING_CRYPTO,MEDIUM,
schwizr-sbb-cffe84.live,PHISHING_CONFIRMED,MEDIUM,
97560314.xyz,PHISHING_CONFIRMED,MEDIUM,
chat-coinbase.com,PHISHING_CRYPTO,MEDIUM,
metamask-almvse.com,PHISHING_CRYPTO,MEDIUM,
trackingvdl.life,PHISHING_CONFIRMED,MEDIUM,
dibsa.info,PHISHING_CONFIRMED,MEDIUM,
codifaser.com,PHISHING_CONFIRMED,MEDIUM,
swellvoyage.network,PHISHING_CRYPTO,MEDIUM,
9med.net,PHISHING_CONFIRMED,MEDIUM,
k4nv7zp.hair,PHISHING_CONFIRMED,MEDIUM,
78435690.xyz,PHISHING_CONFIRMED,MEDIUM,
coloncoin.live,PHISHING_CRYPTO,MEDIUM,
30451697.xyz,PHISHING_CONFIRMED,MEDIUM,
decent-layer.info,PHISHING_CRYPTO,MEDIUM,
naturlyshop.com,PHISHING_CONFIRMED,MEDIUM,
kaswaretools.info,PHISHING_CRYPTO,MEDIUM,
rberthelette.com,PHISHING_CONFIRMED,MEDIUM,
73uh6e.lat,PHISHING_CONFIRMED,MEDIUM,
logiclabs.click,PHISHING_CONFIRMED,MEDIUM,
q5a3h6.cfd,PHISHING_CONFIRMED,MEDIUM,
hypersliquid.com,PHISHING_CRYPTO,MEDIUM,
meinvdangjia.com,PHISHING_CONFIRMED,MEDIUM,
exodus-assets.lol,PHISHING_CRYPTO,MEDIUM,
merlinswap.run,PHISHING_CRYPTO,MEDIUM,
bridgeasset.xyz,PHISHING_CRYPTO,MEDIUM,
immediateflow.org,PHISHING_CRYPTO,MEDIUM,
solvbtc-claim.com,PHISHING_CRYPTO,MEDIUM,
h0k8d6.cfd,PHISHING_CONFIRMED,MEDIUM,
entry-collab.land,PHISHING_CRYPTO,MEDIUM,
5f777.com,PHISHING_CONFIRMED,MEDIUM,
2h7h3bw.hair,PHISHING_CONFIRMED,HIGH,
tnorswap.finance,PHISHING_CRYPTO,MEDIUM,
logisticsdispatchnetwork.com,PHISHING_CONFIRMED,MEDIUM,
fex3ro.lat,PHISHING_CONFIRMED,MEDIUM,
83219647.xyz,PHISHING_CONFIRMED,MEDIUM,
nineliesseries.com,PHISHING_CONFIRMED,MEDIUM,
73190564.xyz,PHISHING_CONFIRMED,MEDIUM,
dapps-restorepage.xyz,PHISHING_CRYPTO,MEDIUM,
defi-chain.xyz,PHISHING_CRYPTO,MEDIUM,
activeapps.live,PHISHING_CRYPTO,MEDIUM,
sybuk.xyz,PHISHING_CONFIRMED,MEDIUM,
deep-ai-network.lol,PHISHING_CRYPTO,MEDIUM,
realionetwork.claims,PHISHING_CRYPTO,MEDIUM,
void-coinbase.com,PHISHING_CRYPTO,MEDIUM,
myethherwallet.com,PHISHING_CRYPTO,MEDIUM,
walletintrsync.com,PHISHING_CRYPTO,MEDIUM,
arbairdrop.com,PHISHING_CRYPTO,MEDIUM,
claim-pepeunchainedtool.info,PHISHING_CRYPTO,MEDIUM,
bitbot.click,PHISHING_CRYPTO,MEDIUM,
blockdagnetworkin.live,PHISHING_CRYPTO,MEDIUM,
m8qn9xt.skin,PHISHING_CONFIRMED,MEDIUM,
60394518.xyz,PHISHING_CONFIRMED,MEDIUM,
sawaypoland.sbs,PHISHING_CONFIRMED,MEDIUM,
engaztop.com,PHISHING_CRYPTO,MEDIUM,
nk1dke.casa,PHISHING_CONFIRMED,MEDIUM,
5kr9rt.hair,PHISHING_CONFIRMED,MEDIUM,
bouwdsroger.com,PHISHING_CONFIRMED,MEDIUM,
trustchain.help,PHISHING_CRYPTO,MEDIUM,
suicoin-claims.info,PHISHING_CRYPTO,MEDIUM,
3i8je3.skin,PHISHING_CONFIRMED,MEDIUM,
connsweb.com,PHISHING_CRYPTO,MEDIUM,
finance-go.com,PHISHING_CONFIRMED,MEDIUM,
maga-memecoin.online,PHISHING_CRYPTO,MEDIUM,
fi-bfbhd.xyz,PHISHING_CRYPTO,MEDIUM,
1ul2kniq7u.sbs,PHISHING_CONFIRMED,MEDIUM,
alberguebenageber.com,PHISHING_CONFIRMED,MEDIUM,
b7d2y6.cfd,PHISHING_CONFIRMED,MEDIUM,
dappdeezer.live,PHISHING_CRYPTO,MEDIUM,
bet73074.com,PHISHING_CONFIRMED,MEDIUM,
enlisted-peaqnetwork.com,PHISHING_CRYPTO,MEDIUM,
rewards-staryfoundation.lol,PHISHING_CRYPTO,MEDIUM,
stockcoinfxtrades.com,PHISHING_CRYPTO,MEDIUM,
83j6egts.lat,PHISHING_CONFIRMED,MEDIUM,
serviceqra.boats,PHISHING_CONFIRMED,MEDIUM,
bch-sushi.xyz,PHISHING_CRYPTO,MEDIUM,
moonwellrewards.com,PHISHING_CRYPTO,MEDIUM,
unvunvest-migrate.live,PHISHING_CRYPTO,MEDIUM,
bradescoprime-ibpfnovologin.com,PHISHING_CONFIRMED,MEDIUM,
74098136.xyz,PHISHING_CONFIRMED,MEDIUM,
kotwica-notownik.org,PHISHING_CONFIRMED,MEDIUM,
lav8ri.lat,PHISHING_CONFIRMED,MEDIUM,
lfind.icu,PHISHING_CONFIRMED,MEDIUM,
merkl.network,PHISHING_CRYPTO,MEDIUM,
defifofun.com,PHISHING_CONFIRMED,MEDIUM,
25968374.xyz,PHISHING_CONFIRMED,MEDIUM,
imtokenint.com,PHISHING_CONFIRMED,MEDIUM,
worldlibertyficlaim.xyz,PHISHING_CRYPTO,MEDIUM,
scottytoken.help,PHISHING_CONFIRMED,MEDIUM,
clientportalsite.com,PHISHING_CRYPTO,MEDIUM,
nubenic.info,PHISHING_CONFIRMED,MEDIUM,
eigen-project.xyz,PHISHING_CRYPTO,MEDIUM,
dexealote.org,PHISHING_CRYPTO,MEDIUM,
alparlman-alyoum.com,PHISHING_CONFIRMED,MEDIUM,
superdridge.xyz,PHISHING_CRYPTO,MEDIUM,
bpost-be.help,PHISHING_CONFIRMED,MEDIUM,
bitsoft360.pro,PHISHING_CRYPTO,MEDIUM,
liveinfostreama.info,PHISHING_CONFIRMED,MEDIUM,
dadap62ub.cfd,PHISHING_CONFIRMED,MEDIUM,
subscription-section-ie.info,PHISHING_CONFIRMED,MEDIUM,
illuminatinewworldorder.info,PHISHING_CRYPTO,MEDIUM,
bet63sss.com,PHISHING_CONFIRMED,MEDIUM,
physline.com,PHISHING_CONFIRMED,MEDIUM,
njswsm.com,PHISHING_CONFIRMED,MEDIUM,
mahkemesorgulama.net,PHISHING_CONFIRMED,MEDIUM,
yo3jle.lat,PHISHING_CONFIRMED,MEDIUM,
5yh34w7y.skin,PHISHING_CONFIRMED,MEDIUM,
zoosexart.com,PHISHING_CONFIRMED,MEDIUM,
tiktok-7u.lat,PHISHING_CONFIRMED,MEDIUM,
mainnethelp.info,PHISHING_CRYPTO,MEDIUM,
metamask-exchange.com,PHISHING_CRYPTO,MEDIUM,
h5mijp.cfd,PHISHING_CONFIRMED,MEDIUM,
supraxxiaomi.info,PHISHING_CONFIRMED,MEDIUM,
jmilanes.info,PHISHING_CONFIRMED,MEDIUM,
airdrop-well3.xyz,PHISHING_CRYPTO,MEDIUM,
digitalcreatorsuccess.com,PHISHING_CONFIRMED,MEDIUM,
plsama.com,PHISHING_CRYPTO,MEDIUM,
okulary-wieloogniskowe-pl.com,PHISHING_CONFIRMED,MEDIUM,
hhrgiek3883jd91oedq.icu,PHISHING_CRYPTO,MEDIUM,
exoduis.com,PHISHING_CRYPTO,MEDIUM,
firstsavvy.info,PHISHING_CONFIRMED,MEDIUM,
z4ocea.qpon,PHISHING_CONFIRMED,MEDIUM,
app-grass.finance,PHISHING_CRYPTO,MEDIUM,
app-onxy.org,PHISHING_CRYPTO,MEDIUM,
zawix.net,PHISHING_CONFIRMED,MEDIUM,
b35ppp.com,PHISHING_CONFIRMED,MEDIUM,
3wff3e.ink,PHISHING_CONFIRMED,MEDIUM,
o1x4c9.lat,PHISHING_CONFIRMED,MEDIUM,
71902584.xyz,PHISHING_CONFIRMED,MEDIUM,
web-3official.com,PHISHING_CRYPTO,MEDIUM,
70946185.xyz,PHISHING_CONFIRMED,MEDIUM,
facmon.xyz,PHISHING_CONFIRMED,MEDIUM,
bet73090.com,PHISHING_CONFIRMED,MEDIUM,
ekamudosyasorgulama.org,PHISHING_CONFIRMED,MEDIUM,
starrynift-binance.xyz,PHISHING_CRYPTO,MEDIUM,
profile-flverr.click,PHISHING_CONFIRMED,MEDIUM,
randomix.org,PHISHING_CRYPTO,MEDIUM,
mind-vise.info,PHISHING_CRYPTO,MEDIUM,
6wg2trw.lol,PHISHING_CONFIRMED,MEDIUM,
australian-insects.com,PHISHING_CONFIRMED,MEDIUM,
46819235.xyz,PHISHING_CONFIRMED,MEDIUM,
6nt7wkp.hair,PHISHING_CONFIRMED,MEDIUM,
ezebrapl.com,PHISHING_CONFIRMED,MEDIUM,
topedukacija.com,PHISHING_CONFIRMED,MEDIUM,
1qrdrw5rf.lat,PHISHING_CONFIRMED,MEDIUM,
appid.help,PHISHING_CONFIRMED,MEDIUM,
capitalvision24.com,PHISHING_CONFIRMED,MEDIUM,
lfylhm.com,PHISHING_CONFIRMED,MEDIUM,
reedteamnwa.info,PHISHING_CONFIRMED,MEDIUM,
awsboardjoint.onl,PHISHING_CONFIRMED,MEDIUM,
okay-dns.com,PHISHING_CONFIRMED,MEDIUM,
9w7yhd.lat,PHISHING_CONFIRMED,MEDIUM,
pinksale.financial,PHISHING_CRYPTO,MEDIUM,
b25www.com,PHISHING_CONFIRMED,MEDIUM,
artmagnus.info,PHISHING_CONFIRMED,MEDIUM,
6satsrfs.lat,PHISHING_CONFIRMED,MEDIUM,
placenciere-ch.com,PHISHING_CONFIRMED,MEDIUM,
gvfb-connect.xyz,PHISHING_CONFIRMED,MEDIUM,
bet365dw.com,PHISHING_CONFIRMED,MEDIUM,
energymemecoin-airdrop.xyz,PHISHING_CRYPTO,MEDIUM,
qianxinan.info,PHISHING_CONFIRMED,MEDIUM,
x9mn2qz.skin,PHISHING_CONFIRMED,MEDIUM,
expresshomesolutionllc.info,PHISHING_CONFIRMED,MEDIUM,
knickelbein.com,PHISHING_CONFIRMED,MEDIUM,
jurnalnova24.com,PHISHING_CONFIRMED,MEDIUM,
airedrome.finance,PHISHING_CRYPTO,MEDIUM,
viovermilio.com,PHISHING_CONFIRMED,MEDIUM,
tb8jgv.sbs,PHISHING_CONFIRMED,MEDIUM,
55553659.com,PHISHING_CONFIRMED,MEDIUM,
migratesytemclaim.com,PHISHING_CRYPTO,MEDIUM,
resolutiondex.com,PHISHING_CRYPTO,MEDIUM,
62gv35g.lat,PHISHING_CONFIRMED,MEDIUM,
ld-mail.help,PHISHING_CONFIRMED,MEDIUM,
actualmediaiq.info,PHISHING_CONFIRMED,MEDIUM,
eigenlayer-airdrop-claim.lol,PHISHING_CRYPTO,MEDIUM,
neonevm-claim.xyz,PHISHING_CRYPTO,MEDIUM,
scihwsez-sbb-cffd81.info,PHISHING_CONFIRMED,MEDIUM,
9jwqfrw.lat,PHISHING_CONFIRMED,MEDIUM,
m9xn2qv.skin,PHISHING_CONFIRMED,MEDIUM,
meth-matnle.xyz,PHISHING_CRYPTO,MEDIUM,
o4k8m2.lat,PHISHING_CONFIRMED,MEDIUM,
hisyncos.skin,PHISHING_CONFIRMED,MEDIUM,
proinvestpolska.sbs,PHISHING_CONFIRMED,MEDIUM,
hyperilquid.xyz,PHISHING_CRYPTO,MEDIUM,
tokendappconnct.com,PHISHING_CRYPTO,MEDIUM,
growthtransport.com,PHISHING_CONFIRMED,MEDIUM,
andaluciapro.info,PHISHING_CONFIRMED,MEDIUM,
armorsanayi.com,PHISHING_CONFIRMED,MEDIUM,
r4wk7tn.skin,PHISHING_CONFIRMED,MEDIUM,
registeredagentsinmaryland.com,PHISHING_CONFIRMED,MEDIUM,
servicebsj.quest,PHISHING_CONFIRMED,MEDIUM,
92juwy3.garden,PHISHING_CONFIRMED,MEDIUM,
gov-pl-web.sbs,PHISHING_CONFIRMED,MEDIUM,
iflix.org,PHISHING_CONFIRMED,MEDIUM,
dealflowhub.buzz,PHISHING_CONFIRMED,MEDIUM,
av520.com,PHISHING_CONFIRMED,MEDIUM,
filmowiec.info,PHISHING_CONFIRMED,MEDIUM,
nft-openreward.life,PHISHING_CRYPTO,MEDIUM,
myqor.casa,PHISHING_CONFIRMED,MEDIUM,
b3t0k7.lat,PHISHING_CONFIRMED,MEDIUM,
biegafundenza.sbs,PHISHING_CONFIRMED,MEDIUM,
abayt.net,PHISHING_CONFIRMED,MEDIUM,
43871590.xyz,PHISHING_CONFIRMED,MEDIUM,
goodcomeback.org,PHISHING_CONFIRMED,MEDIUM,
moca-sushi.pro,PHISHING_CRYPTO,MEDIUM,
bet73087.com,PHISHING_CONFIRMED,MEDIUM,
supershopby.com,PHISHING_CONFIRMED,MEDIUM,
ventilacija.net,PHISHING_CONFIRMED,MEDIUM,
layer-hubz.xyz,PHISHING_CRYPTO,MEDIUM,
in-sushi.cfd,PHISHING_CRYPTO,MEDIUM,
pellrewardsclaim.sbs,PHISHING_CRYPTO,MEDIUM,
2qrdq4rw.lat,PHISHING_CONFIRMED,MEDIUM,
rewardsstoory.lol,PHISHING_CRYPTO,MEDIUM,
sawayplsale.sbs,PHISHING_CONFIRMED,MEDIUM,
thor-rewards.uno,PHISHING_CRYPTO,MEDIUM,
bestnewetires.com,PHISHING_CONFIRMED,MEDIUM,
52984017.xyz,PHISHING_CONFIRMED,MEDIUM,
rbrlw.com,PHISHING_CONFIRMED,MEDIUM,
sigmawormhole.com,PHISHING_CRYPTO,MEDIUM,
utah-gov-pl.life,PHISHING_CONFIRMED,MEDIUM,
s3m7x2.lat,PHISHING_CONFIRMED,MEDIUM,
lambolos.com,PHISHING_CONFIRMED,MEDIUM,
usstampoutlet.com,PHISHING_CONFIRMED,MEDIUM,
darmowe-liczniki.info,PHISHING_CONFIRMED,MEDIUM,
elon-sushi.pro,PHISHING_CRYPTO,MEDIUM,
portal-ftx.com,PHISHING_CRYPTO,MEDIUM,
hbdyfw.com,PHISHING_CONFIRMED,MEDIUM,
k2pr7zw.ink,PHISHING_CONFIRMED,MEDIUM,
trumregdomainscanmeta.com,PHISHING_CONFIRMED,MEDIUM,
stake-playdoge.com,PHISHING_CRYPTO,MEDIUM,
cryptogiggle.com,PHISHING_CRYPTO,MEDIUM,
tjpzsj.com,PHISHING_CONFIRMED,MEDIUM,
myetherumwallet.com,PHISHING_CRYPTO,MEDIUM,
dappnodes.lol,PHISHING_CRYPTO,MEDIUM,
thrursetr.finance,PHISHING_CRYPTO,MEDIUM,
hylonmiko.com,PHISHING_CONFIRMED,MEDIUM,
65420817.xyz,PHISHING_CONFIRMED,MEDIUM,
remmitix.network,PHISHING_CRYPTO,MEDIUM,
koge-sushi.pro,PHISHING_CRYPTO,MEDIUM,
layer3-market.com,PHISHING_CRYPTO,MEDIUM,
stakedestranetwork.lol,PHISHING_CRYPTO,MEDIUM,
visionsynctours.info,PHISHING_CONFIRMED,MEDIUM,
osmancanfearless.click,PHISHING_CONFIRMED,MEDIUM,
militariashopp.com,PHISHING_CONFIRMED,MEDIUM,
trustpad-ha.com,PHISHING_CRYPTO,MEDIUM,
84279316.xyz,PHISHING_CONFIRMED,MEDIUM,
profit-insiders.org,PHISHING_CRYPTO,MEDIUM,
wash-coin.com,PHISHING_CRYPTO,MEDIUM,
cw1fvr.cfd,PHISHING_CONFIRMED,MEDIUM,
fastweb3claims.com,PHISHING_CRYPTO,MEDIUM,
digitallaunchworkshop.com,PHISHING_CONFIRMED,MEDIUM,
45196280.xyz,PHISHING_CONFIRMED,MEDIUM,
com-file.cloud,PHISHING_CRYPTO,MEDIUM,
ethereum-mixer.xyz,PHISHING_CRYPTO,MEDIUM,
96851420.xyz,PHISHING_CONFIRMED,MEDIUM,
rpctechfix.icu,PHISHING_CRYPTO,MEDIUM,
bet63ee.com,PHISHING_CONFIRMED,MEDIUM,
pumpfun-claim.com,PHISHING_CRYPTO,MEDIUM,
01f23dwf.lat,PHISHING_CONFIRMED,MEDIUM,
8je6etg.lat,PHISHING_CONFIRMED,MEDIUM,
qummia.com,PHISHING_CONFIRMED,MEDIUM,
b35vvv.com,PHISHING_CONFIRMED,MEDIUM,
vintageglobalinvestment.com,PHISHING_CRYPTO,MEDIUM,
mailtrxmydisneyplus.com,PHISHING_CONFIRMED,MEDIUM,
q9vx2mn.skin,PHISHING_CONFIRMED,MEDIUM,
goldengirlxena.com,PHISHING_CONFIRMED,MEDIUM,
eulerfenance.org,PHISHING_CRYPTO,MEDIUM,
2pr5zwx.hair,PHISHING_CONFIRMED,MEDIUM,
456tw23t.work,PHISHING_CONFIRMED,MEDIUM,
1h2gt2.skin,PHISHING_CONFIRMED,MEDIUM,
manta-airdrop.app,PHISHING_CRYPTO,MEDIUM,
2mv9qxr.qpon,PHISHING_CONFIRMED,MEDIUM,
sui-network.mom,PHISHING_CRYPTO,MEDIUM,
chillapp.lol,PHISHING_CRYPTO,MEDIUM,
microsoftteamsonline.com,PHISHING_CONFIRMED,MEDIUM,
doujiaow5.com,PHISHING_CONFIRMED,MEDIUM,
shiporama.com,PHISHING_CONFIRMED,MEDIUM,
registeredagentsinarizona.com,PHISHING_CONFIRMED,MEDIUM,
autonations.com,PHISHING_CONFIRMED,MEDIUM,
o2ogoogle.com,PHISHING_CONFIRMED,MEDIUM,
56821490.xyz,PHISHING_CONFIRMED,MEDIUM,
alanyabesiktaslilardernegi.com,PHISHING_CONFIRMED,MEDIUM,
getco-genetics.com,PHISHING_CONFIRMED,MEDIUM,
mbox-sushi.lat,PHISHING_CRYPTO,MEDIUM,
tiktok19.lat,PHISHING_CONFIRMED,MEDIUM,
claim-wizardmeme.com,PHISHING_CRYPTO,MEDIUM,
servicebhgm.sbs,PHISHING_CONFIRMED,MEDIUM,
netgispey.sbs,PHISHING_CONFIRMED,MEDIUM,
r9n4c7.cfd,PHISHING_CONFIRMED,MEDIUM,
85kqk.com,PHISHING_CONFIRMED,MEDIUM,
dcentappweb.info,PHISHING_CRYPTO,MEDIUM,
web3systemnetworkvault.org,PHISHING_CRYPTO,MEDIUM,
coinassignrwrds.com,PHISHING_CRYPTO,MEDIUM,
biotulesimpex.com,PHISHING_CONFIRMED,MEDIUM,
growthsepark.click,PHISHING_CONFIRMED,MEDIUM,
karaks-network.xyz,PHISHING_CRYPTO,MEDIUM,
plasmaxpl.com,PHISHING_CONFIRMED,MEDIUM,
dozpl.cyou,PHISHING_CONFIRMED,MEDIUM,
centrlisedappnet.xyz,PHISHING_CRYPTO,MEDIUM,
kk7rqe.casa,PHISHING_CONFIRMED,MEDIUM,
a8n4c1.cfd,PHISHING_CONFIRMED,MEDIUM,
trackingfao.life,PHISHING_CONFIRMED,MEDIUM,
hydramedia.com,PHISHING_CONFIRMED,MEDIUM,
y2d5x4.cfd,PHISHING_CONFIRMED,MEDIUM,
bet73014.com,PHISHING_CONFIRMED,MEDIUM,
pumpace.com,PHISHING_CONFIRMED,MEDIUM,
p4xefq.sbs,PHISHING_CONFIRMED,MEDIUM,
webscynmodal.info,PHISHING_CRYPTO,MEDIUM,
freeeedom.icu,PHISHING_CONFIRMED,MEDIUM,
21659280.xyz,PHISHING_CONFIRMED,MEDIUM,
27351840.xyz,PHISHING_CONFIRMED,MEDIUM,
92853017.xyz,PHISHING_CONFIRMED,MEDIUM,
ritualsgleam.com,PHISHING_CONFIRMED,MEDIUM,
metemask.com,PHISHING_CRYPTO,MEDIUM,
hijyt.com,PHISHING_CONFIRMED,MEDIUM,
quintessentialtty.pro,PHISHING_CONFIRMED,MEDIUM,
coloradoelectriccar.com,PHISHING_CONFIRMED,MEDIUM,
roycoprotocols.xyz,PHISHING_CRYPTO,MEDIUM,
walletcorrect.cfd,PHISHING_CRYPTO,MEDIUM,
foundation6-service.click,PHISHING_CRYPTO,MEDIUM,
diamanteclaim.live,PHISHING_CRYPTO,MEDIUM,
sesubug.cfd,PHISHING_CONFIRMED,MEDIUM,
laf-sushi.lat,PHISHING_CRYPTO,MEDIUM,
lishidewajueji.com,PHISHING_CONFIRMED,MEDIUM,
app-icecreamswap.xyz,PHISHING_CRYPTO,MEDIUM,
crzxjx.com,PHISHING_CONFIRMED,MEDIUM,
sejanexcard.com,PHISHING_CONFIRMED,MEDIUM,
83047296.xyz,PHISHING_CONFIRMED,MEDIUM,
unity-quete.help,PHISHING_CONFIRMED,MEDIUM,
sonic-claim.xyz,PHISHING_CRYPTO,MEDIUM,
jitonetwork.org,PHISHING_CRYPTO,MEDIUM,
alphaswap-exchange.com,PHISHING_CRYPTO,MEDIUM,
compact.link,PHISHING_CONFIRMED,MEDIUM,
jhentaibook.icu,PHISHING_CONFIRMED,MEDIUM,
rukazento.vip,PHISHING_CONFIRMED,MEDIUM,
h1gwyg.casa,PHISHING_CONFIRMED,MEDIUM,
zina-pl.sbs,PHISHING_CONFIRMED,MEDIUM,
fx-assetincome.com,PHISHING_CRYPTO,MEDIUM,
ytfdutedertiomaleyy.info,PHISHING_CONFIRMED,MEDIUM,
cav8ro.lat,PHISHING_CONFIRMED,MEDIUM,
kontrola-stosowin.net,PHISHING_CONFIRMED,MEDIUM,
c5dvkc.sbs,PHISHING_CONFIRMED,MEDIUM,
verifyecc.com,PHISHING_CRYPTO,MEDIUM,
oraclaim.xyz,PHISHING_CRYPTO,MEDIUM,
kingsol.xyz,PHISHING_CRYPTO,MEDIUM,
97038612.xyz,PHISHING_CONFIRMED,MEDIUM,
ledgerlive-desktop.com,PHISHING_CRYPTO,MEDIUM,
onchaincsore.xyz,PHISHING_CRYPTO,MEDIUM,
m5pv9xq.skin,PHISHING_CONFIRMED,HIGH,
dropsbot.click,PHISHING_CRYPTO,MEDIUM,
ondessoldevsolutipns.com,PHISHING_CRYPTO,MEDIUM,
academy-internet.net,PHISHING_CONFIRMED,MEDIUM,
53097182.xyz,PHISHING_CONFIRMED,MEDIUM,
distribution-io.net,PHISHING_CRYPTO,MEDIUM,
hilltopstream.com,PHISHING_CONFIRMED,MEDIUM,
73469520.xyz,PHISHING_CONFIRMED,MEDIUM,
bsxshy.com,PHISHING_CONFIRMED,MEDIUM,
defifo.fun,PHISHING_CONFIRMED,MEDIUM,
servicesdx.hair,PHISHING_CONFIRMED,MEDIUM,
thrufsrer.finance,PHISHING_CRYPTO,MEDIUM,
rhine.network,PHISHING_CRYPTO,MEDIUM,
heavenlyhounds.info,PHISHING_CONFIRMED,MEDIUM,
achcq.com,PHISHING_CONFIRMED,MEDIUM,
40985713.xyz,PHISHING_CONFIRMED,MEDIUM,
b45048.com,PHISHING_CONFIRMED,MEDIUM,
utah-gov-eh.life,PHISHING_CONFIRMED,MEDIUM,
panmaterac.sbs,PHISHING_CONFIRMED,MEDIUM,
claimzrctoken.xyz,PHISHING_CRYPTO,MEDIUM,
electrum-xrp.net,PHISHING_CONFIRMED,MEDIUM,
elderlawlv.info,PHISHING_CONFIRMED,MEDIUM,
sui-claim.live,PHISHING_CRYPTO,MEDIUM,
pudgypenguins.claims,PHISHING_CRYPTO,MEDIUM,
entitymanager.com,PHISHING_CONFIRMED,MEDIUM,
tips-xx6.xyz,PHISHING_CRYPTO,MEDIUM,
dhal3.com,PHISHING_CONFIRMED,MEDIUM,
arbitrum.cc,PHISHING_CRYPTO,MEDIUM,
friscooutlet.sbs,PHISHING_CONFIRMED,MEDIUM,
embersword.land,PHISHING_CRYPTO,MEDIUM,
aneraye.info,PHISHING_CONFIRMED,MEDIUM,
parasailevm.network,PHISHING_CRYPTO,MEDIUM,
51kjy.com,PHISHING_CONFIRMED,MEDIUM,
web3ledgersnet.com,PHISHING_CRYPTO,MEDIUM,
dispatch-order.help,PHISHING_CONFIRMED,MEDIUM,
apple-tracker.info,PHISHING_CONFIRMED,MEDIUM,
season1-korprotocol.com,PHISHING_CRYPTO,MEDIUM,
z5d2b8.lat,PHISHING_CONFIRMED,MEDIUM,
empikpl.sbs,PHISHING_CONFIRMED,MEDIUM,
6wge53fe.lat,PHISHING_CONFIRMED,MEDIUM,
connecttingallinterfaceairdrop.lol,PHISHING_CRYPTO,MEDIUM,
sipwdes.info,PHISHING_CONFIRMED,MEDIUM,
bet73053.com,PHISHING_CONFIRMED,MEDIUM,
u7m9pi.lat,PHISHING_CONFIRMED,MEDIUM,
icloudwebmx-ext04.help,PHISHING_CONFIRMED,MEDIUM,
disaiord.com,PHISHING_CONFIRMED,MEDIUM,
64831205.xyz,PHISHING_CONFIRMED,MEDIUM,
omnisofttech.com,PHISHING_CRYPTO,MEDIUM,
pakicrack.com,PHISHING_CONFIRMED,MEDIUM,
finnciti75.com,PHISHING_CONFIRMED,MEDIUM,
auspostau.xyz,PHISHING_CONFIRMED,MEDIUM,
bestrectification.help,PHISHING_CRYPTO,MEDIUM,
ethgas.pro,PHISHING_CRYPTO,MEDIUM,
6y7e0t.hair,PHISHING_CONFIRMED,MEDIUM,
1ygyw6tw.lat,PHISHING_CONFIRMED,MEDIUM,
crypto-investors.xyz,PHISHING_CRYPTO,MEDIUM,
51426037.xyz,PHISHING_CONFIRMED,MEDIUM,
authorizedqfsbond.com,PHISHING_CRYPTO,MEDIUM,
rexas-finance.com,PHISHING_CRYPTO,MEDIUM,
wadzchain-app.com,PHISHING_CRYPTO,MEDIUM,
kaamistudio.com,PHISHING_CONFIRMED,MEDIUM,
teamdefi.app,PHISHING_CRYPTO,MEDIUM,
berachainchecker.xyz,PHISHING_CRYPTO,MEDIUM,
allstartraders.com,PHISHING_CONFIRMED,MEDIUM,
immediatecore.org,PHISHING_CRYPTO,MEDIUM,
buidlpads.support,PHISHING_CRYPTO,MEDIUM,
matchwomanreal.com,PHISHING_CONFIRMED,MEDIUM,
st5151.com,PHISHING_CONFIRMED,MEDIUM,
getfastfix.com,PHISHING_CRYPTO,MEDIUM,
claims-eigen-tokens.xyz,PHISHING_CRYPTO,MEDIUM,
airdrop-nexo.com,PHISHING_CRYPTO,MEDIUM,
edgesupercloud.network,PHISHING_CRYPTO,MEDIUM,
83e76dd.lol,PHISHING_CONFIRMED,MEDIUM,
bet73003.com,PHISHING_CONFIRMED,MEDIUM,
mbot.uno,PHISHING_CRYPTO,MEDIUM,
8whwy33.lat,PHISHING_CONFIRMED,MEDIUM,
dosyasorgulamaportal.org,PHISHING_CONFIRMED,MEDIUM,
17482903.xyz,PHISHING_CONFIRMED,MEDIUM,
f6n2m7.lat,PHISHING_CONFIRMED,MEDIUM,
pudgypclaim.com,PHISHING_CRYPTO,MEDIUM,
bet73030.com,PHISHING_CONFIRMED,MEDIUM,
46837195.xyz,PHISHING_CONFIRMED,MEDIUM,
rundis.com,PHISHING_CRYPTO,MEDIUM,
serv3dapp.com,PHISHING_CRYPTO,MEDIUM,
noespoat.cfd,PHISHING_CONFIRMED,MEDIUM,
y5d3k4.sbs,PHISHING_CONFIRMED,MEDIUM,
benjaminquinn.com,PHISHING_CONFIRMED,MEDIUM,
season1-bckr.com,PHISHING_CRYPTO,MEDIUM,
icloud-access.com,PHISHING_CRYPTO,MEDIUM,
resync-ledger.com,PHISHING_CRYPTO,MEDIUM,
go9158.com,PHISHING_CONFIRMED,MEDIUM,
0731kn.com,PHISHING_CONFIRMED,MEDIUM,
lymzs.com,PHISHING_CONFIRMED,MEDIUM,
claim-uptop.com,PHISHING_CRYPTO,MEDIUM,
denstudios.net,PHISHING_CONFIRMED,MEDIUM,
moonwelll.com,PHISHING_CRYPTO,MEDIUM,
2ygwyg.lat,PHISHING_CONFIRMED,MEDIUM,
ipolymarket.com,PHISHING_CRYPTO,MEDIUM,
bet73pp.com,PHISHING_CONFIRMED,MEDIUM,
bathroomrenovations-townsville.com,PHISHING_CONFIRMED,MEDIUM,
b45bbb.com,PHISHING_CONFIRMED,MEDIUM,
07ying5.com,PHISHING_CONFIRMED,MEDIUM,
synthethicdapp.xyz,PHISHING_CRYPTO,MEDIUM,
peaceandpassage.org,PHISHING_CONFIRMED,MEDIUM,
findslost.xyz,PHISHING_CRYPTO,MEDIUM,
h7nskr.lat,PHISHING_CONFIRMED,MEDIUM,
floridataxattorney.net,PHISHING_CONFIRMED,MEDIUM,
daddy-airdrop.com,PHISHING_CRYPTO,MEDIUM,
van8ro.lat,PHISHING_CONFIRMED,MEDIUM,
82ygrw.lat,PHISHING_CONFIRMED,MEDIUM,
truecrucialcare.com,PHISHING_CONFIRMED,MEDIUM,
ecosystem-eigenlayer.xyz,PHISHING_CRYPTO,MEDIUM,
ngx-waf.com,PHISHING_CONFIRMED,MEDIUM,
claim-paal.net,PHISHING_CRYPTO,MEDIUM,
simplyamazingproducts.com,PHISHING_CONFIRMED,MEDIUM,
binance-taxable.com,PHISHING_CONFIRMED,MEDIUM,
interbank.mobi,PHISHING_CRYPTO,MEDIUM,
76391520.xyz,PHISHING_CONFIRMED,MEDIUM,
montanasurveying.com,PHISHING_CONFIRMED,MEDIUM,
lat4ix.lat,PHISHING_CONFIRMED,MEDIUM,
wise-sushi.pro,PHISHING_CRYPTO,MEDIUM,
qnczmato.life,PHISHING_CONFIRMED,MEDIUM,
proposal-ethena.network,PHISHING_CRYPTO,MEDIUM,
puffer-fi.app,PHISHING_CRYPTO,MEDIUM,
benefioeneronlini.sbs,PHISHING_CONFIRMED,MEDIUM,
storyeverse.click,PHISHING_CONFIRMED,MEDIUM,
thosandeal.net,PHISHING_CONFIRMED,MEDIUM,
reloadshareservices.com,PHISHING_CONFIRMED,MEDIUM,
dorvantael.info,PHISHING_CONFIRMED,MEDIUM,
sankoscape.net,PHISHING_CRYPTO,MEDIUM,
4ke83jn.hair,PHISHING_CONFIRMED,MEDIUM,
peas-sushi.xyz,PHISHING_CRYPTO,MEDIUM,
u5neie.sbs,PHISHING_CONFIRMED,MEDIUM,
sarasotafun.info,PHISHING_CONFIRMED,MEDIUM,
servicemzn.cyou,PHISHING_CONFIRMED,MEDIUM,
utah-gov-qn.life,PHISHING_CONFIRMED,MEDIUM,
cameroon-sugar.net,PHISHING_CONFIRMED,MEDIUM,
fincatecalinda.org,PHISHING_CONFIRMED,MEDIUM,
abstractchainw.com,PHISHING_CRYPTO,MEDIUM,
cn-weipai.com,PHISHING_CONFIRMED,MEDIUM,
hoppyfathersday.com,PHISHING_CONFIRMED,MEDIUM,
adderdev.com,PHISHING_CRYPTO,MEDIUM,
jessenewhart.com,PHISHING_CONFIRMED,MEDIUM,
91504682.xyz,PHISHING_CONFIRMED,MEDIUM,
cloudgen.click,PHISHING_CONFIRMED,MEDIUM,
metacount.com,PHISHING_CONFIRMED,MEDIUM,
aiwu5.com,PHISHING_CONFIRMED,MEDIUM,
deficonnect.app,PHISHING_CRYPTO,MEDIUM,
braziltoto.net,PHISHING_CONFIRMED,MEDIUM,
tktradepl.com,PHISHING_CONFIRMED,MEDIUM,
dpdlocali-ows.bond,PHISHING_CONFIRMED,MEDIUM,
servrdapp.icu,PHISHING_CRYPTO,MEDIUM,
projectmain-net.com,PHISHING_CRYPTO,MEDIUM,
aleaudio.com,PHISHING_CONFIRMED,MEDIUM,
distributions-decentraland.org,PHISHING_CRYPTO,MEDIUM,
2qdfq42.lat,PHISHING_CONFIRMED,MEDIUM,
fastwai.org,PHISHING_CONFIRMED,MEDIUM,
sirmametalaluminyum.com,PHISHING_CONFIRMED,MEDIUM,
com-p0ey.sbs,PHISHING_CONFIRMED,MEDIUM,
nel2or.lat,PHISHING_CONFIRMED,MEDIUM,
4wf3rwd.lat,PHISHING_CONFIRMED,MEDIUM,
xperto.qpon,PHISHING_CONFIRMED,MEDIUM,
73492061.xyz,PHISHING_CONFIRMED,MEDIUM,
spotifypremium24.help,PHISHING_CONFIRMED,MEDIUM,
iqosonline.net,PHISHING_CONFIRMED,MEDIUM,
google561.com,PHISHING_CONFIRMED,MEDIUM,
hireprofessors.info,PHISHING_CONFIRMED,MEDIUM,
layer3web.com,PHISHING_CRYPTO,MEDIUM,
qexodelph.sbs,PHISHING_CONFIRMED,MEDIUM,
apple-support-us.click,PHISHING_CONFIRMED,MEDIUM,
amazoncsf.com,PHISHING_CONFIRMED,MEDIUM,
dpdlocali-avr.bond,PHISHING_CONFIRMED,MEDIUM,
mainstream-soneium.app,PHISHING_CRYPTO,MEDIUM,
thesandboxgame.gifts,PHISHING_CRYPTO,MEDIUM,
group99.net,PHISHING_CONFIRMED,MEDIUM,
5f0o5hu.skin,PHISHING_CONFIRMED,MEDIUM,
terrachainresolver.xyz,PHISHING_CRYPTO,MEDIUM,
bet73047.com,PHISHING_CONFIRMED,MEDIUM,
thetawalletapps.com,PHISHING_CRYPTO,MEDIUM,
gov-hmrc-uk.net,PHISHING_CONFIRMED,MEDIUM,
claim-movement-network.xyz,PHISHING_CRYPTO,MEDIUM,
token-publicai.uno,PHISHING_CRYPTO,MEDIUM,
polkado.com,PHISHING_CRYPTO,MEDIUM,
crowdfundpros.info,PHISHING_CONFIRMED,MEDIUM,
airdrop-aborean.finance,PHISHING_CRYPTO,MEDIUM,
flipboxstudio.info,PHISHING_CONFIRMED,MEDIUM,
exodus-update.com,PHISHING_CRYPTO,MEDIUM,
59402813.xyz,PHISHING_CONFIRMED,MEDIUM,
bet63040.com,PHISHING_CONFIRMED,MEDIUM,
defi-nodes.com,PHISHING_CRYPTO,MEDIUM,
airdropmetamask.com,PHISHING_CRYPTO,MEDIUM,
b1kjwl.mom,PHISHING_CONFIRMED,MEDIUM,
karendudley.com,PHISHING_CONFIRMED,MEDIUM,
securedapphub.lol,PHISHING_CRYPTO,MEDIUM,
2026-eobuwie.sbs,PHISHING_CONFIRMED,MEDIUM,
plunodeaisgrifted.info,PHISHING_CRYPTO,MEDIUM,
36536501.com,PHISHING_CONFIRMED,MEDIUM,
audiovideowebguy.com,PHISHING_CONFIRMED,MEDIUM,
adexc.net,PHISHING_CONFIRMED,MEDIUM,
nodefixaccess.com,PHISHING_CRYPTO,MEDIUM,
gaiafundation.xyz,PHISHING_CRYPTO,MEDIUM,
ico-telegram.org,PHISHING_CRYPTO,MEDIUM,
capitalanalysislinez.pro,PHISHING_CONFIRMED,MEDIUM,
apps-polytech.com,PHISHING_CRYPTO,MEDIUM,
bitsoft360.tech,PHISHING_CRYPTO,MEDIUM,
6h3te5y.lol,PHISHING_CONFIRMED,MEDIUM,
ser4vi.lat,PHISHING_CONFIRMED,MEDIUM,
dappserv.icu,PHISHING_CRYPTO,MEDIUM,
ethgastheportal.com,PHISHING_CRYPTO,MEDIUM,
3j3je3u.skin,PHISHING_CONFIRMED,MEDIUM,
bitcoins-to-bank.com,PHISHING_CRYPTO,MEDIUM,
267736.xyz,PHISHING_CONFIRMED,MEDIUM,
ezebrarabat-eur.sbs,PHISHING_CONFIRMED,MEDIUM,
yggdrasilvision.org,PHISHING_CONFIRMED,MEDIUM,
emfneutralizers.com,PHISHING_CONFIRMED,MEDIUM,
yn4ywq.casa,PHISHING_CONFIRMED,MEDIUM,
web3walletsecure.com,PHISHING_CRYPTO,MEDIUM,
pepechained.com,PHISHING_CRYPTO,MEDIUM,
dpdlocali-atv.bond,PHISHING_CONFIRMED,MEDIUM,
arvest.cyou,PHISHING_CONFIRMED,MEDIUM,
openchecksea.online,PHISHING_CRYPTO,MEDIUM,
02ky6e3.lat,PHISHING_CONFIRMED,MEDIUM,
insightynest.info,PHISHING_CONFIRMED,MEDIUM,
grabnest.xyz,PHISHING_CONFIRMED,MEDIUM,
a3p2y7.cfd,PHISHING_CONFIRMED,MEDIUM,
adwepi.com,PHISHING_CONFIRMED,MEDIUM,
h5y2k6.sbs,PHISHING_CONFIRMED,MEDIUM,
grass-token.foundation,PHISHING_CRYPTO,MEDIUM,
lehsa.com,PHISHING_CONFIRMED,MEDIUM,
alignfsc.com,PHISHING_CONFIRMED,MEDIUM,
arquitectasperu.com,PHISHING_CONFIRMED,MEDIUM,
tyhnnlixo.com,PHISHING_CONFIRMED,MEDIUM,
pheromonethai.com,PHISHING_CONFIRMED,MEDIUM,
5qskin2.skin,PHISHING_CONFIRMED,MEDIUM,
coins-wallets.xyz,PHISHING_CRYPTO,MEDIUM,
holdripple.com,PHISHING_CRYPTO,MEDIUM,
polymarket-live.com,PHISHING_CRYPTO,MEDIUM,
swisspass02fchonline36.sbs,PHISHING_CONFIRMED,MEDIUM,
myethetwallet.com,PHISHING_CRYPTO,MEDIUM,
bet73007.com,PHISHING_CONFIRMED,MEDIUM,
eobuwie-pl.xyz,PHISHING_CONFIRMED,MEDIUM,
trustpad-ks.com,PHISHING_CRYPTO,MEDIUM,
daddyuniversityairdrop.com,PHISHING_CRYPTO,MEDIUM,
92jwy3.lat,PHISHING_CONFIRMED,MEDIUM,
34071958.xyz,PHISHING_CONFIRMED,MEDIUM,
galileoprotocol.lol,PHISHING_CRYPTO,MEDIUM,
kmshuwei.com,PHISHING_CONFIRMED,MEDIUM,
web-vulcan.xyz,PHISHING_CRYPTO,MEDIUM,
06tx1.com,PHISHING_CONFIRMED,MEDIUM,
bit-trade.global,PHISHING_CRYPTO,MEDIUM,
claim-opsec-v2.com,PHISHING_CRYPTO,MEDIUM,
cnzhengyu.com,PHISHING_CONFIRMED,MEDIUM,
ladyboyphotos.com,PHISHING_CONFIRMED,MEDIUM,
hilotoken.info,PHISHING_CRYPTO,MEDIUM,
xversesapp.com,PHISHING_CRYPTO,MEDIUM,
greenpallets.info,PHISHING_CONFIRMED,MEDIUM,
bt9ktw.cfd,PHISHING_CONFIRMED,MEDIUM,
sportingfigurines.info,PHISHING_CONFIRMED,MEDIUM,
smartsoltokenfix.com,PHISHING_CRYPTO,MEDIUM,
fixnodes.com,PHISHING_CRYPTO,MEDIUM,
mantlybrldge.org,PHISHING_CRYPTO,MEDIUM,
1587wka.hair,PHISHING_CONFIRMED,MEDIUM,
rubrique-contestation-xoom.info,PHISHING_CONFIRMED,MEDIUM,
x9kq5mt.skin,PHISHING_CONFIRMED,MEDIUM,
bb60sy.com,PHISHING_CONFIRMED,MEDIUM,
pawsera.com,PHISHING_CONFIRMED,MEDIUM,
enaclaim.com,PHISHING_CRYPTO,MEDIUM,
myspotifypoland.help,PHISHING_CONFIRMED,MEDIUM,
s3n7ud.lol,PHISHING_CONFIRMED,MEDIUM,
snaploy.info,PHISHING_CONFIRMED,MEDIUM,
v4x9m3.sbs,PHISHING_CONFIRMED,MEDIUM,
83291-coinbase.com,PHISHING_CONFIRMED,MEDIUM,
claim-karak.network,PHISHING_CRYPTO,MEDIUM,
dmvforward.com,PHISHING_CONFIRMED,MEDIUM,
bet73052.com,PHISHING_CONFIRMED,MEDIUM,
dr8lpx.cfd,PHISHING_CONFIRMED,MEDIUM,
b0080.com,PHISHING_CONFIRMED,MEDIUM,
heryerdeler.click,PHISHING_CONFIRMED,MEDIUM,
claim-neiro.xyz,PHISHING_CRYPTO,MEDIUM,
soccer-jersey-yupoo.com,PHISHING_CRYPTO,MEDIUM,
savciliketutani.org,PHISHING_CONFIRMED,MEDIUM,
okxairdrop.pics,PHISHING_CRYPTO,MEDIUM,
91408367.xyz,PHISHING_CONFIRMED,MEDIUM,
errorinside.com,PHISHING_CONFIRMED,MEDIUM,
digitalgamerewards.com,PHISHING_CRYPTO,MEDIUM,
qdevioairdrop.xyz,PHISHING_CRYPTO,MEDIUM,
26195784.xyz,PHISHING_CONFIRMED,MEDIUM,
28k3t3h.lat,PHISHING_CONFIRMED,MEDIUM,
diablocontractor.info,PHISHING_CONFIRMED,MEDIUM,
qfsgoldenageweb3.com,PHISHING_CRYPTO,MEDIUM,
claim-animecoin.lol,PHISHING_CRYPTO,MEDIUM,
k3x5y1.lat,PHISHING_CONFIRMED,MEDIUM,
claim-ora.com,PHISHING_CRYPTO,MEDIUM,
airdrop-cellula.life,PHISHING_CRYPTO,MEDIUM,
app-exsat.xyz,PHISHING_CRYPTO,MEDIUM,
dapplivesync.com,PHISHING_CRYPTO,MEDIUM,
hallfieldschoolpta.info,PHISHING_CONFIRMED,MEDIUM,
gls-groupa.xyz,PHISHING_CONFIRMED,MEDIUM,
esperanzadvd.info,PHISHING_CONFIRMED,MEDIUM,
lingzhi-bj.com,PHISHING_CONFIRMED,MEDIUM,
secure-coinbase.info,PHISHING_CRYPTO,MEDIUM,
pupstokentool.info,PHISHING_CRYPTO,MEDIUM,
germanshepherdpuppiesohio.com,PHISHING_CONFIRMED,MEDIUM,
26059814.xyz,PHISHING_CONFIRMED,MEDIUM,
bitusdt.xyz,PHISHING_CRYPTO,MEDIUM,
4fplstore.com,PHISHING_CONFIRMED,MEDIUM,
gzhhst.com,PHISHING_CONFIRMED,MEDIUM,
5fq5wrtwt.lat,PHISHING_CONFIRMED,MEDIUM,
liquidprotocol-migrate.xyz,PHISHING_CRYPTO,MEDIUM,
flrnetconnect.com,PHISHING_CRYPTO,MEDIUM,
mail-apple.com,PHISHING_CONFIRMED,MEDIUM,
proinvest-partners.com,PHISHING_CRYPTO,MEDIUM,
pepu-unchained.help,PHISHING_CRYPTO,MEDIUM,
claim-solayer-foundation.lol,PHISHING_CRYPTO,MEDIUM,
neonevm-airdrop.org,PHISHING_CRYPTO,MEDIUM,
cryptoselfcustodyweb3.com,PHISHING_CRYPTO,MEDIUM,
metamask-web30-conn.com,PHISHING_CRYPTO,MEDIUM,
pools-eth.org,PHISHING_CRYPTO,MEDIUM,
q1x5r3.lol,PHISHING_CONFIRMED,MEDIUM,
alsguvenlik.info,PHISHING_CONFIRMED,MEDIUM,
com-9l0f.sbs,PHISHING_CONFIRMED,MEDIUM,
imtokencoins.com,PHISHING_CRYPTO,MEDIUM,
airdropenergy-memecoin.xyz,PHISHING_CRYPTO,MEDIUM,
trackingcnk.life,PHISHING_CONFIRMED,MEDIUM,
60217945.xyz,PHISHING_CONFIRMED,MEDIUM,
flrportalnetwork.pro,PHISHING_CRYPTO,MEDIUM,
mserver.net,PHISHING_CONFIRMED,MEDIUM,
empowermentvision.com,PHISHING_CONFIRMED,MEDIUM,
globalex-soft.com,PHISHING_CONFIRMED,MEDIUM,
serendipityless.pro,PHISHING_CONFIRMED,MEDIUM,
decentralized-resolves.xyz,PHISHING_CRYPTO,MEDIUM,
8jnbwew.garden,PHISHING_CONFIRMED,MEDIUM,
bookpdf.services,PHISHING_CONFIRMED,MEDIUM,
36457108.xyz,PHISHING_CONFIRMED,MEDIUM,
devmainnetpro.com,PHISHING_CRYPTO,MEDIUM,
cyberbounty.com,PHISHING_CONFIRMED,MEDIUM,
31270864.xyz,PHISHING_CONFIRMED,MEDIUM,
throughthemail.info,PHISHING_CONFIRMED,MEDIUM,
tealiswap.org,PHISHING_CRYPTO,MEDIUM,
cyberjusticerecoveryhub.com,PHISHING_CONFIRMED,MEDIUM,
dravionela365.com,PHISHING_CONFIRMED,MEDIUM,
thewelldesignedteam.info,PHISHING_CONFIRMED,MEDIUM,
breathitsystems.com,PHISHING_CONFIRMED,MEDIUM,
airdrop-jaihoz.com,PHISHING_CRYPTO,MEDIUM,
ledgerweb3.com,PHISHING_CRYPTO,MEDIUM,
superkend.xyz,PHISHING_CRYPTO,MEDIUM,
amazcn.icu,PHISHING_CONFIRMED,MEDIUM,
circleusdc.xyz,PHISHING_CRYPTO,MEDIUM,
lumarqentox.xyz,PHISHING_CONFIRMED,MEDIUM,
dpdlocali-njw.bond,PHISHING_CONFIRMED,MEDIUM,
claim-wepe.live,PHISHING_CRYPTO,MEDIUM,
rewards-stooryfoundation.lol,PHISHING_CRYPTO,MEDIUM,
gasinodata.com,PHISHING_CONFIRMED,MEDIUM,
resolvsushi.cfd,PHISHING_CRYPTO,MEDIUM,
amazon-jp.net,PHISHING_CONFIRMED,MEDIUM,
trmasak.com,PHISHING_CONFIRMED,MEDIUM,
idsplug.com,PHISHING_CONFIRMED,MEDIUM,
ledgerwalletauth.com,PHISHING_CRYPTO,MEDIUM,
plcapitals.lol,PHISHING_CONFIRMED,MEDIUM,
solvenariaq24.pro,PHISHING_CONFIRMED,MEDIUM,
spotifypanel.help,PHISHING_CONFIRMED,MEDIUM,
blockexminings.com,PHISHING_CRYPTO,MEDIUM,
claimrivalz.xyz,PHISHING_CRYPTO,MEDIUM,
jidoshashurinotecho.info,PHISHING_CONFIRMED,MEDIUM,
biddingonlinerfqdocuments.click,PHISHING_CONFIRMED,MEDIUM,
withdraw-genesiscap.com,PHISHING_CRYPTO,MEDIUM,
learningcenter.icu,PHISHING_CONFIRMED,MEDIUM,
starlit.lat,PHISHING_CONFIRMED,MEDIUM,
aksao.com,PHISHING_CONFIRMED,MEDIUM,
savethedgh.info,PHISHING_CONFIRMED,MEDIUM,
90783541.xyz,PHISHING_CONFIRMED,MEDIUM,
yochannels.info,PHISHING_CONFIRMED,MEDIUM,
g99onser-ch.sbs,PHISHING_CONFIRMED,MEDIUM,
allcreaturescountryclub.com,PHISHING_CONFIRMED,MEDIUM,
sanantoniosales.info,PHISHING_CONFIRMED,MEDIUM,
portal-ston.net,PHISHING_CRYPTO,MEDIUM,
r4lwdy.qpon,PHISHING_CONFIRMED,MEDIUM,
dashtoolschain.com,PHISHING_CRYPTO,MEDIUM,
4kre8j3.skin,PHISHING_CONFIRMED,MEDIUM,
event-monad.xyz,PHISHING_CRYPTO,MEDIUM,
skyxaave.com,PHISHING_CRYPTO,MEDIUM,
h4ndth.casa,PHISHING_CONFIRMED,MEDIUM,
app-olympia.xyz,PHISHING_CRYPTO,MEDIUM,
chatuchakplants.com,PHISHING_CONFIRMED,MEDIUM,
stakekick-airdrop.info,PHISHING_CRYPTO,MEDIUM,
airdropaborean.finance,PHISHING_CRYPTO,MEDIUM,
mozny-skarbiton.com,PHISHING_CONFIRMED,MEDIUM,
bet63nn.com,PHISHING_CONFIRMED,MEDIUM,
c8xvhr.sbs,PHISHING_CONFIRMED,MEDIUM,
ad4gde.qpon,PHISHING_CONFIRMED,MEDIUM,
inposta.lol,PHISHING_CONFIRMED,MEDIUM,
sbgroupnepal.com,PHISHING_CONFIRMED,MEDIUM,
web3ledgersolutions.com,PHISHING_CRYPTO,MEDIUM,
h9r2n6.lat,PHISHING_CONFIRMED,MEDIUM,
migratesites.xyz,PHISHING_CRYPTO,MEDIUM,
pellres.network,PHISHING_CRYPTO,MEDIUM,
remixcompilers.com,PHISHING_CRYPTO,MEDIUM,
6eu3uy.skin,PHISHING_CONFIRMED,MEDIUM,
dcxdzz.com,PHISHING_CONFIRMED,MEDIUM,
16097483.xyz,PHISHING_CONFIRMED,MEDIUM,
6e8y4k.hair,PHISHING_CONFIRMED,MEDIUM,
efregs.xyz,PHISHING_CRYPTO,MEDIUM,
vintagevista.xyz,PHISHING_CONFIRMED,MEDIUM,
wallet-opensea.com,PHISHING_CRYPTO,MEDIUM,
hub-icetoken.xyz,PHISHING_CRYPTO,MEDIUM,
claim-opsec-v2.net,PHISHING_CRYPTO,MEDIUM,
bet63gg.com,PHISHING_CONFIRMED,MEDIUM,
opptimism.com,PHISHING_CRYPTO,MEDIUM,
tk-promocjameblij.help,PHISHING_CONFIRMED,MEDIUM,
coinbaseinformationalsecurity.com,PHISHING_CONFIRMED,MEDIUM,
dappserver.icu,PHISHING_CRYPTO,MEDIUM,
1hv22k.skin,PHISHING_CONFIRMED,MEDIUM,
bestwalletdapps.icu,PHISHING_CRYPTO,MEDIUM,
p4zn7rv.hair,PHISHING_CONFIRMED,MEDIUM,
ku6m.com,PHISHING_CONFIRMED,MEDIUM,
b45086.com,PHISHING_CONFIRMED,MEDIUM,
memecoins.claims,PHISHING_CRYPTO,MEDIUM,
distinctivedesignco.info,PHISHING_CONFIRMED,MEDIUM,
7uht32eg.hair,PHISHING_CONFIRMED,MEDIUM,
r3y7x2.cfd,PHISHING_CONFIRMED,MEDIUM,
gas33slot.com,PHISHING_CONFIRMED,MEDIUM,
doujiaoww.com,PHISHING_CONFIRMED,MEDIUM,
nikotronic.info,PHISHING_CONFIRMED,MEDIUM,
d2euvq.qpon,PHISHING_CONFIRMED,MEDIUM,
mynetworks.top,PHISHING_CRYPTO,MEDIUM,
eastshorefocus.info,PHISHING_CONFIRMED,MEDIUM,
rpcmainnetfix.info,PHISHING_CRYPTO,MEDIUM,
v2gqvv.lat,PHISHING_CONFIRMED,MEDIUM,
hub-getoeth.org,PHISHING_CRYPTO,MEDIUM,
registeredagentsinarkansas.com,PHISHING_CONFIRMED,MEDIUM,
cgwcsd.org,PHISHING_CONFIRMED,MEDIUM,
masaksorguorg.org,PHISHING_CONFIRMED,MEDIUM,
vaulkree.network,PHISHING_CRYPTO,MEDIUM,
661zzhm.sbs,PHISHING_CONFIRMED,MEDIUM,
wallet-check.com,PHISHING_CRYPTO,MEDIUM,
lbjiancai.com,PHISHING_CONFIRMED,MEDIUM,
dappsresource.info,PHISHING_CRYPTO,MEDIUM,
disney-pinnacle.life,PHISHING_CRYPTO,MEDIUM,
bet73091.com,PHISHING_CONFIRMED,MEDIUM,
m7pr2qn.qpon,PHISHING_CONFIRMED,HIGH,
26870395.xyz,PHISHING_CONFIRMED,MEDIUM,
nc9pel.sbs,PHISHING_CONFIRMED,HIGH,
intelliwit.com,PHISHING_CRYPTO,MEDIUM,
articleseven.info,PHISHING_CONFIRMED,MEDIUM,
newspulsevora.pro,PHISHING_CONFIRMED,MEDIUM,
c9h1v0.cfd,PHISHING_CONFIRMED,MEDIUM,
72ytywtw.lol,PHISHING_CONFIRMED,MEDIUM,
z4qm7xn.skin,PHISHING_CONFIRMED,MEDIUM,
obersviktrondholm.pro,PHISHING_CONFIRMED,MEDIUM,
cddmjz.com,PHISHING_CONFIRMED,MEDIUM,
shbusinesscenter.info,PHISHING_CONFIRMED,MEDIUM,
466zf.com,PHISHING_CONFIRMED,MEDIUM,
macegypt.net,PHISHING_CONFIRMED,MEDIUM,
nodaiwhalerevware.dev,PHISHING_CRYPTO,MEDIUM,
deriveairdrop.xyz,PHISHING_CRYPTO,MEDIUM,
39485026.xyz,PHISHING_CONFIRMED,MEDIUM,
webs3resolves.com,PHISHING_CRYPTO,MEDIUM,
p2p2.org,PHISHING_CRYPTO,MEDIUM,
momobet77.net,PHISHING_CONFIRMED,MEDIUM,
giperdoc.info,PHISHING_CONFIRMED,MEDIUM,
2rw7knv.hair,PHISHING_CONFIRMED,MEDIUM,
clappo.qpon,PHISHING_CONFIRMED,MEDIUM,
74209518.xyz,PHISHING_CONFIRMED,MEDIUM,
demdoc.info,PHISHING_CONFIRMED,MEDIUM,
norvela.live,PHISHING_CONFIRMED,MEDIUM,
rpcnodesupdate.xyz,PHISHING_CRYPTO,MEDIUM,
thrurster.finance,PHISHING_CRYPTO,MEDIUM,
b35sss.com,PHISHING_CONFIRMED,MEDIUM,
safedappsnode.site,PHISHING_CRYPTO,MEDIUM,
younto.info,PHISHING_CONFIRMED,MEDIUM,
l4y2k7.lat,PHISHING_CONFIRMED,MEDIUM,
b45082.com,PHISHING_CONFIRMED,MEDIUM,
enroll-chaln.link,PHISHING_CRYPTO,MEDIUM,
uregulujplatnoscdisney.com,PHISHING_CONFIRMED,MEDIUM,
1r2frd2.hair,PHISHING_CONFIRMED,HIGH,
826wgtfw.lat,PHISHING_CONFIRMED,MEDIUM,
74198651.xyz,PHISHING_CONFIRMED,MEDIUM,
pochita.claims,PHISHING_CRYPTO,MEDIUM,
sen3ux.lat,PHISHING_CONFIRMED,MEDIUM,
trcezamasak.com,PHISHING_CONFIRMED,MEDIUM,
mtfl998.com,PHISHING_CONFIRMED,MEDIUM,
bvvjc.com,PHISHING_CONFIRMED,MEDIUM,
yeifenonce.org,PHISHING_CRYPTO,MEDIUM,
viyyo.com,PHISHING_CONFIRMED,MEDIUM,
findmyphone-search.help,PHISHING_CONFIRMED,MEDIUM,
disneyprzypomnienieplatnosci.com,PHISHING_CONFIRMED,MEDIUM,
app-getgrassregister.lol,PHISHING_CRYPTO,MEDIUM,
protect-coinbase.com,PHISHING_CRYPTO,MEDIUM,
51znjl.com,PHISHING_CONFIRMED,MEDIUM,
betenoiremagazine.com,PHISHING_CONFIRMED,MEDIUM,
trackingagf.life,PHISHING_CONFIRMED,MEDIUM,
tem2xo.lat,PHISHING_CONFIRMED,MEDIUM,
cadcli.info,PHISHING_CONFIRMED,MEDIUM,
aitprotocolapp.xyz,PHISHING_CRYPTO,MEDIUM,
apirpcwebgateway.com,PHISHING_CRYPTO,MEDIUM,
jyetherwallet.com,PHISHING_CRYPTO,MEDIUM,
trackingixu.life,PHISHING_CONFIRMED,MEDIUM,
1ft25r5tt.lol,PHISHING_CONFIRMED,MEDIUM,
1525hwyt.lat,PHISHING_CONFIRMED,MEDIUM,
1tfr2we.ink,PHISHING_CONFIRMED,MEDIUM,
eth-strategy.xyz,PHISHING_CONFIRMED,MEDIUM,
nowayposten.lol,PHISHING_CONFIRMED,MEDIUM,
multiweb3serversss.com,PHISHING_CRYPTO,MEDIUM,
trumpdigitalvouchers.org,PHISHING_CRYPTO,MEDIUM,
blancafeldman.info,PHISHING_CONFIRMED,MEDIUM,
k5h1p2.lat,PHISHING_CONFIRMED,MEDIUM,
ethenafi.org,PHISHING_CRYPTO,MEDIUM,
customer-coinbase.com,PHISHING_CRYPTO,MEDIUM,
48392017.xyz,PHISHING_CONFIRMED,MEDIUM,
authentictag.com,PHISHING_CRYPTO,MEDIUM,
eligibilitytowns.com,PHISHING_CRYPTO,MEDIUM,
orangefinaince.xyz,PHISHING_CRYPTO,MEDIUM,
iamcorona.com,PHISHING_CONFIRMED,MEDIUM,
zchxzy.com,PHISHING_CONFIRMED,MEDIUM,
rewardsprogramsz-signup.lol,PHISHING_CRYPTO,MEDIUM,
63diehm.sbs,PHISHING_CONFIRMED,MEDIUM,
smykpl.com,PHISHING_CONFIRMED,MEDIUM,
netlana.com,PHISHING_CONFIRMED,MEDIUM,
xoob-claim.xyz,PHISHING_CRYPTO,MEDIUM,
radebeuler.info,PHISHING_CONFIRMED,MEDIUM,
ukflourmiller.org,PHISHING_CONFIRMED,MEDIUM,
giftprizewinner.com,PHISHING_CONFIRMED,MEDIUM,
degne.express,PHISHING_CRYPTO,MEDIUM,
crypthaven.com,PHISHING_CRYPTO,MEDIUM,
zygoclaim.online,PHISHING_CRYPTO,MEDIUM,
f4ntru.casa,PHISHING_CONFIRMED,MEDIUM,
lamsharedonlywinsdom.sbs,PHISHING_CONFIRMED,MEDIUM,
1254er2.wiki,PHISHING_CONFIRMED,MEDIUM,
coachingdevie.info,PHISHING_CONFIRMED,MEDIUM,
kelpclaims.xyz,PHISHING_CRYPTO,MEDIUM,
coinbridger.xyz,PHISHING_CRYPTO,MEDIUM,
rewards-pepunchained.com,PHISHING_CRYPTO,MEDIUM,
unlswape.org,PHISHING_CRYPTO,MEDIUM,
neiro-sushi.pro,PHISHING_CRYPTO,MEDIUM,
registeredagentsinnorthcarolina.com,PHISHING_CONFIRMED,MEDIUM,
kundralalimited.com,PHISHING_CONFIRMED,MEDIUM,
142sandpiper.com,PHISHING_CONFIRMED,MEDIUM,
2381mqn.ink,PHISHING_CONFIRMED,MEDIUM,
dappspherehub.org,PHISHING_CRYPTO,MEDIUM,
babblescrabble.info,PHISHING_CONFIRMED,MEDIUM,
36wt63.skin,PHISHING_CONFIRMED,MEDIUM,
renzoreward.xyz,PHISHING_CRYPTO,MEDIUM,
63819207.xyz,PHISHING_CONFIRMED,MEDIUM,
thethresholds.com,PHISHING_CRYPTO,MEDIUM,
foxy-airdrop.com,PHISHING_CRYPTO,MEDIUM,
cybrodex.help,PHISHING_CRYPTO,MEDIUM,
balstbera.fun,PHISHING_CRYPTO,MEDIUM,
bit-change.global,PHISHING_CRYPTO,MEDIUM,
chongchongchexian.com,PHISHING_CONFIRMED,MEDIUM,
authweb.icu,PHISHING_CRYPTO,MEDIUM,
icloudsignaturere.com,PHISHING_CONFIRMED,MEDIUM,
nodestringfix.xyz,PHISHING_CRYPTO,MEDIUM,
globaldailyiq.info,PHISHING_CONFIRMED,MEDIUM,
kekec-sushi.pro,PHISHING_CRYPTO,MEDIUM,
trmaliyetc.org,PHISHING_CONFIRMED,MEDIUM,
extractoresdeaire.info,PHISHING_CONFIRMED,MEDIUM,
parti-sushi.xyz,PHISHING_CRYPTO,MEDIUM,
renzo-airdrop.xyz,PHISHING_CRYPTO,MEDIUM,
laraprotocol.lol,PHISHING_CRYPTO,MEDIUM,
debank.click,PHISHING_CRYPTO,MEDIUM,
org-t.live,PHISHING_CRYPTO,MEDIUM,
lightchain-pro.xyz,PHISHING_CRYPTO,MEDIUM,
matic55.com,PHISHING_CONFIRMED,MEDIUM,
lovelincolnpark.com,PHISHING_CONFIRMED,MEDIUM,
p2y3a6.lat,PHISHING_CONFIRMED,MEDIUM,
registeredagentsinnebraska.com,PHISHING_CONFIRMED,MEDIUM,
sg3zsi.beer,PHISHING_CONFIRMED,MEDIUM,
ayaa3.com,PHISHING_CONFIRMED,MEDIUM,
pepumainnet.live,PHISHING_CRYPTO,MEDIUM,
drinkpl.sbs,PHISHING_CONFIRMED,MEDIUM,
coinbasewallet.digital,PHISHING_CRYPTO,MEDIUM,
podderofthemonth.com,PHISHING_CONFIRMED,MEDIUM,
cybroe.net,PHISHING_CRYPTO,MEDIUM,
tamkeenerp.com,PHISHING_CONFIRMED,MEDIUM,
apps-onyx.org,PHISHING_CRYPTO,MEDIUM,
wisemonkysclaim.online,PHISHING_CRYPTO,MEDIUM,
arbitrum-foundation.xyz,PHISHING_CRYPTO,MEDIUM,
b2ypbz.sbs,PHISHING_CONFIRMED,MEDIUM,
96047218.xyz,PHISHING_CONFIRMED,MEDIUM,
electrum-usdt.com,PHISHING_CONFIRMED,MEDIUM,
proceed-coinbase.com,PHISHING_CRYPTO,MEDIUM,
bet83077.com,PHISHING_CONFIRMED,MEDIUM,
mana-sushi.xyz,PHISHING_CRYPTO,MEDIUM,
expertenberatung.info,PHISHING_CONFIRMED,MEDIUM,
bet73xx.com,PHISHING_CONFIRMED,MEDIUM,
34726198.xyz,PHISHING_CONFIRMED,MEDIUM,
s55-check1744.lat,PHISHING_CONFIRMED,MEDIUM,
meditationsmoebel.info,PHISHING_CONFIRMED,MEDIUM,
32tothecasino.com,PHISHING_CONFIRMED,MEDIUM,
devops-project.top,PHISHING_CONFIRMED,MEDIUM,
compound-fihance.com,PHISHING_CRYPTO,MEDIUM,
mojalekaren-sk.sbs,PHISHING_CONFIRMED,MEDIUM,
s0sj6dgb.lat,PHISHING_CONFIRMED,MEDIUM,
syncstratum.org,PHISHING_CRYPTO,MEDIUM,
capitalflowhub2.pro,PHISHING_CONFIRMED,MEDIUM,
kuronekoyamatojp.xyz,PHISHING_CONFIRMED,MEDIUM,
oakcover.org,PHISHING_CONFIRMED,MEDIUM,
aqb125.com,PHISHING_CONFIRMED,MEDIUM,
shadow-airdrop.info,PHISHING_CRYPTO,MEDIUM,
allegro.press,PHISHING_CONFIRMED,MEDIUM,
dappradarairdrop.lol,PHISHING_CRYPTO,MEDIUM,
5ftwqf5w5.lol,PHISHING_CONFIRMED,MEDIUM,
qfsdigitalnetwork.com,PHISHING_CRYPTO,MEDIUM,
ecezadosyam.org,PHISHING_CONFIRMED,MEDIUM,
vehesijo.cfd,PHISHING_CONFIRMED,MEDIUM,
60179432.xyz,PHISHING_CONFIRMED,MEDIUM,
lovelyswaps.site,PHISHING_CRYPTO,MEDIUM,
connectfixit.sbs,PHISHING_CRYPTO,MEDIUM,
getshiba.lol,PHISHING_CRYPTO,MEDIUM,
bilnyheter.info,PHISHING_CONFIRMED,MEDIUM,
razese49l.sbs,PHISHING_CONFIRMED,MEDIUM,
claim-manyushiba.xyz,PHISHING_CRYPTO,MEDIUM,
vxb3j.info,PHISHING_CONFIRMED,MEDIUM,
minyagg.com,PHISHING_CONFIRMED,MEDIUM,
8wr5pkn.hair,PHISHING_CONFIRMED,MEDIUM,
techaguides.info,PHISHING_CONFIRMED,MEDIUM,
maxusdtdefi.cc,PHISHING_CRYPTO,MEDIUM,
sillomoo.site,PHISHING_CONFIRMED,MEDIUM,
kuroneskoyamato.sbs,PHISHING_CONFIRMED,MEDIUM,
41069835.xyz,PHISHING_CONFIRMED,MEDIUM,
tatliseskoftecisi.info,PHISHING_CONFIRMED,MEDIUM,
sparkydesigns.info,PHISHING_CONFIRMED,MEDIUM,
saimuwoseiri.info,PHISHING_CONFIRMED,MEDIUM,
64geihm.sbs,PHISHING_CONFIRMED,MEDIUM,
register-render.com,PHISHING_CRYPTO,MEDIUM,
amiris-it.com,PHISHING_CONFIRMED,MEDIUM,
eobuwiesale.sbs,PHISHING_CONFIRMED,MEDIUM,
20583719.xyz,PHISHING_CONFIRMED,MEDIUM,
dexalots.org,PHISHING_CRYPTO,MEDIUM,
ondofinance.net,PHISHING_CRYPTO,MEDIUM,
zircuitapp.org,PHISHING_CRYPTO,MEDIUM,
97610432.xyz,PHISHING_CONFIRMED,MEDIUM,
delhaizeshop.sbs,PHISHING_CONFIRMED,MEDIUM,
nftnards.com,PHISHING_CRYPTO,MEDIUM,
baytelaqar.com,PHISHING_CONFIRMED,MEDIUM,
portals-derive.xyz,PHISHING_CRYPTO,MEDIUM,
86173520.xyz,PHISHING_CONFIRMED,MEDIUM,
bdagnetwork.xyz,PHISHING_CRYPTO,MEDIUM,
blur-rewards.xyz,PHISHING_CRYPTO,MEDIUM,
doffgyn-gbmm.sbs,PHISHING_CONFIRMED,MEDIUM,
servicerby.cyou,PHISHING_CONFIRMED,MEDIUM,
dosya-goruntule.xyz,PHISHING_CONFIRMED,MEDIUM,
dex2ri.lat,PHISHING_CONFIRMED,MEDIUM,
axoneairdrop.xyz,PHISHING_CRYPTO,MEDIUM,
battersjeepharma.com,PHISHING_CONFIRMED,MEDIUM,
41850732.xyz,PHISHING_CONFIRMED,MEDIUM,
servicenze.quest,PHISHING_CONFIRMED,MEDIUM,
26490831.xyz,PHISHING_CONFIRMED,MEDIUM,
aldenhill.xyz,PHISHING_CONFIRMED,MEDIUM,
smyk.sale,PHISHING_CONFIRMED,MEDIUM,
app-ifindmy.com,PHISHING_CONFIRMED,MEDIUM,
eadaletmasak.org,PHISHING_CONFIRMED,MEDIUM,
rewards-aethir.network,PHISHING_CRYPTO,MEDIUM,
investmarketlinex.info,PHISHING_CONFIRMED,MEDIUM,
serviceqyj.cyou,PHISHING_CONFIRMED,MEDIUM,
ridongsafe.com,PHISHING_CONFIRMED,MEDIUM,
arbitrum.wtf,PHISHING_CRYPTO,MEDIUM,
servicerxp.hair,PHISHING_CONFIRMED,MEDIUM,
gostepn.com,PHISHING_CRYPTO,MEDIUM,
7wqu6.casa,PHISHING_CONFIRMED,MEDIUM,
gopis.info,PHISHING_CONFIRMED,MEDIUM,
29046175.xyz,PHISHING_CONFIRMED,MEDIUM,
r1frtfw.lol,PHISHING_CONFIRMED,MEDIUM,
2pk7vzr.hair,PHISHING_CONFIRMED,HIGH,
50741362.xyz,PHISHING_CONFIRMED,MEDIUM,
baollll2.cc,PHISHING_CONFIRMED,MEDIUM,
83t6ege.work,PHISHING_CONFIRMED,MEDIUM,
yima8.com,PHISHING_CONFIRMED,MEDIUM,
node-modifier.help,PHISHING_CRYPTO,MEDIUM,
tel9ar.lat,PHISHING_CONFIRMED,MEDIUM,
diamanteclaims.xyz,PHISHING_CRYPTO,MEDIUM,
jjxstcfsb.com,PHISHING_CONFIRMED,MEDIUM,
griffinparkfil.mom,PHISHING_CONFIRMED,MEDIUM,
greenzillamania.info,PHISHING_CONFIRMED,MEDIUM,
anonexchange.net,PHISHING_CRYPTO,MEDIUM,
jt2oua.cfd,PHISHING_CONFIRMED,HIGH,
3l3i3b.hair,PHISHING_CONFIRMED,MEDIUM,
web3fixs.com,PHISHING_CRYPTO,MEDIUM,
meshconnectpass.xyz,PHISHING_CRYPTO,MEDIUM,
bancavirtual.life,PHISHING_CONFIRMED,MEDIUM,
arbiitrum-foundation.xyz,PHISHING_CRYPTO,MEDIUM,
91824053.xyz,PHISHING_CONFIRMED,MEDIUM,
trackingcbe.life,PHISHING_CONFIRMED,MEDIUM,
dodo-airdrop.com,PHISHING_CRYPTO,MEDIUM,
shibashootout-dashboard.click,PHISHING_CRYPTO,MEDIUM,
h1gyme.casa,PHISHING_CONFIRMED,MEDIUM,
authenticatoronline.live,PHISHING_CRYPTO,MEDIUM,
renzoairdrop-claim.xyz,PHISHING_CRYPTO,MEDIUM,
earthlnk.xyz,PHISHING_CONFIRMED,MEDIUM,
invreceiptslinkedin.com,PHISHING_CONFIRMED,MEDIUM,
56428319.xyz,PHISHING_CONFIRMED,MEDIUM,
bav3xo.lat,PHISHING_CONFIRMED,MEDIUM,
china-ceoclub.com,PHISHING_CONFIRMED,MEDIUM,
exeedme-claim.xyz,PHISHING_CRYPTO,MEDIUM,
h6c4n2.lat,PHISHING_CONFIRMED,MEDIUM,
dexalota.org,PHISHING_CRYPTO,MEDIUM,
cicrmglobal.com,PHISHING_CONFIRMED,MEDIUM,
spikecatcher.info,PHISHING_CONFIRMED,MEDIUM,
62gwrf.lol,PHISHING_CONFIRMED,MEDIUM,
71529083.xyz,PHISHING_CONFIRMED,MEDIUM,
97810453.xyz,PHISHING_CONFIRMED,MEDIUM,
helpdao-resolution.lol,PHISHING_CRYPTO,MEDIUM,
fhktg.info,PHISHING_CONFIRMED,MEDIUM,
moj-aplikacja.help,PHISHING_CONFIRMED,MEDIUM,
animaltoplist.com,PHISHING_CONFIRMED,MEDIUM,
guildofangels.net,PHISHING_CONFIRMED,MEDIUM,
claim24.xyz,PHISHING_CRYPTO,MEDIUM,
hevimansrei.com,PHISHING_CONFIRMED,MEDIUM,
egenlayer.xyz,PHISHING_CRYPTO,MEDIUM,
coinsfluation.live,PHISHING_CRYPTO,MEDIUM,
zknatione.org,PHISHING_CRYPTO,MEDIUM,
28jvg22.hair,PHISHING_CONFIRMED,MEDIUM,
moodeng-sushi.cfd,PHISHING_CRYPTO,MEDIUM,
o6k4c9.lat,PHISHING_CONFIRMED,MEDIUM,
t8hair2.hair,PHISHING_CONFIRMED,MEDIUM,
stake-cw.help,PHISHING_CRYPTO,MEDIUM,
activatornodesystem.com,PHISHING_CRYPTO,MEDIUM,
defiuniversalportal.com,PHISHING_CRYPTO,MEDIUM,
only-intime.com,PHISHING_CONFIRMED,MEDIUM,
vz7qxn.cfd,PHISHING_CONFIRMED,MEDIUM,
thegreenpowerhour.info,PHISHING_CONFIRMED,MEDIUM,
kabbmedia.com,PHISHING_CONFIRMED,MEDIUM,
claim-lamina1.com,PHISHING_CRYPTO,MEDIUM,
sticker.bargains,PHISHING_CONFIRMED,MEDIUM,
h4p8n2.cfd,PHISHING_CONFIRMED,MEDIUM,
bet73016.com,PHISHING_CONFIRMED,MEDIUM,
claim-es.xyz,PHISHING_CRYPTO,MEDIUM,
strumien-wartoryn.com,PHISHING_CONFIRMED,MEDIUM,
dappsnetworkprotocol.xyz,PHISHING_CRYPTO,MEDIUM,
hmstrclaim.xyz,PHISHING_CRYPTO,MEDIUM,
743017-coinbase.com,PHISHING_CRYPTO,MEDIUM,
maps-find.info,PHISHING_CONFIRMED,MEDIUM,
token-app.xyz,PHISHING_CRYPTO,MEDIUM,
timewon.com,PHISHING_CONFIRMED,MEDIUM,
ad8699.com,PHISHING_CONFIRMED,MEDIUM,
vaultwalletweb3.com,PHISHING_CRYPTO,MEDIUM,
toki-basvuru-2025.xyz,PHISHING_CONFIRMED,MEDIUM,
hebeoutlets-pl.sbs,PHISHING_CONFIRMED,MEDIUM,
baozhugongyp.com,PHISHING_CONFIRMED,MEDIUM,
explorer-dexchain.com,PHISHING_CRYPTO,MEDIUM,
solv-app.finance,PHISHING_CRYPTO,MEDIUM,
eubaine.info,PHISHING_CONFIRMED,MEDIUM,
walletsensei.net,PHISHING_CRYPTO,MEDIUM,
kapitowera-pl.com,PHISHING_CONFIRMED,MEDIUM,
restoreweb3networkdapp.help,PHISHING_CRYPTO,MEDIUM,
portal-incentiv.click,PHISHING_CRYPTO,MEDIUM,
chainconnectsapp.live,PHISHING_CRYPTO,MEDIUM,
inj-sushi.pro,PHISHING_CRYPTO,MEDIUM,
safesite.cfd,PHISHING_CRYPTO,MEDIUM,
1d42rrdw.lol,PHISHING_CONFIRMED,MEDIUM,
novadrop.net,PHISHING_CRYPTO,MEDIUM,
utah-gov-bd.life,PHISHING_CONFIRMED,MEDIUM,
8uhwye.rest,PHISHING_CONFIRMED,MEDIUM,
87316495.xyz,PHISHING_CONFIRMED,MEDIUM,
jazkuham.info,PHISHING_CONFIRMED,MEDIUM,
connect-tally.xyz,PHISHING_CRYPTO,MEDIUM,
02jwye.garden,PHISHING_CONFIRMED,MEDIUM,
swapwhois.com,PHISHING_CRYPTO,MEDIUM,
evmswiftsolution.xyz,PHISHING_CRYPTO,MEDIUM,
q4vx8mn.skin,PHISHING_CONFIRMED,MEDIUM,
officialweb3.net,PHISHING_CRYPTO,MEDIUM,
yov7ri.lat,PHISHING_CONFIRMED,MEDIUM,
bet73ff.com,PHISHING_CONFIRMED,MEDIUM,
q7xz3mn.skin,PHISHING_CONFIRMED,MEDIUM,
claimpage-soniclabs.com,PHISHING_CRYPTO,MEDIUM,
tokenscan-connect.net,PHISHING_CRYPTO,MEDIUM,
bgdirectory.net,PHISHING_CONFIRMED,MEDIUM,
max9960.com,PHISHING_CONFIRMED,MEDIUM,
expertsbiguide.info,PHISHING_CONFIRMED,MEDIUM,
selffoundltd.org,PHISHING_CONFIRMED,MEDIUM,
brldgewonchain.org,PHISHING_CRYPTO,MEDIUM,
d9k5p2.cfd,PHISHING_CONFIRMED,MEDIUM,
getsiteera.com,PHISHING_CRYPTO,MEDIUM,
rpakit.com,PHISHING_CONFIRMED,MEDIUM,
rivalz-project.xyz,PHISHING_CRYPTO,MEDIUM,
netflix-eu.help,PHISHING_CONFIRMED,MEDIUM,
h8ngbe.cfd,PHISHING_CONFIRMED,MEDIUM,
hydratlons.org,PHISHING_CRYPTO,MEDIUM,
alternativemedicinenet.com,PHISHING_CONFIRMED,MEDIUM,
dikoyu51h.help,PHISHING_CONFIRMED,MEDIUM,
synchub.live,PHISHING_CRYPTO,MEDIUM,
dappchainapp.net,PHISHING_CRYPTO,MEDIUM,
fastweb3claims.net,PHISHING_CRYPTO,MEDIUM,
kem7ra.lat,PHISHING_CONFIRMED,MEDIUM,
omikami-sushi.cfd,PHISHING_CRYPTO,MEDIUM,
nodeprotocol.net,PHISHING_CRYPTO,MEDIUM,
37825914.xyz,PHISHING_CONFIRMED,MEDIUM,
thrcuster.finance,PHISHING_CRYPTO,MEDIUM,
migratenetxclaim.world,PHISHING_CRYPTO,MEDIUM,
myetherwalet.com,PHISHING_CRYPTO,MEDIUM,
maliyetrsorgu.org,PHISHING_CONFIRMED,MEDIUM,
pulsexswap.live,PHISHING_CRYPTO,MEDIUM,
ozakagi.network,PHISHING_CRYPTO,MEDIUM,
4ki9ek4.hair,PHISHING_CONFIRMED,MEDIUM,
tkx-sushi.xyz,PHISHING_CRYPTO,MEDIUM,
skinovasolutions.com,PHISHING_CONFIRMED,MEDIUM,
ledgertool.info,PHISHING_CRYPTO,MEDIUM,
triko.cfd,PHISHING_CONFIRMED,MEDIUM,
templemail.info,PHISHING_CONFIRMED,MEDIUM,
bangtaihotel.com,PHISHING_CONFIRMED,MEDIUM,
pumpmeme.com,PHISHING_CRYPTO,MEDIUM,
b45kkk.com,PHISHING_CONFIRMED,MEDIUM,
404024.xyz,PHISHING_CONFIRMED,MEDIUM,
sylviagiannitrapani.info,PHISHING_CONFIRMED,MEDIUM,
defihubxresolver.com,PHISHING_CRYPTO,MEDIUM,
m2xw8qk.qpon,PHISHING_CONFIRMED,MEDIUM,
kidsgamesntoys.info,PHISHING_CONFIRMED,MEDIUM,
tokenpulse.lat,PHISHING_CRYPTO,MEDIUM,
primerorbit.info,PHISHING_CONFIRMED,MEDIUM,
bogusbraxtoph.com,PHISHING_CONFIRMED,MEDIUM,
reward-coinbase.com,PHISHING_CRYPTO,MEDIUM,
digital-scope.xyz,PHISHING_CONFIRMED,MEDIUM,
ak1tmu.qpon,PHISHING_CONFIRMED,MEDIUM,
x2vn7qm.skin,PHISHING_CONFIRMED,MEDIUM,
swiftsmigratives.pro,PHISHING_CRYPTO,MEDIUM,
2j3h77w.hair,PHISHING_CONFIRMED,MEDIUM,
74862035.xyz,PHISHING_CONFIRMED,MEDIUM,
1f2d5rwf.garden,PHISHING_CONFIRMED,MEDIUM,
nax3ro.lat,PHISHING_CONFIRMED,MEDIUM,
tsdingxin.com,PHISHING_CRYPTO,MEDIUM,
fincadonandres.com,PHISHING_CONFIRMED,MEDIUM,
52761984.xyz,PHISHING_CONFIRMED,MEDIUM,
nexorainfo.info,PHISHING_CONFIRMED,MEDIUM,
zombaliens.com,PHISHING_CONFIRMED,MEDIUM,
claimcryptorewardz-bonus.lol,PHISHING_CRYPTO,MEDIUM,
8nr2wkp.hair,PHISHING_CONFIRMED,MEDIUM,
servicevyj.sbs,PHISHING_CONFIRMED,MEDIUM,
airdropcellula.life,PHISHING_CRYPTO,MEDIUM,
romellglobal.com,PHISHING_CRYPTO,MEDIUM,
zheravion.pro,PHISHING_CONFIRMED,MEDIUM,
49518630.xyz,PHISHING_CONFIRMED,MEDIUM,
portaldatacenter.com,PHISHING_CRYPTO,MEDIUM,
netflix520.com,PHISHING_CONFIRMED,MEDIUM,
trmaliyeceza.org,PHISHING_CONFIRMED,MEDIUM,
mo6enj.cfd,PHISHING_CONFIRMED,MEDIUM,
8wje6eg.lol,PHISHING_CONFIRMED,MEDIUM,
2fa-security.biz,PHISHING_CONFIRMED,MEDIUM,
dextswap.com,PHISHING_CRYPTO,MEDIUM,
adamglapinski.sbs,PHISHING_CONFIRMED,MEDIUM,
protocol-airdrop.info,PHISHING_CRYPTO,MEDIUM,
officialdevmainnet.com,PHISHING_CRYPTO,MEDIUM,
orbsrv.com,PHISHING_CONFIRMED,MEDIUM,
caboorgy.info,PHISHING_CONFIRMED,MEDIUM,
alisfortes.com,PHISHING_CONFIRMED,MEDIUM,
bdagxnetwork.live,PHISHING_CRYPTO,MEDIUM,
portfolio-maskrewards.click,PHISHING_CRYPTO,MEDIUM,
fxflooring.com,PHISHING_CONFIRMED,MEDIUM,
registeredagentsincolorado.com,PHISHING_CONFIRMED,MEDIUM,
drogerienatura.xyz,PHISHING_CONFIRMED,MEDIUM,
59786032.xyz,PHISHING_CONFIRMED,MEDIUM,
xikumuiau.org,PHISHING_CONFIRMED,MEDIUM,
qatarcreditfund.com,PHISHING_CONFIRMED,MEDIUM,
b45ccc.com,PHISHING_CONFIRMED,MEDIUM,
dapps-odos.xyz,PHISHING_CRYPTO,MEDIUM,
walletauthenticator.click,PHISHING_CRYPTO,MEDIUM,
wormholeapp.link,PHISHING_CRYPTO,MEDIUM,
dropdappradar.lol,PHISHING_CRYPTO,MEDIUM,
eth-sushi.xyz,PHISHING_CRYPTO,MEDIUM,
walldrop.network,PHISHING_CRYPTO,MEDIUM,
kavawall.link,PHISHING_CRYPTO,MEDIUM,
anytimetraffic.info,PHISHING_CONFIRMED,MEDIUM,
pupstokentools.info,PHISHING_CRYPTO,MEDIUM,
reward-korprotocol.com,PHISHING_CRYPTO,MEDIUM,
lesleywickhamretreats.info,PHISHING_CONFIRMED,MEDIUM,
dailycasting.com,PHISHING_CRYPTO,MEDIUM,
combooffer.info,PHISHING_CONFIRMED,MEDIUM,
18409237.xyz,PHISHING_CONFIRMED,MEDIUM,
mainnetonchain.com,PHISHING_CRYPTO,MEDIUM,
5okji34.hair,PHISHING_CONFIRMED,MEDIUM,
claimetfswap.xyz,PHISHING_CRYPTO,MEDIUM,
nordemysa.pro,PHISHING_CONFIRMED,MEDIUM,
4l44vg22.hair,PHISHING_CONFIRMED,HIGH,
r5d2b8.lat,PHISHING_CONFIRMED,MEDIUM,
marketbriefwatchv.info,PHISHING_CONFIRMED,MEDIUM,
edoge.claims,PHISHING_CRYPTO,MEDIUM,
czilventmoldheest.info,PHISHING_CONFIRMED,MEDIUM,
97260451.xyz,PHISHING_CONFIRMED,MEDIUM,
mythical-project.xyz,PHISHING_CRYPTO,MEDIUM,
vw65wvf2.lat,PHISHING_CONFIRMED,MEDIUM,
disney-plus-center.com,PHISHING_CONFIRMED,MEDIUM,
zooartup.xyz,PHISHING_CONFIRMED,MEDIUM,
servicefye.hair,PHISHING_CONFIRMED,MEDIUM,
equityloops.com,PHISHING_CONFIRMED,MEDIUM,
39846427.xyz,PHISHING_CONFIRMED,MEDIUM,
ronsey.com,PHISHING_CONFIRMED,MEDIUM,
67049218.xyz,PHISHING_CONFIRMED,MEDIUM,
questsmoonbeam.network,PHISHING_CRYPTO,MEDIUM,
intheprime.info,PHISHING_CONFIRMED,MEDIUM,
servicejvy.boats,PHISHING_CONFIRMED,MEDIUM,
amazonkingdom.net,PHISHING_CONFIRMED,MEDIUM,
offerclick.help,PHISHING_CONFIRMED,MEDIUM,
auccreward.info,PHISHING_CRYPTO,MEDIUM,
ledgerwallets.help,PHISHING_CRYPTO,MEDIUM,
85073161.xyz,PHISHING_CONFIRMED,MEDIUM,
webtangemconnector.com,PHISHING_CRYPTO,MEDIUM,
raca-sushi.xyz,PHISHING_CRYPTO,MEDIUM,
35764012.xyz,PHISHING_CONFIRMED,MEDIUM,
agreview.net,PHISHING_CONFIRMED,MEDIUM,
k4s2t5.lat,PHISHING_CONFIRMED,MEDIUM,
4rcwe3.wiki,PHISHING_CONFIRMED,MEDIUM,
airdropvelvet.xyz,PHISHING_CRYPTO,MEDIUM,
deficonnects.com,PHISHING_CRYPTO,MEDIUM,
odenvision.org,PHISHING_CONFIRMED,MEDIUM,
asto-sushi.xyz,PHISHING_CRYPTO,MEDIUM,
debuggfix.xyz,PHISHING_CRYPTO,MEDIUM,
lokalna-oferta3123.sbs,PHISHING_CONFIRMED,MEDIUM,
b35ggg.com,PHISHING_CONFIRMED,MEDIUM,
panguzy.com,PHISHING_CONFIRMED,MEDIUM,
oufengcake.com,PHISHING_CONFIRMED,MEDIUM,
moraonlineshop.com,PHISHING_CONFIRMED,MEDIUM,
k3nzww.icu,PHISHING_CONFIRMED,MEDIUM,
webprotocolverify.website,PHISHING_CRYPTO,MEDIUM,
cqlongjian.com,PHISHING_CONFIRMED,MEDIUM,
openspotify.help,PHISHING_CONFIRMED,MEDIUM,
accountcarehub.com,PHISHING_CRYPTO,MEDIUM,
2617xvp.hair,PHISHING_CONFIRMED,MEDIUM,
metamask.services,PHISHING_CRYPTO,MEDIUM,
opsuperchain.xyz,PHISHING_CRYPTO,MEDIUM,
cloudautonomics.info,PHISHING_CONFIRMED,MEDIUM,
sbr-sushi.xyz,PHISHING_CRYPTO,MEDIUM,
aler-t-lcloud.help,PHISHING_CONFIRMED,MEDIUM,
app-aave.fun,PHISHING_CRYPTO,MEDIUM,
firstledger.live,PHISHING_CRYPTO,MEDIUM,
slot777wallets.org,PHISHING_CRYPTO,MEDIUM,
yge6tgrr3.lat,PHISHING_CONFIRMED,MEDIUM,
sportshopplsdasdsada.sbs,PHISHING_CONFIRMED,MEDIUM,
vatandassorgu.info,PHISHING_CONFIRMED,MEDIUM,
findmy-mxn-login.support,PHISHING_CONFIRMED,MEDIUM,
taxasatualiza.sbs,PHISHING_CONFIRMED,MEDIUM,
chalnlist.org,PHISHING_CRYPTO,MEDIUM,
mathecheckahhh.net,PHISHING_CONFIRMED,MEDIUM,
migration-dioneprotocols.com,PHISHING_CRYPTO,MEDIUM,
medicaredentalinsurance.com,PHISHING_CONFIRMED,MEDIUM,
obslugaklientaspotify.help,PHISHING_CONFIRMED,MEDIUM,
ozgedik.com,PHISHING_CONFIRMED,MEDIUM,
chalkdream.com,PHISHING_CONFIRMED,MEDIUM,
4ioej43.hair,PHISHING_CONFIRMED,HIGH,
ledger-fix.com,PHISHING_CONFIRMED,MEDIUM,
stalcoston.com,PHISHING_CONFIRMED,MEDIUM,
bet73071.com,PHISHING_CONFIRMED,MEDIUM,
classifiedsearch.info,PHISHING_CONFIRMED,MEDIUM,
taeylan.com,PHISHING_CONFIRMED,MEDIUM,
claimvenom.life,PHISHING_CRYPTO,MEDIUM,
com-z8xr.cfd,PHISHING_CONFIRMED,MEDIUM,
trustwallet.direct,PHISHING_CRYPTO,MEDIUM,
echodstart.pro,PHISHING_CONFIRMED,MEDIUM,
r4c8k5.sbs,PHISHING_CONFIRMED,MEDIUM,
myappopenspotify.help,PHISHING_CONFIRMED,MEDIUM,
wlfi-hub.xyz,PHISHING_CRYPTO,MEDIUM,
68473120.xyz,PHISHING_CONFIRMED,MEDIUM,
trackingxfm.life,PHISHING_CONFIRMED,MEDIUM,
10938274.xyz,PHISHING_CONFIRMED,MEDIUM,
thewoodlandsfacts.info,PHISHING_CONFIRMED,MEDIUM,
rivalz-network.xyz,PHISHING_CRYPTO,MEDIUM,
m6k0e4.lat,PHISHING_CONFIRMED,MEDIUM,
cracksplanet.com,PHISHING_CONFIRMED,MEDIUM,
trekpleister1.sbs,PHISHING_CONFIRMED,MEDIUM,
sisugida.com,PHISHING_CONFIRMED,MEDIUM,
socialdemokrat.info,PHISHING_CONFIRMED,MEDIUM,
64732805.xyz,PHISHING_CONFIRMED,MEDIUM,
cryptoallatars.lol,PHISHING_CRYPTO,MEDIUM,
restake-puffer.finance,PHISHING_CRYPTO,MEDIUM,
royalcoininvest.org,PHISHING_CRYPTO,MEDIUM,
homladiscount.com,PHISHING_CONFIRMED,MEDIUM,
dogen-evm-claim.click,PHISHING_CRYPTO,MEDIUM,
appsuperchamps.com,PHISHING_CRYPTO,MEDIUM,
interbankperu.net,PHISHING_CONFIRMED,MEDIUM,
gx4vrf.sbs,PHISHING_CONFIRMED,HIGH,
53ger53.lol,PHISHING_CONFIRMED,MEDIUM,
k4m7x2.cfd,PHISHING_CONFIRMED,MEDIUM,
metamask.help,PHISHING_CRYPTO,MEDIUM,
nodes-rectifications.com,PHISHING_CRYPTO,MEDIUM,
cryptsecurepro.xyz,PHISHING_CRYPTO,MEDIUM,
apple-br.com,PHISHING_CONFIRMED,MEDIUM,
multiweb3servers.com,PHISHING_CRYPTO,MEDIUM,
walletconnectusdt.click,PHISHING_CRYPTO,MEDIUM,
shootingstarscis.icu,PHISHING_CONFIRMED,MEDIUM,
serviceihn.cyou,PHISHING_CONFIRMED,MEDIUM,
servicesjp.boats,PHISHING_CONFIRMED,MEDIUM,
vulcanauthentication.xyz,PHISHING_CRYPTO,MEDIUM,
bet73058.com,PHISHING_CONFIRMED,MEDIUM,
ahjsmd.com,PHISHING_CONFIRMED,MEDIUM,
app-resolv.xyz,PHISHING_CRYPTO,MEDIUM,
mailtrxdisneyplus.help,PHISHING_CONFIRMED,MEDIUM,
salivuse.info,PHISHING_CONFIRMED,MEDIUM,
hashtaglist.info,PHISHING_CONFIRMED,MEDIUM,
correspondenciaonline.com,PHISHING_CONFIRMED,MEDIUM,
ko1rfu.lat,PHISHING_CONFIRMED,MEDIUM,
grandharborwire.com,PHISHING_CONFIRMED,MEDIUM,
ud7zna.casa,PHISHING_CONFIRMED,MEDIUM,
90583716.xyz,PHISHING_CONFIRMED,MEDIUM,
ixs-sushi.cfd,PHISHING_CRYPTO,MEDIUM,
playzap-games.icu,PHISHING_CRYPTO,MEDIUM,
jamzhu.com,PHISHING_CONFIRMED,MEDIUM,
26480173.xyz,PHISHING_CONFIRMED,MEDIUM,
kahvdkas.xyz,PHISHING_CONFIRMED,MEDIUM,
n9h7k2.lat,PHISHING_CONFIRMED,MEDIUM,
worldmobilecoin.com,PHISHING_CRYPTO,MEDIUM,
arbitrum.best,PHISHING_CRYPTO,MEDIUM,
mainhubfix.help,PHISHING_CRYPTO,MEDIUM,
f8wvpb.sbs,PHISHING_CONFIRMED,MEDIUM,
myethereallet.com,PHISHING_CRYPTO,MEDIUM,
infoplharbor.info,PHISHING_CONFIRMED,MEDIUM,
rewards-arbitrum.foundation,PHISHING_CRYPTO,MEDIUM,
securebridge.xyz,PHISHING_CRYPTO,MEDIUM,
validatorconnect.com,PHISHING_CRYPTO,MEDIUM,
analiseshojefacil.site,PHISHING_CONFIRMED,MEDIUM,
835sfe.lat,PHISHING_CONFIRMED,MEDIUM,
kawaii-airdrop.com,PHISHING_CRYPTO,MEDIUM,
tuxerc.xyz,PHISHING_CRYPTO,MEDIUM,
velwet.capital,PHISHING_CRYPTO,MEDIUM,
xmw-sushi.xyz,PHISHING_CRYPTO,MEDIUM,
dappssmartconnect.com,PHISHING_CRYPTO,MEDIUM,
hyperliquid-2025.com,PHISHING_CRYPTO,MEDIUM,
eobuwieshoe.sbs,PHISHING_CONFIRMED,MEDIUM,
communitydexsphere.online,PHISHING_CRYPTO,MEDIUM,
ephemeraldump.pro,PHISHING_CONFIRMED,MEDIUM,
bondex-airdrop.xyz,PHISHING_CRYPTO,MEDIUM,
appsonyx.org,PHISHING_CRYPTO,MEDIUM,
bet365ev.com,PHISHING_CONFIRMED,MEDIUM,
bet73045.com,PHISHING_CONFIRMED,MEDIUM,
bulsis.net,PHISHING_CONFIRMED,MEDIUM,
ethfi-sushi.network,PHISHING_CRYPTO,MEDIUM,
f2hgsi.casa,PHISHING_CONFIRMED,MEDIUM,
taxasnovas.sbs,PHISHING_CONFIRMED,MEDIUM,
h7air4k.hair,PHISHING_CONFIRMED,MEDIUM,
56203914.xyz,PHISHING_CONFIRMED,MEDIUM,
psbglobal.com,PHISHING_CONFIRMED,MEDIUM,
christianartwork.net,PHISHING_CONFIRMED,MEDIUM,
resort2this.com,PHISHING_CONFIRMED,MEDIUM,
q8xt3mn.skin,PHISHING_CONFIRMED,MEDIUM,
investinmadison.info,PHISHING_CONFIRMED,MEDIUM,
babyflokicoins.icu,PHISHING_CRYPTO,MEDIUM,
notesincmedia.com,PHISHING_CONFIRMED,MEDIUM,
scroll-rewards.lol,PHISHING_CRYPTO,MEDIUM,
lanuovalinea.info,PHISHING_CONFIRMED,MEDIUM,
mainnethub.xyz,PHISHING_CRYPTO,MEDIUM,
sysnodechain.app,PHISHING_CRYPTO,MEDIUM,
utah-gov-vr.life,PHISHING_CONFIRMED,MEDIUM,
recta-chians.xyz,PHISHING_CRYPTO,MEDIUM,
gopluslabs.icu,PHISHING_CRYPTO,MEDIUM,
simonscat-claim.online,PHISHING_CRYPTO,MEDIUM,
radiancety.pro,PHISHING_CONFIRMED,MEDIUM,
agrifacts.info,PHISHING_CONFIRMED,MEDIUM,
pojixe59w.help,PHISHING_CONFIRMED,MEDIUM,
antoinettegaudin.info,PHISHING_CONFIRMED,MEDIUM,
64923071.xyz,PHISHING_CONFIRMED,MEDIUM,
memecoinpump.fun,PHISHING_CRYPTO,MEDIUM,
bigbrett.com,PHISHING_CRYPTO,MEDIUM,
app-spectreai.com,PHISHING_CRYPTO,MEDIUM,
e8m1y6.lat,PHISHING_CONFIRMED,MEDIUM,
s2y8p7.sbs,PHISHING_CONFIRMED,MEDIUM,
c0y7q4.lat,PHISHING_CONFIRMED,MEDIUM,
posta-si-pack.lat,PHISHING_CONFIRMED,MEDIUM,
spotifyaktywacja24.help,PHISHING_CONFIRMED,MEDIUM,
ticketingcenter-app.com,PHISHING_CRYPTO,MEDIUM,
teatre-billets-my.com,PHISHING_CONFIRMED,MEDIUM,
78513492.xyz,PHISHING_CONFIRMED,MEDIUM,
davasorgutr.org,PHISHING_CONFIRMED,MEDIUM,
38ewu3.skin,PHISHING_CONFIRMED,MEDIUM,
denial-coinbase.com,PHISHING_CRYPTO,MEDIUM,
eatsupermarket.xyz,PHISHING_CRYPTO,MEDIUM,
blockdagnetworkapps.live,PHISHING_CRYPTO,MEDIUM,
rebevengwas.com,PHISHING_CONFIRMED,MEDIUM,
nsehotresi.icu,PHISHING_CONFIRMED,MEDIUM,
airdrops-soniclabs.org,PHISHING_CRYPTO,MEDIUM,
checksea.sbs,PHISHING_CRYPTO,MEDIUM,
1425167728584.xyz,PHISHING_CONFIRMED,MEDIUM,
1kruidvat.com,PHISHING_CONFIRMED,MEDIUM,
okcoins.net,PHISHING_CRYPTO,MEDIUM,
bridgeice.lol,PHISHING_CRYPTO,MEDIUM,
downthepines.info,PHISHING_CONFIRMED,MEDIUM,
pknoid.info,PHISHING_CONFIRMED,MEDIUM,
mindnetwork-agent.xyz,PHISHING_CRYPTO,MEDIUM,
official-carv.com,PHISHING_CRYPTO,MEDIUM,
coinvatlimited.com,PHISHING_CRYPTO,MEDIUM,
feministbibliography.net,PHISHING_CONFIRMED,MEDIUM,
z6bkzs.cfd,PHISHING_CONFIRMED,MEDIUM,
23647098.xyz,PHISHING_CONFIRMED,MEDIUM,
q2rv.com,PHISHING_CRYPTO,MEDIUM,
encontrar-gps.help,PHISHING_CONFIRMED,MEDIUM,
bunkerhilltrading.info,PHISHING_CONFIRMED,MEDIUM,
firststaketrack.com,PHISHING_CRYPTO,MEDIUM,
thrusretr.finance,PHISHING_CRYPTO,MEDIUM,
dappradar-freedrop.lol,PHISHING_CRYPTO,MEDIUM,
nodedatahex.com,PHISHING_CRYPTO,MEDIUM,
solvprotocol-foundation.com,PHISHING_CRYPTO,MEDIUM,
instantfundingpropfirms.site,PHISHING_CONFIRMED,MEDIUM,
proveedordepersianas.com,PHISHING_CONFIRMED,MEDIUM,
serviceaxg.hair,PHISHING_CONFIRMED,MEDIUM,
97542063.xyz,PHISHING_CONFIRMED,MEDIUM,
claims-celestia.org,PHISHING_CRYPTO,MEDIUM,
r2xz8mn.skin,PHISHING_CONFIRMED,MEDIUM,
registeredagentsinillinois.com,PHISHING_CONFIRMED,MEDIUM,
seniorsafesteps.com,PHISHING_CONFIRMED,MEDIUM,
globalyachtcollections.info,PHISHING_CONFIRMED,MEDIUM,
gq4jtu.casa,PHISHING_CONFIRMED,MEDIUM,
utah-gov-az.life,PHISHING_CONFIRMED,MEDIUM,
aqhygg.com,PHISHING_CONFIRMED,MEDIUM,
documentspreviewlibrary.click,PHISHING_CONFIRMED,MEDIUM,
postcana.sbs,PHISHING_CONFIRMED,MEDIUM,
coinwebdapp.xyz,PHISHING_CRYPTO,MEDIUM,
walletconnectdapps.online,PHISHING_CRYPTO,MEDIUM,
edgedecentralized.network,PHISHING_CRYPTO,MEDIUM,
cocacolanigera.com,PHISHING_CRYPTO,MEDIUM,
elpasosundogs.info,PHISHING_CONFIRMED,MEDIUM,
airsian.xyz,PHISHING_CRYPTO,MEDIUM,
allbio.link,PHISHING_CONFIRMED,HIGH,
alokazay.com,PHISHING_CONFIRMED,MEDIUM,
30475568.xyz,PHISHING_CONFIRMED,MEDIUM,
ponid.sbs,PHISHING_CONFIRMED,MEDIUM,
dexsmaker.com,PHISHING_CRYPTO,MEDIUM,
designuniversal.info,PHISHING_CONFIRMED,MEDIUM,
hanmanwx.com,PHISHING_CONFIRMED,MEDIUM,
aygfjs.com,PHISHING_CONFIRMED,MEDIUM,
instatechfix.live,PHISHING_CRYPTO,MEDIUM,
superzoo.sbs,PHISHING_CONFIRMED,MEDIUM,
all-deal.com,PHISHING_CONFIRMED,MEDIUM,
trackingtgm.life,PHISHING_CONFIRMED,MEDIUM,
tk-douglas.xyz,PHISHING_CONFIRMED,MEDIUM,
defixenchain.online,PHISHING_CRYPTO,MEDIUM,
48376519.xyz,PHISHING_CONFIRMED,MEDIUM,
ugftgx.info,PHISHING_CONFIRMED,MEDIUM,
claim-humafinance.com,PHISHING_CRYPTO,MEDIUM,
cow-sushi.cfd,PHISHING_CRYPTO,MEDIUM,
h1c6m4.lol,PHISHING_CONFIRMED,MEDIUM,
ndtconcepts.com,PHISHING_CONFIRMED,MEDIUM,
distribution-blockfi.com,PHISHING_CRYPTO,MEDIUM,
thruseter.finance,PHISHING_CRYPTO,MEDIUM,
maskweb3resolvealgorithm.com,PHISHING_CRYPTO,MEDIUM,
acomconsultants.com,PHISHING_CONFIRMED,MEDIUM,
paymentweb.info,PHISHING_CONFIRMED,MEDIUM,
venomnetwork.life,PHISHING_CRYPTO,MEDIUM,
claimtomax.lol,PHISHING_CRYPTO,MEDIUM,
reconnecthub.network,PHISHING_CRYPTO,MEDIUM,
fernando-ros.com,PHISHING_CONFIRMED,MEDIUM,
4hi4j3j.skin,PHISHING_CONFIRMED,MEDIUM,
hoppys.xyz,PHISHING_CRYPTO,MEDIUM,
bunot.info,PHISHING_CONFIRMED,MEDIUM,
uganda-sugar.net,PHISHING_CONFIRMED,MEDIUM,
ton-airdrop.com,PHISHING_CRYPTO,MEDIUM,
t4r0h5.sbs,PHISHING_CONFIRMED,MEDIUM,
mobile-in.site,PHISHING_CRYPTO,MEDIUM,
ineffabletop.pro,PHISHING_CONFIRMED,MEDIUM,
pharaohexhcenge.org,PHISHING_CRYPTO,MEDIUM,
hpkaainer.biz,PHISHING_CONFIRMED,MEDIUM,
syncauthentication.online,PHISHING_CRYPTO,MEDIUM,
thorchain-dapps.live,PHISHING_CRYPTO,MEDIUM,
gplus-net.info,PHISHING_CRYPTO,MEDIUM,
p3q1n7.lat,PHISHING_CONFIRMED,MEDIUM,
multidapperweb3.org,PHISHING_CRYPTO,MEDIUM,
5wg35te.lat,PHISHING_CONFIRMED,MEDIUM,
lucdigitholm.com,PHISHING_CONFIRMED,MEDIUM,
syncpanel-resolve.dev,PHISHING_CRYPTO,MEDIUM,
airdrop-solvfoundation.com,PHISHING_CRYPTO,MEDIUM,
coinbase-claim.com,PHISHING_CRYPTO,MEDIUM,
servicedyj.boats,PHISHING_CONFIRMED,MEDIUM,
8jee6ge.lol,PHISHING_CONFIRMED,MEDIUM,
lnq-sushi.cfd,PHISHING_CRYPTO,MEDIUM,
chainbridging.xyz,PHISHING_CRYPTO,MEDIUM,
timestare.info,PHISHING_CONFIRMED,MEDIUM,
etfswaps-v2.com,PHISHING_CRYPTO,MEDIUM,
flroge.xyz,PHISHING_CRYPTO,MEDIUM,
8wy6tgw.lat,PHISHING_CONFIRMED,MEDIUM,
23597641.xyz,PHISHING_CONFIRMED,MEDIUM,
9qn2xmv.skin,PHISHING_CONFIRMED,MEDIUM,
myetherwalmlet.com,PHISHING_CRYPTO,MEDIUM,
31905784.xyz,PHISHING_CONFIRMED,MEDIUM,
jupiterclaim.xyz,PHISHING_CRYPTO,MEDIUM,
bet83038.com,PHISHING_CONFIRMED,MEDIUM,
dogs-ton.sbs,PHISHING_CRYPTO,MEDIUM,
bet73072.com,PHISHING_CONFIRMED,MEDIUM,
promptflow.click,PHISHING_CONFIRMED,MEDIUM,
reward-zkml.net,PHISHING_CRYPTO,MEDIUM,
bet73038.com,PHISHING_CONFIRMED,MEDIUM,
s9v4y6.cfd,PHISHING_CONFIRMED,MEDIUM,
serviceapx.hair,PHISHING_CONFIRMED,MEDIUM,
airdrop-toshi.com,PHISHING_CRYPTO,MEDIUM,
83j4yhr.lat,PHISHING_CONFIRMED,MEDIUM,
servicescp.boats,PHISHING_CONFIRMED,MEDIUM,
defilaunchpads.lol,PHISHING_CRYPTO,MEDIUM,
coinconnectwallet.com,PHISHING_CONFIRMED,MEDIUM,
foltcrestresources.com,PHISHING_CONFIRMED,MEDIUM,
claim-lavanetwork.com,PHISHING_CRYPTO,MEDIUM,
gendang88.com,PHISHING_CONFIRMED,MEDIUM,
multiblockrectification.com,PHISHING_CRYPTO,MEDIUM,
dapp-fractionai.xyz,PHISHING_CRYPTO,MEDIUM,
securedappunlock.com,PHISHING_CRYPTO,MEDIUM,
thuenhahoitui.info,PHISHING_CONFIRMED,MEDIUM,
lb1vso.sbs,PHISHING_CONFIRMED,MEDIUM,
gsmyhl.com,PHISHING_CONFIRMED,MEDIUM,
royalpapersmart.com,PHISHING_CONFIRMED,MEDIUM,
40678983.xyz,PHISHING_CONFIRMED,MEDIUM,
pdo-application.com,PHISHING_CONFIRMED,MEDIUM,
recoveryassistdev.com,PHISHING_CRYPTO,MEDIUM,
p7y8k4.lat,PHISHING_CONFIRMED,MEDIUM,
l1k8c4.lat,PHISHING_CONFIRMED,MEDIUM,
claim-yooldo.com,PHISHING_CRYPTO,MEDIUM,
x5m8r1.sbs,PHISHING_CONFIRMED,MEDIUM,
iusasuspst.xyz,PHISHING_CONFIRMED,MEDIUM,
solvapp-finance.com,PHISHING_CRYPTO,MEDIUM,
58269714.xyz,PHISHING_CONFIRMED,MEDIUM,
reprogrammation-mondial.com,PHISHING_CONFIRMED,MEDIUM,
quaiairdrop.xyz,PHISHING_CRYPTO,MEDIUM,
claims-movementnetwork.lol,PHISHING_CRYPTO,MEDIUM,
registeredagentsinohio.com,PHISHING_CONFIRMED,MEDIUM,
securemultidapp.xyz,PHISHING_CRYPTO,MEDIUM,
realionetwork.info,PHISHING_CRYPTO,MEDIUM,
virtuals.claims,PHISHING_CRYPTO,MEDIUM,
hommspl.com,PHISHING_CONFIRMED,MEDIUM,
connect-whiterockpay.lol,PHISHING_CRYPTO,MEDIUM,
brenovialaq.pro,PHISHING_CONFIRMED,MEDIUM,
horizonnodeless.info,PHISHING_CONFIRMED,MEDIUM,
quantumsecurityledgernetwork.com,PHISHING_CRYPTO,MEDIUM,
nodeactive.site,PHISHING_CRYPTO,MEDIUM,
z7blzj.casa,PHISHING_CONFIRMED,MEDIUM,
votes-kinza.app,PHISHING_CRYPTO,MEDIUM,
sheim-vipstart.sbs,PHISHING_CONFIRMED,MEDIUM,
smyk-free.com,PHISHING_CONFIRMED,MEDIUM,
cryptomainetapps.com,PHISHING_CRYPTO,MEDIUM,
dailyfreshless.info,PHISHING_CONFIRMED,MEDIUM,
savingspot.help,PHISHING_CONFIRMED,MEDIUM,
cashbackworld.help,PHISHING_CONFIRMED,MEDIUM,
freedurov.xyz,PHISHING_CRYPTO,MEDIUM,
d7p1a5.cfd,PHISHING_CONFIRMED,MEDIUM,
growthsgnal.xyz,PHISHING_CONFIRMED,MEDIUM,
denstalk.com,PHISHING_CONFIRMED,MEDIUM,
app-cedefimanta.xyz,PHISHING_CRYPTO,MEDIUM,
imtokenoi.com,PHISHING_CONFIRMED,MEDIUM,
nenceweb.com,PHISHING_CRYPTO,MEDIUM,
pusatdaihatsusurabaya.com,PHISHING_CONFIRMED,MEDIUM,
adtekz.com,PHISHING_CONFIRMED,MEDIUM,
servsave.com,PHISHING_CONFIRMED,MEDIUM,
51463907.xyz,PHISHING_CONFIRMED,MEDIUM,
v1vdjg.lat,PHISHING_CONFIRMED,MEDIUM,
airdrop-loomsync.org,PHISHING_CRYPTO,MEDIUM,
4p4ork4.hair,PHISHING_CONFIRMED,MEDIUM,
puzzlemania-0g.xyz,PHISHING_CRYPTO,MEDIUM,
merlinswap.tools,PHISHING_CRYPTO,MEDIUM,
prodigybnk.com,PHISHING_CONFIRMED,MEDIUM,
shumaker.info,PHISHING_CONFIRMED,MEDIUM,
45wfwt.rest,PHISHING_CONFIRMED,MEDIUM,
thevidentis.info,PHISHING_CONFIRMED,MEDIUM,
jelajah138.com,PHISHING_CONFIRMED,MEDIUM,
alcazar-moon.xyz,PHISHING_CRYPTO,MEDIUM,
getblums.com,PHISHING_CRYPTO,MEDIUM,
guirojuncor.info,PHISHING_CONFIRMED,MEDIUM,
interstitialzone.com,PHISHING_CONFIRMED,MEDIUM,
betterphoto.biz,PHISHING_CONFIRMED,MEDIUM,
k7x2y3.lat,PHISHING_CONFIRMED,MEDIUM,
memendex.live,PHISHING_CRYPTO,MEDIUM,
bztlxx.com,PHISHING_CONFIRMED,MEDIUM,
newslinqaq.com,PHISHING_CONFIRMED,MEDIUM,
silverstandrd.xyz,PHISHING_CRYPTO,MEDIUM,
nddex24.com,PHISHING_CRYPTO,MEDIUM,
btcetftokens.net,PHISHING_CRYPTO,MEDIUM,
5tf35rej.lat,PHISHING_CONFIRMED,MEDIUM,
c3b5t1.lat,PHISHING_CONFIRMED,MEDIUM,
a8qhs.wiki,PHISHING_CONFIRMED,MEDIUM,
trackinggdc.life,PHISHING_CONFIRMED,MEDIUM,
van9ri.lat,PHISHING_CONFIRMED,MEDIUM,
predictone.net,PHISHING_CRYPTO,MEDIUM,
architecturaladbdesign.com,PHISHING_CONFIRMED,MEDIUM,
03ue6te.lol,PHISHING_CONFIRMED,MEDIUM,
dione-protocol.info,PHISHING_CRYPTO,MEDIUM,
84613015.xyz,PHISHING_CONFIRMED,MEDIUM,
brokowski.info,PHISHING_CONFIRMED,MEDIUM,
kharyscrib.com,PHISHING_CONFIRMED,MEDIUM,
airdrop-korprotocol.com,PHISHING_CRYPTO,MEDIUM,
bet73055.com,PHISHING_CONFIRMED,MEDIUM,
etherflip.org,PHISHING_CRYPTO,MEDIUM,
diamondtradingfx.com,PHISHING_CRYPTO,MEDIUM,
melaniamemecoins.com,PHISHING_CRYPTO,MEDIUM,
foucusgardenpromocja.com,PHISHING_CONFIRMED,MEDIUM,
app-revert-finance.xyz,PHISHING_CRYPTO,MEDIUM,
rivercrestfocus.info,PHISHING_CONFIRMED,MEDIUM,
daaoz-pl.sbs,PHISHING_CONFIRMED,MEDIUM,
leadpushs.com,PHISHING_CONFIRMED,MEDIUM,
53981726.xyz,PHISHING_CONFIRMED,MEDIUM,
port3.pro,PHISHING_CRYPTO,MEDIUM,
trmaliye.org,PHISHING_CONFIRMED,MEDIUM,
ht2frt3.lat,PHISHING_CONFIRMED,MEDIUM,
claims-saharalabs.com,PHISHING_CRYPTO,MEDIUM,
4t0pt2.skin,PHISHING_CONFIRMED,MEDIUM,
qal3ro.lat,PHISHING_CONFIRMED,MEDIUM,
li7eak.cfd,PHISHING_CONFIRMED,MEDIUM,
m4c0x2.lat,PHISHING_CONFIRMED,MEDIUM,
i9n7c4.sbs,PHISHING_CONFIRMED,MEDIUM,
ledger-tool.info,PHISHING_CRYPTO,MEDIUM,
wcdapp.lol,PHISHING_CRYPTO,MEDIUM,
mel8ix.lat,PHISHING_CONFIRMED,MEDIUM,
8wueydt6.lol,PHISHING_CONFIRMED,MEDIUM,
c1n7h0.lat,PHISHING_CONFIRMED,MEDIUM,
52wumei.com,PHISHING_CONFIRMED,MEDIUM,
servicelhq.quest,PHISHING_CONFIRMED,MEDIUM,
v2x6m1.lat,PHISHING_CONFIRMED,MEDIUM,
metagalaxy-migration.click,PHISHING_CRYPTO,MEDIUM,
web-dapp.lol,PHISHING_CRYPTO,MEDIUM,
60187432.xyz,PHISHING_CONFIRMED,MEDIUM,
assistclientcard.info,PHISHING_CONFIRMED,MEDIUM,
q2vr9mx.qpon,PHISHING_CONFIRMED,MEDIUM,
teoured.info,PHISHING_CONFIRMED,MEDIUM,
militaria-freesale.com,PHISHING_CONFIRMED,MEDIUM,
adm668.com,PHISHING_CONFIRMED,MEDIUM,
gasfoundationi.dev,PHISHING_CRYPTO,MEDIUM,
claim-dappradar.com,PHISHING_CRYPTO,MEDIUM,
freemtllc.com,PHISHING_CONFIRMED,MEDIUM,
web3dappserver.com,PHISHING_CRYPTO,MEDIUM,
achario.com,PHISHING_CONFIRMED,MEDIUM,
montclairgso.com,PHISHING_CONFIRMED,MEDIUM,
crypweb3networks.com,PHISHING_CRYPTO,MEDIUM,
smartdappfix.com,PHISHING_CRYPTO,MEDIUM,
ahmif.org,PHISHING_CONFIRMED,MEDIUM,
x7ufsv.boats,PHISHING_CONFIRMED,MEDIUM,
rheumatoidarthritispedia.com,PHISHING_CONFIRMED,MEDIUM,
cosibella-pl1.sbs,PHISHING_CONFIRMED,MEDIUM,
whiterockreward.lol,PHISHING_CRYPTO,MEDIUM,
oneclickapp.tech,PHISHING_CONFIRMED,MEDIUM,
lgcieniksenv.info,PHISHING_CONFIRMED,MEDIUM,
nbzmkm.com,PHISHING_CONFIRMED,MEDIUM,
hyperliqiud.com,PHISHING_CRYPTO,MEDIUM,
zambia-sugar.net,PHISHING_CONFIRMED,MEDIUM,
lizefscc.com,PHISHING_CONFIRMED,MEDIUM,
39eye32.lol,PHISHING_CONFIRMED,MEDIUM,
migration-piayzap.games,PHISHING_CRYPTO,MEDIUM,
dappsintegration.icu,PHISHING_CRYPTO,MEDIUM,
saitachaintool.info,PHISHING_CRYPTO,MEDIUM,
74198620.xyz,PHISHING_CONFIRMED,MEDIUM,
a8n1m5.lat,PHISHING_CONFIRMED,MEDIUM,
staking-story.foundation,PHISHING_CRYPTO,MEDIUM,
brasilbg.com,PHISHING_CONFIRMED,MEDIUM,
serviceyuj.hair,PHISHING_CONFIRMED,MEDIUM,
lcloudlostmx.com,PHISHING_CONFIRMED,MEDIUM,
auspostac.world,PHISHING_CONFIRMED,MEDIUM,
insulbus.com,PHISHING_CONFIRMED,MEDIUM,
trustpad-pv.com,PHISHING_CRYPTO,MEDIUM,
2b2n3b.hair,PHISHING_CONFIRMED,HIGH,
f8m4sw.lol,PHISHING_CONFIRMED,MEDIUM,
bubblemaps-connect.com,PHISHING_CRYPTO,MEDIUM,
synthetixeth.com,PHISHING_CRYPTO,MEDIUM,
ethisaf.xyz,PHISHING_CRYPTO,MEDIUM,
dioneprotocol.dev,PHISHING_CRYPTO,MEDIUM,
debugmainnets.online,PHISHING_CRYPTO,MEDIUM,
hrdecision.info,PHISHING_CONFIRMED,MEDIUM,
g2x9p6.cfd,PHISHING_CONFIRMED,MEDIUM,
vortexlabless.info,PHISHING_CONFIRMED,MEDIUM,
r9wt2kp.hair,PHISHING_CONFIRMED,MEDIUM,
landlordsgopher.info,PHISHING_CONFIRMED,MEDIUM,
swiperightcard.com,PHISHING_CONFIRMED,MEDIUM,
bi-stroke-award.com,PHISHING_CONFIRMED,MEDIUM,
webdefisavertools.live,PHISHING_CRYPTO,MEDIUM,
83jettge.lat,PHISHING_CONFIRMED,MEDIUM,
trackingxhg.life,PHISHING_CONFIRMED,MEDIUM,
clbconthe.net,PHISHING_CONFIRMED,MEDIUM,
proposals-pancakswap.finance,PHISHING_CRYPTO,MEDIUM,
traviona.info,PHISHING_CONFIRMED,MEDIUM,
portal-zerolend.net,PHISHING_CRYPTO,MEDIUM,
heygous43t.xyz,PHISHING_CRYPTO,MEDIUM,
23691875.xyz,PHISHING_CONFIRMED,MEDIUM,
t1b6n5.cfd,PHISHING_CONFIRMED,MEDIUM,
gmail-app.click,PHISHING_CONFIRMED,MEDIUM,
wienerdg.xyz,PHISHING_CRYPTO,MEDIUM,
wallet-validate.com,PHISHING_CRYPTO,MEDIUM,
id-com.help,PHISHING_CONFIRMED,MEDIUM,
2t2ft2.skin,PHISHING_CONFIRMED,MEDIUM,
trendfocusora24.pro,PHISHING_CONFIRMED,MEDIUM,
t4k5p1.sbs,PHISHING_CONFIRMED,MEDIUM,
io-airdrop.site,PHISHING_CRYPTO,MEDIUM,
phala-migration.xyz,PHISHING_CRYPTO,MEDIUM,
datareportshub.com,PHISHING_CRYPTO,MEDIUM,
bridgeblock.xyz,PHISHING_CRYPTO,MEDIUM,
20397856.xyz,PHISHING_CONFIRMED,MEDIUM,
15687094.xyz,PHISHING_CONFIRMED,MEDIUM,
soniclaim.com,PHISHING_CRYPTO,MEDIUM,
dappweb3fix.xyz,PHISHING_CRYPTO,MEDIUM,
helpdesks.live,PHISHING_CRYPTO,MEDIUM,
maliyebilgisorgulama.org,PHISHING_CONFIRMED,MEDIUM,
trackingjda.life,PHISHING_CONFIRMED,MEDIUM,
pelnarioxaa.info,PHISHING_CONFIRMED,MEDIUM,
help-collab.land,PHISHING_CRYPTO,MEDIUM,
honglidaoju.com,PHISHING_CONFIRMED,MEDIUM,
trustwa11t.com,PHISHING_CRYPTO,MEDIUM,
neiroairdrop.com,PHISHING_CRYPTO,MEDIUM,
p2vn8kr.hair,PHISHING_CONFIRMED,MEDIUM,
yj4sjx.sbs,PHISHING_CONFIRMED,MEDIUM,
5k9i5e.skin,PHISHING_CONFIRMED,HIGH,
kkdiqiesklllbew.beer,PHISHING_CONFIRMED,MEDIUM,
cititrustfinance.com,PHISHING_CRYPTO,MEDIUM,
b45094.com,PHISHING_CONFIRMED,MEDIUM,
r1m4v5.lat,PHISHING_CONFIRMED,MEDIUM,
ritualsfiber.com,PHISHING_CONFIRMED,MEDIUM,
moonwellefi.org,PHISHING_CRYPTO,MEDIUM,
buyhitscheap.com,PHISHING_CONFIRMED,MEDIUM,
headquartergeb.com,PHISHING_CONFIRMED,MEDIUM,
sledgerhammer.app,PHISHING_CRYPTO,MEDIUM,
appdefisevar.homes,PHISHING_CRYPTO,MEDIUM,
bet63qq.com,PHISHING_CONFIRMED,MEDIUM,
raiffeisen-sache.vip,PHISHING_CONFIRMED,MEDIUM,
tor2xo.lat,PHISHING_CONFIRMED,MEDIUM,
prosperamundi.info,PHISHING_CONFIRMED,MEDIUM,
padogo.casa,PHISHING_CONFIRMED,MEDIUM,
izoomproject.info,PHISHING_CONFIRMED,MEDIUM,
ics-law.com,PHISHING_CONFIRMED,MEDIUM,
dot4.org,PHISHING_CRYPTO,MEDIUM,
carvioairdrop.xyz,PHISHING_CRYPTO,MEDIUM,
servicecik.cyou,PHISHING_CONFIRMED,MEDIUM,
latestreportzoneiq.pro,PHISHING_CONFIRMED,MEDIUM,
griftdesvarticlelot.dev,PHISHING_CRYPTO,MEDIUM,
officials-pokerdom.online,PHISHING_CRYPTO,MEDIUM,
onenessmineralwater.autos,PHISHING_CONFIRMED,MEDIUM,
cybro-token.click,PHISHING_CRYPTO,MEDIUM,
connecttoresolve.app,PHISHING_CRYPTO,MEDIUM,
validate-ledgerlive.com,PHISHING_CONFIRMED,MEDIUM,
jamaica-sugar.net,PHISHING_CONFIRMED,MEDIUM,
thinklz.info,PHISHING_CONFIRMED,MEDIUM,
krypton-swap.com,PHISHING_CRYPTO,MEDIUM,
6whge.garden,PHISHING_CONFIRMED,MEDIUM,
7h3te3g.lat,PHISHING_CONFIRMED,MEDIUM,
believe-xionburn.com,PHISHING_CRYPTO,MEDIUM,
thrustcer.finance,PHISHING_CRYPTO,MEDIUM,
web3veil.com,PHISHING_CRYPTO,MEDIUM,
relay.mba,PHISHING_CRYPTO,MEDIUM,
coinmonal.com,PHISHING_CONFIRMED,MEDIUM,
discord-collab.land,PHISHING_CRYPTO,MEDIUM,
ldo-sushi.pro,PHISHING_CRYPTO,MEDIUM,
bitsoft360.website,PHISHING_CRYPTO,MEDIUM,
blockmetrics.com,PHISHING_CONFIRMED,MEDIUM,
cryptoall-stars.click,PHISHING_CRYPTO,MEDIUM,
bluxypos.com,PHISHING_CONFIRMED,MEDIUM,
box-blast.site,PHISHING_CRYPTO,MEDIUM,
64217830.xyz,PHISHING_CONFIRMED,MEDIUM,
dpdlocali-zdg.bond,PHISHING_CONFIRMED,MEDIUM,
ej3zus.sbs,PHISHING_CONFIRMED,MEDIUM,
esteekay.info,PHISHING_CONFIRMED,MEDIUM,
bet73042.com,PHISHING_CONFIRMED,MEDIUM,
rapidcoins.pro,PHISHING_CRYPTO,MEDIUM,
zerleon.com,PHISHING_CRYPTO,MEDIUM,
nubemark.com,PHISHING_CONFIRMED,MEDIUM,
unlswap.lol,PHISHING_CRYPTO,MEDIUM,
app-thruster.finance,PHISHING_CRYPTO,MEDIUM,
83241670.xyz,PHISHING_CONFIRMED,MEDIUM,
hmhblt.com,PHISHING_CONFIRMED,MEDIUM,
eobuwie-plsale.sbs,PHISHING_CONFIRMED,MEDIUM,
mmicu.com,PHISHING_CONFIRMED,MEDIUM,
coinbasewallet-backup.com,PHISHING_CRYPTO,MEDIUM,
cheems-sushi.pro,PHISHING_CRYPTO,MEDIUM,
servicegps.hair,PHISHING_CONFIRMED,MEDIUM,
biltvavo-dashboard.pro,PHISHING_CONFIRMED,MEDIUM,
dpdlocali-kca.bond,PHISHING_CONFIRMED,MEDIUM,
52947183.xyz,PHISHING_CONFIRMED,MEDIUM,
acorncapitalltd.com,PHISHING_CRYPTO,MEDIUM,
teamfinance.app,PHISHING_CRYPTO,MEDIUM,
23t34wrf3.lat,PHISHING_CONFIRMED,MEDIUM,
v9qk4pr.hair,PHISHING_CONFIRMED,MEDIUM,
goodsidaho.com,PHISHING_CONFIRMED,MEDIUM,
app-renzoprotocols.network,PHISHING_CRYPTO,MEDIUM,
unshackled.network,PHISHING_CRYPTO,MEDIUM,
myethwallet.com,PHISHING_CRYPTO,MEDIUM,
hub-node.icu,PHISHING_CRYPTO,MEDIUM,
aaranlodge.com,PHISHING_CONFIRMED,MEDIUM,
authlogindocusign.net,PHISHING_CONFIRMED,MEDIUM,
eth-defi.life,PHISHING_CRYPTO,MEDIUM,
91210-coinbase.com,PHISHING_CONFIRMED,MEDIUM,
layer3-marketplace.net,PHISHING_CRYPTO,MEDIUM,
tech-blockchaindrive.com,PHISHING_CRYPTO,MEDIUM,
velvetairdrop.xyz,PHISHING_CRYPTO,MEDIUM,
vlvclaim.xyz,PHISHING_CRYPTO,MEDIUM,
ak-dijitaljuzdan.cyou,PHISHING_CONFIRMED,MEDIUM,
trustpad-il.com,PHISHING_CRYPTO,MEDIUM,
fitnesguide.info,PHISHING_CONFIRMED,MEDIUM,
free-smyk.com,PHISHING_CONFIRMED,MEDIUM,
visiongcraft.info,PHISHING_CONFIRMED,MEDIUM,
guardamlrhino.com,PHISHING_CRYPTO,MEDIUM,
1058zra.hair,PHISHING_CONFIRMED,MEDIUM,
85710642.xyz,PHISHING_CONFIRMED,MEDIUM,
ptechnic.org,PHISHING_CONFIRMED,MEDIUM,
i3vdaw.cfd,PHISHING_CONFIRMED,MEDIUM,
3986eryyd.lat,PHISHING_CONFIRMED,MEDIUM,
bnyazil.com,PHISHING_CONFIRMED,MEDIUM,
cyclenetwork-airdrop.xyz,PHISHING_CRYPTO,MEDIUM,
bahishastasipro.net,PHISHING_CONFIRMED,MEDIUM,
novaconnect.online,PHISHING_CRYPTO,MEDIUM,
lusciousdetox.info,PHISHING_CONFIRMED,MEDIUM,
8wrk3pv.hair,PHISHING_CONFIRMED,MEDIUM,
1551122.com,PHISHING_CONFIRMED,MEDIUM,
lysow.com,PHISHING_CONFIRMED,MEDIUM,
myspotifypomoc.help,PHISHING_CONFIRMED,MEDIUM,
k9qwfl.qpon,PHISHING_CONFIRMED,MEDIUM,
paperclip-agency.com,PHISHING_CONFIRMED,MEDIUM,
xon4ri.lat,PHISHING_CONFIRMED,MEDIUM,
p5xz9mq.skin,PHISHING_CONFIRMED,MEDIUM,
salesfromscratch.net,PHISHING_CONFIRMED,MEDIUM,
hub-getshiba.com,PHISHING_CRYPTO,MEDIUM,
sellfchains.xyz,PHISHING_CRYPTO,MEDIUM,
angelcardshop.com,PHISHING_CONFIRMED,MEDIUM,
7whwet.lat,PHISHING_CONFIRMED,MEDIUM,
lightningbull.com,PHISHING_CONFIRMED,MEDIUM,
etherivista.com,PHISHING_CRYPTO,MEDIUM,
nodemainnet.com,PHISHING_CRYPTO,MEDIUM,
claremuldaur.com,PHISHING_CONFIRMED,MEDIUM,
thawan-duchanee.com,PHISHING_CONFIRMED,MEDIUM,
odintoken.lol,PHISHING_CRYPTO,MEDIUM,
mulichainr.com,PHISHING_CRYPTO,MEDIUM,
airdrop-catizen.lol,PHISHING_CRYPTO,MEDIUM,
tzcsrj.com,PHISHING_CONFIRMED,MEDIUM,
icloud-la.com,PHISHING_CONFIRMED,MEDIUM,
layer3-marketplace.xyz,PHISHING_CRYPTO,MEDIUM,
networkitcnetworkmo.com,PHISHING_CRYPTO,MEDIUM,
swellnetwork-airdrop.life,PHISHING_CRYPTO,MEDIUM,
pro-decentralized.online,PHISHING_CRYPTO,MEDIUM,
convex-finance.org,PHISHING_CRYPTO,MEDIUM,
1n2b2h.hair,PHISHING_CONFIRMED,MEDIUM,
2g3rf2.hair,PHISHING_CONFIRMED,MEDIUM,
newsflashdump.info,PHISHING_CONFIRMED,MEDIUM,
4vn7zrw.hair,PHISHING_CONFIRMED,MEDIUM,
24870351.xyz,PHISHING_CONFIRMED,MEDIUM,
homlaoffical.com,PHISHING_CONFIRMED,MEDIUM,
ouyi-web3.com,PHISHING_CRYPTO,MEDIUM,
dappdecentralizedconnect.net,PHISHING_CRYPTO,MEDIUM,
v4kr6wn.hair,PHISHING_CONFIRMED,HIGH,
cryptmine.org,PHISHING_CRYPTO,MEDIUM,
277wyww.lol,PHISHING_CONFIRMED,MEDIUM,
tanjungboulevard.com,PHISHING_CONFIRMED,MEDIUM,
neftyartstudio.com,PHISHING_CRYPTO,MEDIUM,
multichainsyncs.xyz,PHISHING_CRYPTO,MEDIUM,
debridgeflnance.org,PHISHING_CRYPTO,MEDIUM,
35710429.xyz,PHISHING_CONFIRMED,MEDIUM,
aiozentry.net,PHISHING_CONFIRMED,MEDIUM,
claimszircuit.com,PHISHING_CRYPTO,MEDIUM,
farm-teamfi.app,PHISHING_CRYPTO,MEDIUM,
eigenproject.xyz,PHISHING_CRYPTO,MEDIUM,
servicezxj.hair,PHISHING_CONFIRMED,MEDIUM,
airdrop-well3.org,PHISHING_CRYPTO,MEDIUM,
nowiggins.info,PHISHING_CONFIRMED,MEDIUM,
twaa.dev,PHISHING_CRYPTO,MEDIUM,
com-n.click,PHISHING_CRYPTO,MEDIUM,
solganthera.pro,PHISHING_CONFIRMED,MEDIUM,
hopecooperation.info,PHISHING_CONFIRMED,MEDIUM,
oldsironesides.com,PHISHING_CONFIRMED,MEDIUM,
uxlinkairdrop.com,PHISHING_CRYPTO,MEDIUM,
metamask.directory,PHISHING_CRYPTO,MEDIUM,
669hhhm.sbs,PHISHING_CONFIRMED,MEDIUM,
gt3coreconnect.com,PHISHING_CRYPTO,MEDIUM,
metamaskwallet.info,PHISHING_CRYPTO,MEDIUM,
servicedc.sbs,PHISHING_CONFIRMED,MEDIUM,
q8xr2mt.skin,PHISHING_CONFIRMED,MEDIUM,
maicoil.com,PHISHING_CONFIRMED,MEDIUM,
iconlab-xm.com,PHISHING_CONFIRMED,MEDIUM,
jeoway.com,PHISHING_CONFIRMED,MEDIUM,
7kp5zrw.hair,PHISHING_CONFIRMED,MEDIUM,
contractnodefix.lol,PHISHING_CRYPTO,MEDIUM,
caury.info,PHISHING_CONFIRMED,MEDIUM,
drop-qdev.xyz,PHISHING_CRYPTO,MEDIUM,
zwisen.info,PHISHING_CONFIRMED,MEDIUM,
net-secure.online,PHISHING_CRYPTO,MEDIUM,
wayfinder-app.xyz,PHISHING_CRYPTO,MEDIUM,
2s11.com,PHISHING_CONFIRMED,MEDIUM,
41629875.xyz,PHISHING_CONFIRMED,MEDIUM,
root--servers.org,PHISHING_CONFIRMED,MEDIUM,
koboitekno.xyz,PHISHING_CONFIRMED,MEDIUM,
moldestooldapp.pro,PHISHING_CRYPTO,MEDIUM,
zypha.xyz,PHISHING_CRYPTO,MEDIUM,
m2y4a7.cfd,PHISHING_CONFIRMED,MEDIUM,
trackingyzb.life,PHISHING_CONFIRMED,MEDIUM,
91840276.xyz,PHISHING_CONFIRMED,MEDIUM,
renzo-claims.xyz,PHISHING_CRYPTO,MEDIUM,
traductionsindigo.info,PHISHING_CONFIRMED,MEDIUM,
p4v1c9.cfd,PHISHING_CONFIRMED,MEDIUM,
zan2ri.lat,PHISHING_CONFIRMED,MEDIUM,
ms-sharepoint-files-download.xyz,PHISHING_CRYPTO,MEDIUM,
6rui78g.hair,PHISHING_CONFIRMED,MEDIUM,
smartdappslink.com,PHISHING_CRYPTO,MEDIUM,
kraken-exchange.com,PHISHING_CRYPTO,MEDIUM,
quests-moonbeam.network,PHISHING_CRYPTO,MEDIUM,
utah-gov-ac.life,PHISHING_CONFIRMED,MEDIUM,
web3arena.net,PHISHING_CRYPTO,MEDIUM,
suhu247.com,PHISHING_CONFIRMED,MEDIUM,
lifedog-claimdrop.xyz,PHISHING_CRYPTO,MEDIUM,
ekvskdkcwkvre.sbs,PHISHING_CONFIRMED,MEDIUM,
pinksale-finance.info,PHISHING_CRYPTO,MEDIUM,
opseceligibility.com,PHISHING_CRYPTO,MEDIUM,
claim-everreachlabs.com,PHISHING_CRYPTO,MEDIUM,
bet63uuu.com,PHISHING_CONFIRMED,MEDIUM,
19283047.xyz,PHISHING_CONFIRMED,MEDIUM,
natix.events,PHISHING_CRYPTO,MEDIUM,
accounts-coinbase.com,PHISHING_CRYPTO,MEDIUM,
6eg6teye.lat,PHISHING_CONFIRMED,MEDIUM,
shortcipher.net,PHISHING_CONFIRMED,MEDIUM,
cfxmarket.live,PHISHING_CONFIRMED,MEDIUM,
instagram-seguridad.com,PHISHING_CONFIRMED,MEDIUM,
zentorialaq.info,PHISHING_CONFIRMED,MEDIUM,
iamarketplace.org,PHISHING_CONFIRMED,MEDIUM,
styleli.com,PHISHING_CONFIRMED,MEDIUM,
dg-pinya.com,PHISHING_CONFIRMED,MEDIUM,
e-incydent.org,PHISHING_CONFIRMED,MEDIUM,
orbitpaddmigrator.xyz,PHISHING_CRYPTO,MEDIUM,
sideifsiff.info,PHISHING_CONFIRMED,MEDIUM,
b45062.com,PHISHING_CONFIRMED,MEDIUM,
snycwallets.app,PHISHING_CRYPTO,MEDIUM,
inpostfresh.sbs,PHISHING_CONFIRMED,MEDIUM,
flaretrustline.live,PHISHING_CRYPTO,MEDIUM,
6wgfge2.ink,PHISHING_CONFIRMED,MEDIUM,
funlic.org,PHISHING_CONFIRMED,MEDIUM,
novadrophub.com,PHISHING_CRYPTO,MEDIUM,
servicewvi.boats,PHISHING_CONFIRMED,MEDIUM,
callmedic.info,PHISHING_CONFIRMED,MEDIUM,
cpplang.com,PHISHING_CONFIRMED,MEDIUM,
biotechlabandscans.com,PHISHING_CONFIRMED,MEDIUM,
pre-arviall-review.com,PHISHING_CONFIRMED,MEDIUM,
zbu-sushi.xyz,PHISHING_CRYPTO,MEDIUM,
przyjaciki-klockw.cfd,PHISHING_CONFIRMED,MEDIUM,
17469250.xyz,PHISHING_CONFIRMED,MEDIUM,
thunsale.sbs,PHISHING_CONFIRMED,MEDIUM,
dappsonchain.tech,PHISHING_CRYPTO,MEDIUM,
70laohm.sbs,PHISHING_CONFIRMED,MEDIUM,
leadx-group.com,PHISHING_CRYPTO,MEDIUM,
hypercounter.com,PHISHING_CONFIRMED,MEDIUM,
skywin77slot.com,PHISHING_CONFIRMED,MEDIUM,
infopulsaq24.info,PHISHING_CONFIRMED,MEDIUM,
globalstreamiq.info,PHISHING_CONFIRMED,MEDIUM,
smartfixprotocol.xyz,PHISHING_CRYPTO,MEDIUM,
chailnelst.org,PHISHING_CRYPTO,MEDIUM,
appiemx-com.help,PHISHING_CONFIRMED,MEDIUM,
soneium-layer.com,PHISHING_CRYPTO,MEDIUM,
app-sophon.xyz,PHISHING_CRYPTO,MEDIUM,
coingeccko.com,PHISHING_CRYPTO,MEDIUM,
5o5ir8.skin,PHISHING_CONFIRMED,MEDIUM,
best-wallet.xyz,PHISHING_CRYPTO,MEDIUM,
ahjiuren.com,PHISHING_CONFIRMED,MEDIUM,
onlineweb-extension.lol,PHISHING_CRYPTO,MEDIUM,
memegamestoken.live,PHISHING_CRYPTO,MEDIUM,
tk599.vip,PHISHING_CONFIRMED,MEDIUM,
getgrass.foundation,PHISHING_CRYPTO,MEDIUM,
glsgroup.sbs,PHISHING_CONFIRMED,MEDIUM,
flexwerker.info,PHISHING_CONFIRMED,MEDIUM,
www-berachain.network,PHISHING_CRYPTO,MEDIUM,
bridgetoken.xyz,PHISHING_CRYPTO,MEDIUM,
1gf2rt3.hair,PHISHING_CONFIRMED,MEDIUM,
tokensbridger.xyz,PHISHING_CRYPTO,MEDIUM,
finansnytt.info,PHISHING_CONFIRMED,MEDIUM,
to-collab.land,PHISHING_CRYPTO,MEDIUM,
m4pk9xt.skin,PHISHING_CONFIRMED,MEDIUM,
bet73gg.com,PHISHING_CONFIRMED,MEDIUM,
sip999.net,PHISHING_CONFIRMED,MEDIUM,
trust-earning.com,PHISHING_CRYPTO,MEDIUM,
paws-doge.xyz,PHISHING_CRYPTO,MEDIUM,
securityannex.net,PHISHING_CONFIRMED,MEDIUM,
skelegram.com,PHISHING_CONFIRMED,MEDIUM,
utah-gov-co.life,PHISHING_CONFIRMED,MEDIUM,
huzqiang.com,PHISHING_CONFIRMED,MEDIUM,
coineth.info,PHISHING_CRYPTO,MEDIUM,
mentoken-claim.xyz,PHISHING_CRYPTO,MEDIUM,
lawtow.com,PHISHING_CONFIRMED,MEDIUM,
boltchange.com,PHISHING_CRYPTO,MEDIUM,
growthengine.buzz,PHISHING_CONFIRMED,MEDIUM,
0nline-stake-destranetwork.net,PHISHING_CRYPTO,MEDIUM,
ud9uuf.casa,PHISHING_CONFIRMED,MEDIUM,
risk-coinbase.com,PHISHING_CRYPTO,MEDIUM,
webnode-pad.live,PHISHING_CRYPTO,MEDIUM,
delayed-coinbase.com,PHISHING_CRYPTO,MEDIUM,
carv-tokenclaim.xyz,PHISHING_CRYPTO,MEDIUM,
b45hhh.com,PHISHING_CONFIRMED,MEDIUM,
distribution-aave.com,PHISHING_CRYPTO,MEDIUM,
inposts.pics,PHISHING_CONFIRMED,MEDIUM,
decentrasolve.xyz,PHISHING_CRYPTO,MEDIUM,
app-lisk.org,PHISHING_CRYPTO,MEDIUM,
ccc-pl.sbs,PHISHING_CONFIRMED,MEDIUM,
dpdlocali-pmz.bond,PHISHING_CONFIRMED,MEDIUM,
animal-drawings.com,PHISHING_CONFIRMED,MEDIUM,
events-ondo.network,PHISHING_CRYPTO,MEDIUM,
28wus7w.lol,PHISHING_CONFIRMED,MEDIUM,
5wf53tet.lat,PHISHING_CONFIRMED,MEDIUM,
investbriefhubx.info,PHISHING_CONFIRMED,MEDIUM,
4f9ie4k.skin,PHISHING_CONFIRMED,MEDIUM,
ketgioisu.net,PHISHING_CONFIRMED,MEDIUM,
p2y3a6.cfd,PHISHING_CONFIRMED,MEDIUM,
usstampsstore.com,PHISHING_CONFIRMED,MEDIUM,
arabuluculukegm.org,PHISHING_CONFIRMED,MEDIUM,
worldmobiletokens.org,PHISHING_CRYPTO,MEDIUM,
7wr4pkz.skin,PHISHING_CONFIRMED,MEDIUM,
drisentalora.pro,PHISHING_CONFIRMED,MEDIUM,
jvsecurepay.com,PHISHING_CONFIRMED,MEDIUM,
72hywy.work,PHISHING_CONFIRMED,MEDIUM,
fujiyamatreks.com,PHISHING_CONFIRMED,MEDIUM,
gdhjgs.com,PHISHING_CONFIRMED,MEDIUM,
0jsa62jh9s.lat,PHISHING_CONFIRMED,MEDIUM,
b8m6q1.sbs,PHISHING_CONFIRMED,MEDIUM,
xalmoriventaq.info,PHISHING_CONFIRMED,MEDIUM,
blockdagnetwork.help,PHISHING_CRYPTO,MEDIUM,
icloud-os.com,PHISHING_CONFIRMED,MEDIUM,
defidapp.net,PHISHING_CRYPTO,MEDIUM,
novioo.casa,PHISHING_CONFIRMED,MEDIUM,
trustpad-oz.com,PHISHING_CRYPTO,MEDIUM,
rsvp-restaurant.com,PHISHING_CONFIRMED,MEDIUM,
creativesyncsauthorize.xyz,PHISHING_CRYPTO,MEDIUM,
smykoutletspl-sale.sbs,PHISHING_CONFIRMED,MEDIUM,
stakesc.com,PHISHING_CRYPTO,MEDIUM,
vmess.sbs,PHISHING_CONFIRMED,MEDIUM,
1f2t2yty.rest,PHISHING_CONFIRMED,MEDIUM,
atheistz.com,PHISHING_CONFIRMED,MEDIUM,
b35xxx.com,PHISHING_CONFIRMED,MEDIUM,
b25yyy.com,PHISHING_CONFIRMED,MEDIUM,
trackingmtu.life,PHISHING_CONFIRMED,MEDIUM,
cherrytk.com,PHISHING_CONFIRMED,MEDIUM,
airdropelys.network,PHISHING_CRYPTO,MEDIUM,
authstep-booking232.com,PHISHING_CONFIRMED,MEDIUM,
marketwebb.app,PHISHING_CONFIRMED,MEDIUM,
itmademelaugh.com,PHISHING_CONFIRMED,MEDIUM,
encryptedweb3vault.com,PHISHING_CRYPTO,MEDIUM,
uniswapcommunity.com,PHISHING_CRYPTO,MEDIUM,
mpo1000.net,PHISHING_CONFIRMED,MEDIUM,
r2n1c6.lat,PHISHING_CONFIRMED,MEDIUM,
dappschain.net,PHISHING_CRYPTO,MEDIUM,
mycrypto.company,PHISHING_CRYPTO,MEDIUM,
bet9369.com,PHISHING_CONFIRMED,MEDIUM,
sterling-assets.org,PHISHING_CRYPTO,MEDIUM,
qfsworlds.site,PHISHING_CRYPTO,MEDIUM,
r8czzf.sbs,PHISHING_CONFIRMED,MEDIUM,
tomafu.xyz,PHISHING_CRYPTO,MEDIUM,
enchantmentweddings.com,PHISHING_CONFIRMED,MEDIUM,
b45042.com,PHISHING_CONFIRMED,MEDIUM,
17534092.xyz,PHISHING_CONFIRMED,MEDIUM,
folcepri.info,PHISHING_CONFIRMED,MEDIUM,
miansoft.com,PHISHING_CONFIRMED,MEDIUM,
bimsolutionscentre.info,PHISHING_CONFIRMED,MEDIUM,
9wkeyt6.lat,PHISHING_CONFIRMED,MEDIUM,
8wrk4pv.hair,PHISHING_CONFIRMED,MEDIUM,
sup-coinbase.org,PHISHING_CRYPTO,MEDIUM,
58293064.xyz,PHISHING_CONFIRMED,MEDIUM,
flaredump.info,PHISHING_CONFIRMED,MEDIUM,
vindicatelawfirm.com,PHISHING_CONFIRMED,MEDIUM,
medpointye.com,PHISHING_CRYPTO,MEDIUM,
masakdavamtr.org,PHISHING_CONFIRMED,MEDIUM,
dappsquare.xyz,PHISHING_CRYPTO,MEDIUM,
eliteryhub.xyz,PHISHING_CRYPTO,MEDIUM,
curvefi.finance,PHISHING_CRYPTO,MEDIUM,
fq04hm.sbs,PHISHING_CONFIRMED,MEDIUM,
renuous.info,PHISHING_CONFIRMED,MEDIUM,
prod-stpmex.com,PHISHING_CONFIRMED,MEDIUM,
quantumaxisd.pro,PHISHING_CONFIRMED,MEDIUM,
leadfusion.buzz,PHISHING_CONFIRMED,MEDIUM,
miv7ri.lat,PHISHING_CONFIRMED,MEDIUM,
app-venus.org,PHISHING_CRYPTO,MEDIUM,
dannyastudillo-jamesmountain.sbs,PHISHING_CONFIRMED,MEDIUM,
web3onextensions.lol,PHISHING_CRYPTO,MEDIUM,
vir5xa.lat,PHISHING_CONFIRMED,MEDIUM,
wallstreetpepeclaim.xyz,PHISHING_CRYPTO,MEDIUM,
kingsroadmarch.com,PHISHING_CONFIRMED,MEDIUM,
alrdrops.icu,PHISHING_CRYPTO,MEDIUM,
12972864.xyz,PHISHING_CONFIRMED,MEDIUM,
xe-vest.org,PHISHING_CRYPTO,MEDIUM,
zethr.finance,PHISHING_CRYPTO,MEDIUM,
gudang87.net,PHISHING_CONFIRMED,MEDIUM,
dioneprotocol.xyz,PHISHING_CRYPTO,MEDIUM,
teamfinance.live,PHISHING_CRYPTO,MEDIUM,
thenval.net,PHISHING_CONFIRMED,MEDIUM,
web3blockchain.net,PHISHING_CRYPTO,MEDIUM,
coinbase-portal.org,PHISHING_CRYPTO,MEDIUM,
6rskin7.skin,PHISHING_CONFIRMED,MEDIUM,
migrate-enacoin.live,PHISHING_CRYPTO,MEDIUM,
nyetherwallet.com,PHISHING_CRYPTO,MEDIUM,
q4nt9xw.skin,PHISHING_CONFIRMED,HIGH,
webforclaim.live,PHISHING_CRYPTO,MEDIUM,
1k2mj2n.hair,PHISHING_CONFIRMED,MEDIUM,
y4jiva.cfd,PHISHING_CONFIRMED,MEDIUM,
kulvandresfalkbro.info,PHISHING_CONFIRMED,MEDIUM,
swellnetwork-airdrop.xyz,PHISHING_CRYPTO,MEDIUM,
21476089.xyz,PHISHING_CONFIRMED,MEDIUM,
beyondlabelsrva.com,PHISHING_CONFIRMED,MEDIUM,
73641805.xyz,PHISHING_CONFIRMED,MEDIUM,
issueresolutionhq.icu,PHISHING_CRYPTO,MEDIUM,
plasticnail.info,PHISHING_CONFIRMED,MEDIUM,
renolintaqa.com,PHISHING_CONFIRMED,MEDIUM,
nav2ro.lat,PHISHING_CONFIRMED,MEDIUM,
r8d5b1.lat,PHISHING_CONFIRMED,MEDIUM,
bet73023.com,PHISHING_CONFIRMED,MEDIUM,
cryptonainetwork.lol,PHISHING_CRYPTO,MEDIUM,
airdrop-ordelry.network,PHISHING_CRYPTO,MEDIUM,
q7xt5mz.skin,PHISHING_CONFIRMED,MEDIUM,
lcloud-ishop.help,PHISHING_CONFIRMED,MEDIUM,
my-1passwords.com,PHISHING_CRYPTO,MEDIUM,
futurebrightmining.com,PHISHING_CONFIRMED,MEDIUM,
u2c9k6.lat,PHISHING_CONFIRMED,MEDIUM,
ftsowebtools.info,PHISHING_CRYPTO,MEDIUM,
pepipo.com,PHISHING_CONFIRMED,MEDIUM,
ventoralis.info,PHISHING_CONFIRMED,MEDIUM,
burnergeneralstore.info,PHISHING_CONFIRMED,MEDIUM,
1473xzn.hair,PHISHING_CONFIRMED,MEDIUM,
aklmnopqrst.boats,PHISHING_CONFIRMED,MEDIUM,
app-beyond.tech,PHISHING_CRYPTO,MEDIUM,
13579842.xyz,PHISHING_CONFIRMED,MEDIUM,
nodechainyield.com,PHISHING_CRYPTO,MEDIUM,
cryptocentre.media,PHISHING_CRYPTO,MEDIUM,
inpost.sbs,PHISHING_CONFIRMED,MEDIUM,
enpurety.life,PHISHING_CONFIRMED,MEDIUM,
bhauratappa.com,PHISHING_CONFIRMED,MEDIUM,
pinehostel.com,PHISHING_CONFIRMED,MEDIUM,
lalumireparisienne.com,PHISHING_CONFIRMED,MEDIUM,
dappnodeconn-webfix.tech,PHISHING_CRYPTO,MEDIUM,
turbo-sushi.cfd,PHISHING_CRYPTO,MEDIUM,
drrrrmax-it.sbs,PHISHING_CONFIRMED,MEDIUM,
flurnetwork.com,PHISHING_CRYPTO,MEDIUM,
zestprotocol.app,PHISHING_CRYPTO,MEDIUM,
6ey73y.hair,PHISHING_CONFIRMED,HIGH,
kennythtan.com,PHISHING_CONFIRMED,MEDIUM,
securenodeconnect.com,PHISHING_CRYPTO,MEDIUM,
fh6vmj.bond,PHISHING_CONFIRMED,MEDIUM,
antialism.info,PHISHING_CONFIRMED,MEDIUM,
doge-hub.xyz,PHISHING_CRYPTO,MEDIUM,
resyncdappnode.com,PHISHING_CRYPTO,MEDIUM,
exchange-it.com,PHISHING_CONFIRMED,MEDIUM,
r9d1b4.cfd,PHISHING_CONFIRMED,MEDIUM,
couponzone.help,PHISHING_CONFIRMED,MEDIUM,
xfishhusale.sbs,PHISHING_CONFIRMED,MEDIUM,
60485912.xyz,PHISHING_CONFIRMED,MEDIUM,
kavabots.org,PHISHING_CRYPTO,MEDIUM,
adbertize.com,PHISHING_CONFIRMED,MEDIUM,
findcloud.help,PHISHING_CONFIRMED,MEDIUM,
tckamuportal.com,PHISHING_CONFIRMED,MEDIUM,
dappsynthetication.live,PHISHING_CRYPTO,MEDIUM,
2000usdt.com,PHISHING_CRYPTO,MEDIUM,
chanmio.info,PHISHING_CONFIRMED,MEDIUM,
sui-network.xyz,PHISHING_CRYPTO,MEDIUM,
acilrezervasyon.info,PHISHING_CONFIRMED,MEDIUM,
orbitere.finance,PHISHING_CRYPTO,MEDIUM,
proresolverconnect.online,PHISHING_CRYPTO,MEDIUM,
servicelpo.cyou,PHISHING_CONFIRMED,MEDIUM,
0mwyg3.lat,PHISHING_CONFIRMED,MEDIUM,
0assetallocation.com,PHISHING_CRYPTO,MEDIUM,
c8n3h0.cfd,PHISHING_CONFIRMED,MEDIUM,
gc8icj.sbs,PHISHING_CONFIRMED,MEDIUM,
1u2nujw.skin,PHISHING_CONFIRMED,MEDIUM,
superintelligence-rewards.net,PHISHING_CRYPTO,MEDIUM,
5l5vg2.hair,PHISHING_CONFIRMED,MEDIUM,
protect-apple.com,PHISHING_CRYPTO,MEDIUM,
ow8yhp.sbs,PHISHING_CONFIRMED,MEDIUM,
bera-chain.org,PHISHING_CRYPTO,MEDIUM,
airdrops-virtuals.com,PHISHING_CRYPTO,MEDIUM,
defi-wallet.support,PHISHING_CRYPTO,MEDIUM,
unvunvest.xyz,PHISHING_CRYPTO,MEDIUM,
allocation-chaln.link,PHISHING_CRYPTO,MEDIUM,
hub-activator.xyz,PHISHING_CRYPTO,MEDIUM,
fixdapp.icu,PHISHING_CRYPTO,MEDIUM,
servicedsu.boats,PHISHING_CONFIRMED,MEDIUM,
multiweb3schain.com,PHISHING_CRYPTO,MEDIUM,
26359748.xyz,PHISHING_CONFIRMED,MEDIUM,
com-o3u1.sbs,PHISHING_CONFIRMED,MEDIUM,
91476058.xyz,PHISHING_CONFIRMED,MEDIUM,
dappsun.icu,PHISHING_CRYPTO,MEDIUM,
qfsledgers.icu,PHISHING_CRYPTO,MEDIUM,
ethergas.network,PHISHING_CRYPTO,MEDIUM,
luckypinak.com,PHISHING_CONFIRMED,MEDIUM,
62f3t.ink,PHISHING_CONFIRMED,MEDIUM,
49531870.xyz,PHISHING_CONFIRMED,MEDIUM,
a6p7c1.lat,PHISHING_CONFIRMED,MEDIUM,
pilnamajetencja.com,PHISHING_CONFIRMED,MEDIUM,
surf4dollarplus.com,PHISHING_CONFIRMED,MEDIUM,
namebudget.net,PHISHING_CRYPTO,MEDIUM,
best-basedbrett.com,PHISHING_CONFIRMED,MEDIUM,
eobuwievio-pl.com,PHISHING_CONFIRMED,MEDIUM,
dapp-rradar.com,PHISHING_CRYPTO,MEDIUM,
dinairdrop.xyz,PHISHING_CRYPTO,MEDIUM,
glcoud.digital,PHISHING_CONFIRMED,MEDIUM,
duckycoin.lol,PHISHING_CRYPTO,MEDIUM,
v3k2r8.lat,PHISHING_CONFIRMED,MEDIUM,
evenhtorizon.tech,PHISHING_CRYPTO,MEDIUM,
awcfs.org,PHISHING_CONFIRMED,MEDIUM,
resgateautorizado.com,PHISHING_CONFIRMED,MEDIUM,
utah-gov-tn.life,PHISHING_CONFIRMED,MEDIUM,
web3-ledgervault.pro,PHISHING_CRYPTO,MEDIUM,
accessandretrieveprotecteddocuments.online,PHISHING_CONFIRMED,MEDIUM,
prismalinkerty.pro,PHISHING_CONFIRMED,MEDIUM,
captoolsz.com,PHISHING_CONFIRMED,MEDIUM,
bet63a8.com,PHISHING_CONFIRMED,MEDIUM,
x6r1p2.sbs,PHISHING_CONFIRMED,MEDIUM,
toon-families.com,PHISHING_CONFIRMED,MEDIUM,
piresearch.info,PHISHING_CONFIRMED,MEDIUM,
jupiter-rewards.xyz,PHISHING_CRYPTO,MEDIUM,
draceciliazambrano.com,PHISHING_CONFIRMED,MEDIUM,
dosyasorguyap.info,PHISHING_CONFIRMED,MEDIUM,
viacredi-coop.com,PHISHING_CONFIRMED,MEDIUM,
eincydent.org,PHISHING_CONFIRMED,MEDIUM,
paralegalsplus.com,PHISHING_CONFIRMED,MEDIUM,
bet73019.com,PHISHING_CONFIRMED,MEDIUM,
redeem-playzap.app,PHISHING_CRYPTO,MEDIUM,
migratearcv2ai.online,PHISHING_CRYPTO,MEDIUM,
7yhw63t.lat,PHISHING_CONFIRMED,MEDIUM,
m4qx8tn.qpon,PHISHING_CONFIRMED,HIGH,
youareanidiot.cc,PHISHING_CONFIRMED,MEDIUM,
dsney-redirect.online,PHISHING_CONFIRMED,MEDIUM,
integratedfix.online,PHISHING_CRYPTO,MEDIUM,
brenvaloria.pro,PHISHING_CONFIRMED,MEDIUM,
selgros24-pl.sbs,PHISHING_CONFIRMED,MEDIUM,
smartdapplinks.com,PHISHING_CRYPTO,MEDIUM,
fisafe-maroc.com,PHISHING_CONFIRMED,MEDIUM,
selvarina365a.info,PHISHING_CONFIRMED,MEDIUM,
svetnapojov.sbs,PHISHING_CONFIRMED,MEDIUM,
worldtrustbanking.com,PHISHING_CRYPTO,MEDIUM,
by5yyl.cfd,PHISHING_CONFIRMED,MEDIUM,
caw-sushi.pro,PHISHING_CRYPTO,MEDIUM,
euherd3.ink,PHISHING_CONFIRMED,MEDIUM,
6p9ko4.skin,PHISHING_CONFIRMED,MEDIUM,
qsmfp.com,PHISHING_CONFIRMED,MEDIUM,
readwave.help,PHISHING_CONFIRMED,MEDIUM,
helpcenterspotify.help,PHISHING_CONFIRMED,MEDIUM,
season4-chaln.link,PHISHING_CRYPTO,MEDIUM,
5et6gytr.lol,PHISHING_CONFIRMED,MEDIUM,
servicewqf.cyou,PHISHING_CONFIRMED,MEDIUM,
portalactivate.click,PHISHING_CRYPTO,MEDIUM,
chalnlist-v2.org,PHISHING_CRYPTO,MEDIUM,
liingoislands.xyz,PHISHING_CRYPTO,MEDIUM,
tir3no.lat,PHISHING_CONFIRMED,MEDIUM,
militariaplstore.com,PHISHING_CONFIRMED,MEDIUM,
support-mx1.help,PHISHING_CONFIRMED,MEDIUM,
topicbuzz.sbs,PHISHING_CONFIRMED,MEDIUM,
gotripy.com,PHISHING_CONFIRMED,MEDIUM,
z4xr9mt.skin,PHISHING_CONFIRMED,MEDIUM,
rosaceapedia.com,PHISHING_CRYPTO,MEDIUM,
q7mx2pn.skin,PHISHING_CONFIRMED,MEDIUM,
d7emdg.casa,PHISHING_CONFIRMED,MEDIUM,
gamingadexperts.com,PHISHING_CRYPTO,MEDIUM,
eigendrop.xyz,PHISHING_CRYPTO,MEDIUM,
p5wr8kn.hair,PHISHING_CONFIRMED,MEDIUM,
mchermas.icu,PHISHING_CONFIRMED,MEDIUM,
bdagnetworksharez.live,PHISHING_CRYPTO,MEDIUM,
collynwainwright.info,PHISHING_CONFIRMED,MEDIUM,
o3bncx.casa,PHISHING_CONFIRMED,MEDIUM,
hagepo.xyz,PHISHING_CRYPTO,MEDIUM,
actionacceleratoracademy.com,PHISHING_CRYPTO,MEDIUM,
aponcht.info,PHISHING_CONFIRMED,MEDIUM,
tel3ix.lat,PHISHING_CONFIRMED,MEDIUM,
eobuwies.sbs,PHISHING_CONFIRMED,MEDIUM,
onlinebridge.live,PHISHING_CRYPTO,MEDIUM,
ethereasync.com,PHISHING_CRYPTO,MEDIUM,
cc7wlp.qpon,PHISHING_CONFIRMED,MEDIUM,
sov8ra.lat,PHISHING_CONFIRMED,MEDIUM,
immediatevault.com,PHISHING_CRYPTO,MEDIUM,
waltstmemes.com,PHISHING_CRYPTO,MEDIUM,
kaduka.info,PHISHING_CONFIRMED,MEDIUM,
93ywtee.lat,PHISHING_CONFIRMED,MEDIUM,
cosibella-pl.vip,PHISHING_CONFIRMED,MEDIUM,
n3c1h9.lat,PHISHING_CONFIRMED,MEDIUM,
getgrass-foundation.com,PHISHING_CRYPTO,MEDIUM,
rax3ri.lat,PHISHING_CONFIRMED,MEDIUM,
dan7ri.lat,PHISHING_CONFIRMED,MEDIUM,
pepeuchained.com,PHISHING_CRYPTO,MEDIUM,
n3gfml.cfd,PHISHING_CONFIRMED,MEDIUM,
polkadotapps.com,PHISHING_CRYPTO,MEDIUM,
21837465.xyz,PHISHING_CONFIRMED,MEDIUM,
5ye7uy.hair,PHISHING_CONFIRMED,HIGH,
web3safesecure.com,PHISHING_CRYPTO,MEDIUM,
c3r8m0.cfd,PHISHING_CONFIRMED,MEDIUM,
seenpakistan.com,PHISHING_CONFIRMED,MEDIUM,
csyinghua.com,PHISHING_CONFIRMED,MEDIUM,
imellow.finance,PHISHING_CRYPTO,MEDIUM,
unix-coinbase.com,PHISHING_CRYPTO,MEDIUM,
mer8on.lat,PHISHING_CONFIRMED,MEDIUM,
6he74yr.lol,PHISHING_CONFIRMED,MEDIUM,
bobo-sushi.lat,PHISHING_CRYPTO,MEDIUM,
x4mt8qn.skin,PHISHING_CONFIRMED,MEDIUM,
91846275.xyz,PHISHING_CONFIRMED,MEDIUM,
p6hair9.hair,PHISHING_CONFIRMED,MEDIUM,
dapptoolkit.dev,PHISHING_CRYPTO,MEDIUM,
xny-sushi.cfd,PHISHING_CRYPTO,MEDIUM,
sui-drop.xyz,PHISHING_CRYPTO,MEDIUM,
ivaderma.com,PHISHING_CONFIRMED,MEDIUM,
speedtradesoptionx.com,PHISHING_CRYPTO,MEDIUM,
dinlol.click,PHISHING_CRYPTO,MEDIUM,
enterprisechristian.com,PHISHING_CONFIRMED,MEDIUM,
hbbzjy.com,PHISHING_CONFIRMED,MEDIUM,
5wyet6ee.lol,PHISHING_CONFIRMED,MEDIUM,
ditchain.org,PHISHING_CRYPTO,MEDIUM,
bnb-sushi.cfd,PHISHING_CRYPTO,MEDIUM,
atlnes.icu,PHISHING_CONFIRMED,MEDIUM,
pyapi3380.top,PHISHING_CRYPTO,MEDIUM,
8w63twte.lat,PHISHING_CONFIRMED,MEDIUM,
dappnodesync.xyz,PHISHING_CRYPTO,MEDIUM,
9jastudio.com,PHISHING_CONFIRMED,MEDIUM,
moonpad.net,PHISHING_CRYPTO,MEDIUM,
bav3ro.lat,PHISHING_CONFIRMED,MEDIUM,
tabulcrown.info,PHISHING_CONFIRMED,MEDIUM,
claimjup.com,PHISHING_CRYPTO,MEDIUM,
89153704.xyz,PHISHING_CONFIRMED,MEDIUM,
mainnet-contract-bridge.space,PHISHING_CRYPTO,MEDIUM,
z6p7x3.lat,PHISHING_CONFIRMED,MEDIUM,
dev-airdrop.xyz,PHISHING_CRYPTO,MEDIUM,
myetherwaillet.com,PHISHING_CRYPTO,MEDIUM,
3k3lo4i.hair,PHISHING_CONFIRMED,MEDIUM,
changenow.blog,PHISHING_CRYPTO,MEDIUM,
newblex.com,PHISHING_CONFIRMED,MEDIUM,
4je7u3.hair,PHISHING_CONFIRMED,MEDIUM,
87563029.xyz,PHISHING_CONFIRMED,MEDIUM,
xalverionaa.info,PHISHING_CONFIRMED,MEDIUM,
70151683.xyz,PHISHING_CONFIRMED,MEDIUM,
mieletlait.com,PHISHING_CONFIRMED,MEDIUM,
4qfw542.lat,PHISHING_CONFIRMED,MEDIUM,
0-chain.com,PHISHING_CRYPTO,MEDIUM,
9xqm4vz.skin,PHISHING_CONFIRMED,MEDIUM,
claimrewards-cryptocurrency.lol,PHISHING_CRYPTO,MEDIUM,
3u3u3bw.hair,PHISHING_CONFIRMED,MEDIUM,
dapp-1inch.mom,PHISHING_CRYPTO,MEDIUM,
zerolends.net,PHISHING_CRYPTO,MEDIUM,
s0n1h8.lat,PHISHING_CONFIRMED,MEDIUM,
checkermanrta.zone,PHISHING_CRYPTO,MEDIUM,
spotifyprzypomnienieplatnosci.help,PHISHING_CONFIRMED,MEDIUM,
inpostx.pics,PHISHING_CONFIRMED,MEDIUM,
investflowtracker5.pro,PHISHING_CONFIRMED,MEDIUM,
stpeteyouthworks.org,PHISHING_CONFIRMED,MEDIUM,
trackingbef.life,PHISHING_CONFIRMED,MEDIUM,
hebesale-pl.sbs,PHISHING_CONFIRMED,MEDIUM,
tav3ri.cfd,PHISHING_CONFIRMED,MEDIUM,
eee06hm.sbs,PHISHING_CONFIRMED,MEDIUM,
n5s6x8.cfd,PHISHING_CONFIRMED,MEDIUM,
cjlog.com,PHISHING_CONFIRMED,MEDIUM,
atecus.info,PHISHING_CONFIRMED,MEDIUM,
workx-claim.xyz,PHISHING_CRYPTO,MEDIUM,
cudissushi.cfd,PHISHING_CRYPTO,MEDIUM,
germiniportfolio.com,PHISHING_CRYPTO,MEDIUM,
x5mn8qz.skin,PHISHING_CONFIRMED,MEDIUM,
763ye.ink,PHISHING_CONFIRMED,MEDIUM,
coinsonic.org,PHISHING_CRYPTO,MEDIUM,
debijenkorfs.help,PHISHING_CONFIRMED,MEDIUM,
pharaohecxhenge.org,PHISHING_CRYPTO,MEDIUM,
bet63jj.com,PHISHING_CONFIRMED,MEDIUM,
daomaker.cfd,PHISHING_CRYPTO,MEDIUM,
lcloud-loginid.help,PHISHING_CONFIRMED,MEDIUM,
4pornxxx.com,PHISHING_CONFIRMED,MEDIUM,
perolantira24.pro,PHISHING_CONFIRMED,MEDIUM,
quickresolvedapp.lol,PHISHING_CRYPTO,MEDIUM,
dexcheck.icu,PHISHING_CRYPTO,MEDIUM,
tarlequin.com,PHISHING_CRYPTO,MEDIUM,
vedep.xyz,PHISHING_CRYPTO,MEDIUM,
smartsecuredwave.lol,PHISHING_CRYPTO,MEDIUM,
gummyonsol-app.com,PHISHING_CRYPTO,MEDIUM,
72914806.xyz,PHISHING_CONFIRMED,MEDIUM,
grt-sushi.cfd,PHISHING_CRYPTO,MEDIUM,
pl-offers.sbs,PHISHING_CONFIRMED,MEDIUM,
agx.dev,PHISHING_CRYPTO,MEDIUM,
x7mt5qn.skin,PHISHING_CONFIRMED,MEDIUM,
web3quantumledger.com,PHISHING_CRYPTO,MEDIUM,
web3resolvess.com,PHISHING_CRYPTO,MEDIUM,
getclaimz.live,PHISHING_CRYPTO,MEDIUM,
43rtwre.lat,PHISHING_CONFIRMED,MEDIUM,
hm-revenue-custom.com,PHISHING_CONFIRMED,MEDIUM,
e2agpp.pics,PHISHING_CONFIRMED,MEDIUM,
apps-hyperliiquid.xyz,PHISHING_CRYPTO,MEDIUM,
newonlinebizng.info,PHISHING_CONFIRMED,MEDIUM,
claim-velvet.xyz,PHISHING_CRYPTO,MEDIUM,
jupuary-coin.xyz,PHISHING_CRYPTO,MEDIUM,
app-cedefimanta.live,PHISHING_CRYPTO,MEDIUM,
datanovae.click,PHISHING_CONFIRMED,MEDIUM,
debug-yoroiapp.live,PHISHING_CRYPTO,MEDIUM,
bltaddress.org,PHISHING_CRYPTO,HIGH,
utah-gov-gu.life,PHISHING_CONFIRMED,MEDIUM,
designated-alternatedbridge.com,PHISHING_CRYPTO,MEDIUM,
d9ejumd.ink,PHISHING_CONFIRMED,MEDIUM,
romocoffee.net,PHISHING_CONFIRMED,MEDIUM,
73190485.xyz,PHISHING_CONFIRMED,MEDIUM,
axadrez.info,PHISHING_CONFIRMED,MEDIUM,
funcky.info,PHISHING_CONFIRMED,MEDIUM,
envisionxf1n1t1llplkjhgdrtoprocuremasivepayee.online,PHISHING_CONFIRMED,MEDIUM,
trackingqoo.life,PHISHING_CONFIRMED,MEDIUM,
claim-coin.xyz,PHISHING_CRYPTO,MEDIUM,
info-opsec.app,PHISHING_CRYPTO,MEDIUM,
70cenhm.sbs,PHISHING_CONFIRMED,MEDIUM,
sthecoiusdr.cfd,PHISHING_CONFIRMED,MEDIUM,
17469150.xyz,PHISHING_CONFIRMED,MEDIUM,
r1nldy.lat,PHISHING_CONFIRMED,MEDIUM,
noice-sushi.cfd,PHISHING_CRYPTO,MEDIUM,
tealoswap.org,PHISHING_CRYPTO,MEDIUM,
8mz4qxp.skin,PHISHING_CONFIRMED,MEDIUM,
offerhive.help,PHISHING_CONFIRMED,MEDIUM,
cookie-sushi.xyz,PHISHING_CRYPTO,MEDIUM,
contractnodesync.lol,PHISHING_CRYPTO,MEDIUM,
s9wsk6dh.lat,PHISHING_CONFIRMED,MEDIUM,
deflsavers.org,PHISHING_CRYPTO,MEDIUM,
netfreex.click,PHISHING_CONFIRMED,MEDIUM,
duuodu.com,PHISHING_CONFIRMED,MEDIUM,
amar777.net,PHISHING_CONFIRMED,MEDIUM,
7whv83yw.garden,PHISHING_CONFIRMED,MEDIUM,
x9d0qi.lat,PHISHING_CONFIRMED,MEDIUM,
99yh4.com,PHISHING_CONFIRMED,MEDIUM,
dogecoin20.app,PHISHING_CRYPTO,MEDIUM,
k9unta.casa,PHISHING_CONFIRMED,MEDIUM,
sourmath.com,PHISHING_CONFIRMED,MEDIUM,
verification-blockfi.com,PHISHING_CRYPTO,MEDIUM,
migrate-squidgrow.info,PHISHING_CRYPTO,MEDIUM,
claim-airdropzrc.xyz,PHISHING_CRYPTO,MEDIUM,
cattlenotes.info,PHISHING_CONFIRMED,MEDIUM,
triaslabs.dev,PHISHING_CRYPTO,MEDIUM,
blockdagnetworken.live,PHISHING_CRYPTO,MEDIUM,
gasfoundationi.network,PHISHING_CRYPTO,MEDIUM,
martialartstraditions.com,PHISHING_CONFIRMED,MEDIUM,
desparko.com,PHISHING_CRYPTO,MEDIUM,
servicesdg.hair,PHISHING_CONFIRMED,MEDIUM,
pixelstartd.pro,PHISHING_CONFIRMED,MEDIUM,
supercloudedge.network,PHISHING_CRYPTO,MEDIUM,
cleaninsight.xyz,PHISHING_CONFIRMED,MEDIUM,
nft-mintchain.lol,PHISHING_CRYPTO,MEDIUM,
bretspets.info,PHISHING_CONFIRMED,MEDIUM,
zsdaiyun.info,PHISHING_CONFIRMED,MEDIUM,
pls3ikjecdj21xk.sbs,PHISHING_CONFIRMED,MEDIUM,
3158-zs.com,PHISHING_CONFIRMED,MEDIUM,
dappradar-airdrops.com,PHISHING_CRYPTO,MEDIUM,
4tfwret.lat,PHISHING_CONFIRMED,MEDIUM,
thedappsrpc.network,PHISHING_CRYPTO,MEDIUM,
pos-coinbase.com,PHISHING_CRYPTO,MEDIUM,
modnakiecka.sbs,PHISHING_CONFIRMED,MEDIUM,
smartchainsresolve-web.org,PHISHING_CRYPTO,MEDIUM,
web3-moonbeam.com,PHISHING_CRYPTO,MEDIUM,
hub-node.click,PHISHING_CRYPTO,MEDIUM,
z8dwam.qpon,PHISHING_CONFIRMED,MEDIUM,
shimney.info,PHISHING_CONFIRMED,MEDIUM,
spotifydostep24.help,PHISHING_CONFIRMED,MEDIUM,
cbpro-coinbase.com,PHISHING_CRYPTO,MEDIUM,
12gyt3.ink,PHISHING_CONFIRMED,MEDIUM,
kruidvat.help,PHISHING_CONFIRMED,MEDIUM,
synthethicweb3.xyz,PHISHING_CRYPTO,MEDIUM,
al-mal.com,PHISHING_CONFIRMED,MEDIUM,
rivalz-project.org,PHISHING_CRYPTO,MEDIUM,
smyksalecom.sbs,PHISHING_CONFIRMED,MEDIUM,
webalgorithmresolvedapp.com,PHISHING_CRYPTO,MEDIUM,
allchainsnetworkappsynchr.lol,PHISHING_CRYPTO,MEDIUM,
7pt3vkz.hair,PHISHING_CONFIRMED,MEDIUM,
khoancaythep.com,PHISHING_CONFIRMED,MEDIUM,
utah-gov-bh.life,PHISHING_CONFIRMED,MEDIUM,
2146xrm.hair,PHISHING_CONFIRMED,MEDIUM,
natweblink.online,PHISHING_CRYPTO,MEDIUM,
app-fren-pet.xyz,PHISHING_CRYPTO,MEDIUM,
h9k4c2.cfd,PHISHING_CONFIRMED,MEDIUM,
intellidrug.info,PHISHING_CONFIRMED,MEDIUM,
webdefisavetools.live,PHISHING_CRYPTO,MEDIUM,
velvetclaim.xyz,PHISHING_CRYPTO,MEDIUM,
noventarionyx.pro,PHISHING_CONFIRMED,MEDIUM,
zicruit-l3.com,PHISHING_CRYPTO,MEDIUM,
53086947.xyz,PHISHING_CONFIRMED,MEDIUM,
orochi-network.xyz,PHISHING_CRYPTO,MEDIUM,
trump-center.net,PHISHING_CONFIRMED,MEDIUM,
0lxcoop.sbs,PHISHING_CONFIRMED,MEDIUM,
enternasyonalforum.net,PHISHING_CONFIRMED,MEDIUM,
4k45ijk.skin,PHISHING_CONFIRMED,MEDIUM,
neurorx.info,PHISHING_CONFIRMED,MEDIUM,
ticketsupportapp.com,PHISHING_CRYPTO,MEDIUM,
airdrop-ordrely.network,PHISHING_CRYPTO,MEDIUM,
q2n5r0.cfd,PHISHING_CONFIRMED,MEDIUM,
finxquantumsystem.com,PHISHING_CRYPTO,MEDIUM,
liqiaoftc.com,PHISHING_CONFIRMED,MEDIUM,
lido-airdrop.info,PHISHING_CRYPTO,MEDIUM,
bghirurg.info,PHISHING_CONFIRMED,MEDIUM,
tsakeland.com,PHISHING_CRYPTO,MEDIUM,
35871290.xyz,PHISHING_CONFIRMED,MEDIUM,
codeofme.info,PHISHING_CONFIRMED,MEDIUM,
1584mwn.ink,PHISHING_CONFIRMED,MEDIUM,
neiros.xyz,PHISHING_CRYPTO,MEDIUM,
elroitec.com,PHISHING_CONFIRMED,MEDIUM,
82jw763.lat,PHISHING_CONFIRMED,MEDIUM,
decspoat.sbs,PHISHING_CONFIRMED,MEDIUM,
assetpoiint.xyz,PHISHING_CONFIRMED,MEDIUM,
ezebrapl.help,PHISHING_CONFIRMED,MEDIUM,
bet73024.com,PHISHING_CONFIRMED,MEDIUM,
mesolutes.com,PHISHING_CRYPTO,MEDIUM,
ke1vwf.lat,PHISHING_CONFIRMED,MEDIUM,
x0h9v6.lat,PHISHING_CONFIRMED,MEDIUM,
eavo.xyz,PHISHING_CRYPTO,MEDIUM,
1dqrdrwr5.lol,PHISHING_CONFIRMED,MEDIUM,
allypaylite.com,PHISHING_CONFIRMED,MEDIUM,
chinatransferfilm.com,PHISHING_CONFIRMED,MEDIUM,
myetherwalliet.com,PHISHING_CRYPTO,MEDIUM,
authenvironment.com,PHISHING_CONFIRMED,MEDIUM,
cryptophonesupport.com,PHISHING_CRYPTO,MEDIUM,
matemask.sbs,PHISHING_CONFIRMED,MEDIUM,
85320647.xyz,PHISHING_CONFIRMED,MEDIUM,
airdrop-thrusterfinance.life,PHISHING_CRYPTO,MEDIUM,
immediatesafeleak.autos,PHISHING_CONFIRMED,MEDIUM,
73657a.com,PHISHING_CONFIRMED,MEDIUM,
luckygram.cash,PHISHING_CONFIRMED,MEDIUM,
2byh3v4.lat,PHISHING_CONFIRMED,MEDIUM,
ipissbgroup.com,PHISHING_CONFIRMED,MEDIUM,
web3nex.net,PHISHING_CRYPTO,MEDIUM,
b35www.com,PHISHING_CONFIRMED,MEDIUM,
jupde9it.info,PHISHING_CRYPTO,MEDIUM,
traster.finance,PHISHING_CRYPTO,MEDIUM,
polaritytherapycounseling.com,PHISHING_CONFIRMED,MEDIUM,
tokendapphub.xyz,PHISHING_CRYPTO,MEDIUM,
app-sollayer.icu,PHISHING_CRYPTO,MEDIUM,
marsclaim.online,PHISHING_CRYPTO,MEDIUM,
access-legendtrading.com,PHISHING_CRYPTO,MEDIUM,
investinsightgridx.info,PHISHING_CONFIRMED,MEDIUM,
gys-fr.com,PHISHING_CONFIRMED,MEDIUM,
dungviec.info,PHISHING_CONFIRMED,MEDIUM,
trustwalletmining.com,PHISHING_CRYPTO,MEDIUM,
bet73039.com,PHISHING_CONFIRMED,MEDIUM,
airdrop-mythos.foundation,PHISHING_CRYPTO,MEDIUM,
corev3-secure-b4df72d1-ff44b36-ae57.network,PHISHING_CRYPTO,MEDIUM,
dealz3.qpon,PHISHING_CONFIRMED,MEDIUM,
insightlane.help,PHISHING_CONFIRMED,MEDIUM,
contactsupportspotify.help,PHISHING_CONFIRMED,MEDIUM,
treesquared.info,PHISHING_CONFIRMED,MEDIUM,
74562138.xyz,PHISHING_CONFIRMED,MEDIUM,
toppix.qpon,PHISHING_CONFIRMED,MEDIUM,
87uwte.ink,PHISHING_CONFIRMED,MEDIUM,
0kwu3.ink,PHISHING_CONFIRMED,MEDIUM,
app-swellnetworks.lol,PHISHING_CRYPTO,MEDIUM,
helpdesck.xyz,PHISHING_CONFIRMED,MEDIUM,
859524.xyz,PHISHING_CONFIRMED,MEDIUM,
rel2ix.lat,PHISHING_CONFIRMED,MEDIUM,
tealeswap.org,PHISHING_CRYPTO,MEDIUM,
appeonyx.org,PHISHING_CRYPTO,MEDIUM,
a5g9pe.sbs,PHISHING_CONFIRMED,MEDIUM,
op-mobile.com,PHISHING_CONFIRMED,MEDIUM,
lmeow-sushi.cfd,PHISHING_CRYPTO,MEDIUM,
95143026.xyz,PHISHING_CONFIRMED,MEDIUM,
smyk-sales.com,PHISHING_CONFIRMED,MEDIUM,
servicegsp.quest,PHISHING_CONFIRMED,MEDIUM,
zb7npf.casa,PHISHING_CONFIRMED,MEDIUM,
m9x5r1.cfd,PHISHING_CONFIRMED,MEDIUM,
in-post.buzz,PHISHING_CONFIRMED,MEDIUM,
3xt9mkv.skin,PHISHING_CONFIRMED,HIGH,
polygon-marketplace.com,PHISHING_CRYPTO,MEDIUM,
dolcegabbana1.com,PHISHING_CONFIRMED,MEDIUM,
30617582.xyz,PHISHING_CONFIRMED,MEDIUM,
k5kxhb.sbs,PHISHING_CONFIRMED,MEDIUM,
jysk-meble.sbs,PHISHING_CONFIRMED,MEDIUM,
anioped.info,PHISHING_CONFIRMED,MEDIUM,
bignoseinc.info,PHISHING_CONFIRMED,MEDIUM,
eos-vaultamigration.com,PHISHING_CRYPTO,MEDIUM,
kickthebucketnow.info,PHISHING_CONFIRMED,MEDIUM,
s2v9a5.cfd,PHISHING_CONFIRMED,MEDIUM,
dorightvaliantly.info,PHISHING_CONFIRMED,MEDIUM,
swapmoyan.com,PHISHING_CRYPTO,MEDIUM,
dappsresolver.lol,PHISHING_CRYPTO,MEDIUM,
dexaloto.org,PHISHING_CRYPTO,MEDIUM,
ledgerhardwallet.xyz,PHISHING_CRYPTO,MEDIUM,
7wt2rkp.hair,PHISHING_CONFIRMED,MEDIUM,
oguzbk.com,PHISHING_CONFIRMED,MEDIUM,
lovelyswap.site,PHISHING_CRYPTO,MEDIUM,
91064275.xyz,PHISHING_CONFIRMED,MEDIUM,
turinter.info,PHISHING_CONFIRMED,MEDIUM,
cryptervault.com,PHISHING_CRYPTO,MEDIUM,
airdrop-neirocoin.xyz,PHISHING_CRYPTO,MEDIUM,
tut-sushi.xyz,PHISHING_CRYPTO,MEDIUM,
startuplane.buzz,PHISHING_CONFIRMED,MEDIUM,
find-mi-located.cfd,PHISHING_CONFIRMED,MEDIUM,
excellencerooterandplumbing.com,PHISHING_CONFIRMED,MEDIUM,
metamaskex.com,PHISHING_CRYPTO,MEDIUM,
69135028.xyz,PHISHING_CONFIRMED,MEDIUM,
cryptsecurehub.xyz,PHISHING_CRYPTO,MEDIUM,
59137482.xyz,PHISHING_CONFIRMED,MEDIUM,
n4y6v8.cfd,PHISHING_CONFIRMED,MEDIUM,
amininstitute.com,PHISHING_CONFIRMED,MEDIUM,
84752039.xyz,PHISHING_CONFIRMED,MEDIUM,
g2t6532gg.ink,PHISHING_CONFIRMED,MEDIUM,
liquidethereum.org,PHISHING_CRYPTO,MEDIUM,
rockysite.net,PHISHING_CONFIRMED,MEDIUM,
marketgameland.com,PHISHING_CONFIRMED,MEDIUM,
airdrop-sonic-game.xyz,PHISHING_CRYPTO,MEDIUM,
procuredepartments.sbs,PHISHING_CONFIRMED,MEDIUM,
markix.qpon,PHISHING_CONFIRMED,MEDIUM,
t6n1m3.lat,PHISHING_CONFIRMED,MEDIUM,
92h3he.lat,PHISHING_CONFIRMED,MEDIUM,
cowswap.net,PHISHING_CRYPTO,MEDIUM,
rheadao.finance,PHISHING_CRYPTO,MEDIUM,
41827369.xyz,PHISHING_CONFIRMED,MEDIUM,
oflai.com,PHISHING_CONFIRMED,MEDIUM,
servicecno.boats,PHISHING_CONFIRMED,MEDIUM,
digitaldriversuk.com,PHISHING_CONFIRMED,MEDIUM,
renzoprotcocol.xyz,PHISHING_CRYPTO,MEDIUM,
phone-i.icu,PHISHING_CONFIRMED,MEDIUM,
b35iii.com,PHISHING_CONFIRMED,MEDIUM,
kuchari.info,PHISHING_CONFIRMED,MEDIUM,
quickclaimtexhdexs.lol,PHISHING_CRYPTO,MEDIUM,
newsadsppush.com,PHISHING_CONFIRMED,MEDIUM,
79541820.xyz,PHISHING_CONFIRMED,MEDIUM,
bet83080.com,PHISHING_CONFIRMED,MEDIUM,
gl9sqj.sbs,PHISHING_CONFIRMED,MEDIUM,
max168slot.net,PHISHING_CONFIRMED,MEDIUM,
zootravel.com,PHISHING_CONFIRMED,MEDIUM,
4lorl45u.skin,PHISHING_CONFIRMED,MEDIUM,
a72b389.cfd,PHISHING_CONFIRMED,MEDIUM,
73154096.xyz,PHISHING_CONFIRMED,MEDIUM,
webconnectdefi.xyz,PHISHING_CRYPTO,MEDIUM,
ravix7.lat,PHISHING_CONFIRMED,MEDIUM,
kmsauto.info,PHISHING_CONFIRMED,MEDIUM,
x5mq7zr.skin,PHISHING_CONFIRMED,MEDIUM,
24dqrew.lol,PHISHING_CONFIRMED,MEDIUM,
wickbots.com,PHISHING_CRYPTO,MEDIUM,
86157429.xyz,PHISHING_CONFIRMED,MEDIUM,
9key64e.lol,PHISHING_CONFIRMED,MEDIUM,
activatesmartchain.online,PHISHING_CRYPTO,MEDIUM,
czysty-fondewnik.org,PHISHING_CONFIRMED,MEDIUM,
clouddocusigns.com,PHISHING_CONFIRMED,MEDIUM,
facturatie-odido.sbs,PHISHING_CONFIRMED,MEDIUM,
shiryo-migrationtool.info,PHISHING_CRYPTO,MEDIUM,
4wge6td.lat,PHISHING_CONFIRMED,MEDIUM,
27651940.xyz,PHISHING_CONFIRMED,MEDIUM,
ezebrafr-eur.sbs,PHISHING_CONFIRMED,MEDIUM,
boyco-beraichaines.xyz,PHISHING_CRYPTO,MEDIUM,
82utwt2.lat,PHISHING_CONFIRMED,MEDIUM,
toolsforslamoption.lol,PHISHING_CRYPTO,MEDIUM,
watch-youtube.com,PHISHING_CRYPTO,MEDIUM,
rewards-story-foundatlon.lol,PHISHING_CRYPTO,MEDIUM,
registeredagentsinlouisiana.com,PHISHING_CONFIRMED,MEDIUM,
raydium.sbs,PHISHING_CRYPTO,MEDIUM,
codeified.info,PHISHING_CONFIRMED,MEDIUM,
homlaoficjalny.com,PHISHING_CONFIRMED,MEDIUM,
evm-resolve.xyz,PHISHING_CRYPTO,MEDIUM,
helpdesk-jetblue.com,PHISHING_CONFIRMED,MEDIUM,
hyper-eligibility.com,PHISHING_CRYPTO,MEDIUM,
r-gol.sbs,PHISHING_CONFIRMED,MEDIUM,
zelvico.info,PHISHING_CONFIRMED,MEDIUM,
tag-home.buzz,PHISHING_CONFIRMED,MEDIUM,
z7mv4xt.qpon,PHISHING_CONFIRMED,MEDIUM,
coinnoderepositorydapp.xyz,PHISHING_CRYPTO,MEDIUM,
fixed-loat.net,PHISHING_CRYPTO,MEDIUM,
czujny-wardownia-pl.com,PHISHING_CONFIRMED,MEDIUM,
trackingmxv.life,PHISHING_CONFIRMED,MEDIUM,
vista-sushi.cfd,PHISHING_CRYPTO,MEDIUM,
safemoon-token.lol,PHISHING_CRYPTO,MEDIUM,
m2z8qxn.skin,PHISHING_CONFIRMED,MEDIUM,
networkbridging.xyz,PHISHING_CRYPTO,MEDIUM,
centralbriefora365.pro,PHISHING_CONFIRMED,MEDIUM,
filfox-exporter.app,PHISHING_CRYPTO,MEDIUM,
jupag.xyz,PHISHING_CRYPTO,MEDIUM,
testnetbridge.xyz,PHISHING_CRYPTO,MEDIUM,
metamaskvip.com,PHISHING_CRYPTO,HIGH,
support-spotify.help,PHISHING_CONFIRMED,MEDIUM,
jscount.com,PHISHING_CONFIRMED,MEDIUM,
73280941.xyz,PHISHING_CONFIRMED,MEDIUM,
orion-legal.com,PHISHING_CONFIRMED,MEDIUM,
stratstaking.com,PHISHING_CONFIRMED,MEDIUM,
brainers-dappradar.com,PHISHING_CRYPTO,MEDIUM,
wisemonkyairdrop.live,PHISHING_CRYPTO,MEDIUM,
homlapromocjes.com,PHISHING_CONFIRMED,MEDIUM,
5wy36w.hair,PHISHING_CONFIRMED,HIGH,
bet7363.com,PHISHING_CONFIRMED,MEDIUM,
innermirror.org,PHISHING_CONFIRMED,MEDIUM,
finance-boaster.com,PHISHING_CRYPTO,MEDIUM,
multichaind.org,PHISHING_CRYPTO,MEDIUM,
diamante-claimsreward.xyz,PHISHING_CRYPTO,MEDIUM,
tangemdashboard.help,PHISHING_CRYPTO,MEDIUM,
qfsglobal.site,PHISHING_CRYPTO,MEDIUM,
textmykids.com,PHISHING_CONFIRMED,MEDIUM,
b45xxx.com,PHISHING_CONFIRMED,MEDIUM,
lanck.info,PHISHING_CONFIRMED,MEDIUM,
cangnanhotel.com,PHISHING_CONFIRMED,MEDIUM,
drvninsurance.com,PHISHING_CONFIRMED,MEDIUM,
avao.xyz,PHISHING_CRYPTO,MEDIUM,
gepwrco.org,PHISHING_CONFIRMED,MEDIUM,
foreflightlicense.com,PHISHING_CONFIRMED,MEDIUM,
rewards-thesandbox.com,PHISHING_CRYPTO,MEDIUM,
mint-hypers.com,PHISHING_CRYPTO,MEDIUM,
sushi-floki.xyz,PHISHING_CRYPTO,MEDIUM,
pancakeswape.com,PHISHING_CRYPTO,MEDIUM,
287uwy2.lol,PHISHING_CONFIRMED,MEDIUM,
a7y1ht.lol,PHISHING_CONFIRMED,MEDIUM,
seamint.org,PHISHING_CRYPTO,MEDIUM,
parasideco.com,PHISHING_CONFIRMED,MEDIUM,
bdzdfc.com,PHISHING_CONFIRMED,MEDIUM,
uniswap-exchange.click,PHISHING_CRYPTO,MEDIUM,
aave-sushi.pro,PHISHING_CRYPTO,MEDIUM,
falloutsix.com,PHISHING_CONFIRMED,MEDIUM,
info-customers.com,PHISHING_CONFIRMED,MEDIUM,
sapien-sushi.cfd,PHISHING_CRYPTO,MEDIUM,
servicezmw.sbs,PHISHING_CONFIRMED,MEDIUM,
lem3ri.lat,PHISHING_CONFIRMED,MEDIUM,
zone-telechargement-albums.com,PHISHING_CONFIRMED,MEDIUM,
365304.com,PHISHING_CONFIRMED,MEDIUM,
ralphed.info,PHISHING_CONFIRMED,MEDIUM,
87426578.com,PHISHING_CONFIRMED,MEDIUM,
p5y6s9.cfd,PHISHING_CONFIRMED,MEDIUM,
googlew.com,PHISHING_CONFIRMED,MEDIUM,
shybyshumaila.com,PHISHING_CONFIRMED,MEDIUM,
b8p9k5.cfd,PHISHING_CONFIRMED,MEDIUM,
claim-tevaera.net,PHISHING_CRYPTO,MEDIUM,
98zhihm.sbs,PHISHING_CONFIRMED,MEDIUM,
andy-sushi.cfd,PHISHING_CRYPTO,MEDIUM,
dobby-arena-sentient.lol,PHISHING_CRYPTO,MEDIUM,
inpostl.lol,PHISHING_CONFIRMED,MEDIUM,
9wjh3y6g.lol,PHISHING_CONFIRMED,MEDIUM,
1ft2t3.lat,PHISHING_CONFIRMED,MEDIUM,
myshiba.net,PHISHING_CRYPTO,MEDIUM,
bridge-babydoge.com,PHISHING_CRYPTO,MEDIUM,
e3vlpj.mom,PHISHING_CONFIRMED,MEDIUM,
denominations.info,PHISHING_CONFIRMED,MEDIUM,
oakorn.com,PHISHING_CONFIRMED,MEDIUM,
70826541.xyz,PHISHING_CONFIRMED,MEDIUM,
blockchainsphere.click,PHISHING_CRYPTO,MEDIUM,
i3bppf.cfd,PHISHING_CONFIRMED,MEDIUM,
3y4ye5.skin,PHISHING_CONFIRMED,HIGH,
predictone-medium.com,PHISHING_CRYPTO,MEDIUM,
allisweb.com,PHISHING_CONFIRMED,MEDIUM,
annawatch.com,PHISHING_CONFIRMED,MEDIUM,
21948673.xyz,PHISHING_CONFIRMED,MEDIUM,
mapas-localizacion.cfd,PHISHING_CONFIRMED,MEDIUM,
lswbuy.com,PHISHING_CONFIRMED,MEDIUM,
servicepxe.cyou,PHISHING_CONFIRMED,MEDIUM,
andyue.com,PHISHING_CONFIRMED,MEDIUM,
servicehqm.cyou,PHISHING_CONFIRMED,MEDIUM,
freekids.world,PHISHING_CONFIRMED,MEDIUM,
88hhbuy.com,PHISHING_CONFIRMED,MEDIUM,
work-claim.xyz,PHISHING_CRYPTO,MEDIUM,
7602xwr.ink,PHISHING_CONFIRMED,MEDIUM,
mogairdrops.com,PHISHING_CRYPTO,MEDIUM,
cozy15.casa,PHISHING_CONFIRMED,MEDIUM,
8wjh35.lat,PHISHING_CONFIRMED,MEDIUM,
86013292.xyz,PHISHING_CONFIRMED,MEDIUM,
bet5133.com,PHISHING_CONFIRMED,MEDIUM,
thurseter.finance,PHISHING_CRYPTO,MEDIUM,
registeredagentsintexas.com,PHISHING_CONFIRMED,MEDIUM,
intelligentalarmsystem.com,PHISHING_CONFIRMED,MEDIUM,
nnllw.info,PHISHING_CONFIRMED,MEDIUM,
red-i.help,PHISHING_CONFIRMED,MEDIUM,
fisc-gouv.info,PHISHING_CONFIRMED,MEDIUM,
46793108.xyz,PHISHING_CONFIRMED,MEDIUM,
0psec.computer,PHISHING_CRYPTO,MEDIUM,
dapphyperliquid.xyz,PHISHING_CRYPTO,MEDIUM,
glm-sushi.xyz,PHISHING_CRYPTO,MEDIUM,
1ink.cc,PHISHING_CONFIRMED,MEDIUM,
gabcdefhij.click,PHISHING_CONFIRMED,MEDIUM,
benchmarx.info,PHISHING_CONFIRMED,MEDIUM,
servicecpr.cyou,PHISHING_CONFIRMED,MEDIUM,
6eyt3teg.lat,PHISHING_CONFIRMED,MEDIUM,
9933gg.net,PHISHING_CONFIRMED,MEDIUM,
v3auth.com,PHISHING_CRYPTO,MEDIUM,
crosschainchange.xyz,PHISHING_CRYPTO,MEDIUM,
tsuka-migrate.xyz,PHISHING_CRYPTO,MEDIUM,
bearnet-chain.xyz,PHISHING_CRYPTO,MEDIUM,
schweizr-sbb-cffd38.mom,PHISHING_CONFIRMED,MEDIUM,
adestrade.com,PHISHING_CRYPTO,MEDIUM,
jybyzf.com,PHISHING_CONFIRMED,MEDIUM,
serviceskw.hair,PHISHING_CONFIRMED,MEDIUM,
dpdlocali-vcv.bond,PHISHING_CONFIRMED,MEDIUM,
airdrop-radar.com,PHISHING_CRYPTO,MEDIUM,
metamask.consulting,PHISHING_CRYPTO,MEDIUM,
mywaltdisneyplus.com,PHISHING_CONFIRMED,MEDIUM,
sel7or.lat,PHISHING_CONFIRMED,MEDIUM,
claim-network3.com,PHISHING_CRYPTO,MEDIUM,
luckyacehub.info,PHISHING_CONFIRMED,MEDIUM,
27wtrwe.lat,PHISHING_CONFIRMED,MEDIUM,
globalpressia.com,PHISHING_CONFIRMED,MEDIUM,
fieldservicejournal.com,PHISHING_CONFIRMED,MEDIUM,
fctsb.info,PHISHING_CONFIRMED,MEDIUM,
zorza-wartanis.com,PHISHING_CONFIRMED,MEDIUM,
28193745.xyz,PHISHING_CONFIRMED,MEDIUM,
venturepath.buzz,PHISHING_CONFIRMED,MEDIUM,
joelubexy.xyz,PHISHING_CRYPTO,MEDIUM,
d7k1v8.cfd,PHISHING_CONFIRMED,MEDIUM,
xis93ef.help,PHISHING_CONFIRMED,MEDIUM,
resolveappalgorithm.com,PHISHING_CRYPTO,MEDIUM,
solfege.icu,PHISHING_CONFIRMED,MEDIUM,
trust-rewards.xyz,PHISHING_CRYPTO,MEDIUM,
devs-0x.com,PHISHING_CRYPTO,MEDIUM,
hznpt.info,PHISHING_CONFIRMED,MEDIUM,
connect-shield.sbs,PHISHING_CRYPTO,MEDIUM,
trackingezb.life,PHISHING_CONFIRMED,MEDIUM,
0668kf.com,PHISHING_CONFIRMED,MEDIUM,
myhelpcenterspotify.help,PHISHING_CONFIRMED,MEDIUM,
servicegeh.sbs,PHISHING_CONFIRMED,MEDIUM,
ecinity.info,PHISHING_CONFIRMED,MEDIUM,
trhruseter.finance,PHISHING_CRYPTO,MEDIUM,
homla0ficial.com,PHISHING_CONFIRMED,MEDIUM,
87429516.xyz,PHISHING_CONFIRMED,MEDIUM,
etherc.xyz,PHISHING_CRYPTO,MEDIUM,
70298461.xyz,PHISHING_CONFIRMED,MEDIUM,
aidapp-restore.com,PHISHING_CRYPTO,MEDIUM,
8204rzn.skin,PHISHING_CONFIRMED,MEDIUM,
82jh3eg.lol,PHISHING_CONFIRMED,MEDIUM,
gala-sushi.cfd,PHISHING_CRYPTO,MEDIUM,
whitecasino.net,PHISHING_CRYPTO,MEDIUM,
sffaetethythhubo-be.sbs,PHISHING_CONFIRMED,MEDIUM,
serviceedo.quest,PHISHING_CONFIRMED,MEDIUM,
chainslist.org,PHISHING_CRYPTO,MEDIUM,
41896025.xyz,PHISHING_CONFIRMED,MEDIUM,
pay-protect.sbs,PHISHING_CONFIRMED,MEDIUM,
sigmapay-token.pro,PHISHING_CRYPTO,MEDIUM,
alokitoboi.com,PHISHING_CONFIRMED,MEDIUM,
annuityfinanace.com,PHISHING_CONFIRMED,MEDIUM,
c5fdaa.mom,PHISHING_CONFIRMED,MEDIUM,
bet73002.com,PHISHING_CONFIRMED,MEDIUM,
auto-resolver.com,PHISHING_CRYPTO,MEDIUM,
coffeedeliverys.com,PHISHING_CONFIRMED,MEDIUM,
worldlibertyfinacial.lol,PHISHING_CRYPTO,MEDIUM,
oonashop.info,PHISHING_CONFIRMED,MEDIUM,
onpnp.com,PHISHING_CONFIRMED,MEDIUM,
shibatoken-v3-aidropgiveawayprogram.online,PHISHING_CRYPTO,MEDIUM,
91350264.xyz,PHISHING_CONFIRMED,MEDIUM,
optimismgatewey.com,PHISHING_CRYPTO,MEDIUM,
6se76we.skin,PHISHING_CONFIRMED,MEDIUM,
p4yrpj.yoga,PHISHING_CONFIRMED,MEDIUM,
cosibellaoutlet-pl.sbs,PHISHING_CONFIRMED,MEDIUM,
garagedoor.online,PHISHING_CONFIRMED,MEDIUM,
rubrique-compte-abonnement.info,PHISHING_CONFIRMED,MEDIUM,
fixed-loat.art,PHISHING_CRYPTO,MEDIUM,
airdrop-fragmetric.xyz,PHISHING_CRYPTO,MEDIUM,
nftnurds.org,PHISHING_CRYPTO,MEDIUM,
nddex.net,PHISHING_CRYPTO,MEDIUM,
gamuts.info,PHISHING_CONFIRMED,MEDIUM,
dexsrcreener.xyz,PHISHING_CRYPTO,MEDIUM,
servicesym.boats,PHISHING_CONFIRMED,MEDIUM,
irecovery-icloud.help,PHISHING_CONFIRMED,MEDIUM,
homlapromoca.com,PHISHING_CONFIRMED,MEDIUM,
aliahtirafia.com,PHISHING_CRYPTO,MEDIUM,
94750318.xyz,PHISHING_CONFIRMED,MEDIUM,
portalmundonews.info,PHISHING_CONFIRMED,MEDIUM,
86121074.xyz,PHISHING_CONFIRMED,MEDIUM,
profitpilot.buzz,PHISHING_CONFIRMED,MEDIUM,
buywallmurals.com,PHISHING_CONFIRMED,MEDIUM,
hp6jhg.casa,PHISHING_CONFIRMED,MEDIUM,
perolantirox.pro,PHISHING_CONFIRMED,MEDIUM,
wesetclaim.com,PHISHING_CRYPTO,MEDIUM,
lxw33.com,PHISHING_CONFIRMED,MEDIUM,
safenguxx.xyz,PHISHING_CONFIRMED,MEDIUM,
clubmiiles.com,PHISHING_CONFIRMED,MEDIUM,
located-maps.cfd,PHISHING_CONFIRMED,MEDIUM,
polkastarte.com,PHISHING_CRYPTO,MEDIUM,
dappstreflate.live,PHISHING_CRYPTO,MEDIUM,
decentralizedmainnet.info,PHISHING_CRYPTO,MEDIUM,
globalglidelogistics.com,PHISHING_CONFIRMED,MEDIUM,
52twrtw.garden,PHISHING_CONFIRMED,MEDIUM,
jusitex.com,PHISHING_CONFIRMED,MEDIUM,
dpdlocali-ygu.bond,PHISHING_CONFIRMED,MEDIUM,
bet63087.com,PHISHING_CONFIRMED,MEDIUM,
omer-driving.link,PHISHING_CONFIRMED,MEDIUM,
server-collab.land,PHISHING_CRYPTO,MEDIUM,
mintprotocols.com,PHISHING_CRYPTO,MEDIUM,
mohitosale.sbs,PHISHING_CONFIRMED,MEDIUM,
dappsfixvalidate.xyz,PHISHING_CRYPTO,MEDIUM,
27619354.xyz,PHISHING_CONFIRMED,MEDIUM,
poebay.com,PHISHING_CONFIRMED,MEDIUM,
servicebhjn.sbs,PHISHING_CONFIRMED,MEDIUM,
6t0it2.skin,PHISHING_CONFIRMED,MEDIUM,
3o4l4o2h.skin,PHISHING_CONFIRMED,MEDIUM,
pj3tou.cfd,PHISHING_CONFIRMED,HIGH,
ambergrovereport.pro,PHISHING_CONFIRMED,MEDIUM,
2j2j3j.skin,PHISHING_CONFIRMED,MEDIUM,
125412565258.xyz,PHISHING_CONFIRMED,MEDIUM,
rakuten04.com,PHISHING_CONFIRMED,MEDIUM,
swiss-dpd.mom,PHISHING_CONFIRMED,MEDIUM,
srvclouds.com,PHISHING_CRYPTO,MEDIUM,
o4iqlw.lat,PHISHING_CONFIRMED,MEDIUM,
noreply-icloud.app,PHISHING_CONFIRMED,MEDIUM,
carprimp.info,PHISHING_CONFIRMED,MEDIUM,
jm9gud.mom,PHISHING_CONFIRMED,MEDIUM,
mor2ex.lat,PHISHING_CONFIRMED,MEDIUM,
rphradio.net,PHISHING_CONFIRMED,MEDIUM,
frankeldiabeticfoundation.org,PHISHING_CONFIRMED,MEDIUM,
serverfix.icu,PHISHING_CRYPTO,MEDIUM,
lcloud-findmy-devices.app,PHISHING_CONFIRMED,MEDIUM,
adnigma.com,PHISHING_CONFIRMED,MEDIUM,
t9ytjq.sbs,PHISHING_CONFIRMED,MEDIUM,
redistribution-ftx.com,PHISHING_CRYPTO,MEDIUM,
87146320.xyz,PHISHING_CONFIRMED,MEDIUM,
meaievolution.sbs,PHISHING_CRYPTO,MEDIUM,
org-ftm.site,PHISHING_CRYPTO,MEDIUM,
gx9jaf.sbs,PHISHING_CONFIRMED,MEDIUM,
cloudcanvrtyas.info,PHISHING_CONFIRMED,MEDIUM,
jakubjedrasconteners.com,PHISHING_CONFIRMED,MEDIUM,
gyhujfr.info,PHISHING_CONFIRMED,MEDIUM,
bizhive.buzz,PHISHING_CONFIRMED,MEDIUM,
zaiteco.com,PHISHING_CONFIRMED,MEDIUM,
trackinguiw.life,PHISHING_CONFIRMED,MEDIUM,
shoopifyi.com,PHISHING_CONFIRMED,MEDIUM,
0365cc.com,PHISHING_CONFIRMED,MEDIUM,
superwin55.net,PHISHING_CONFIRMED,MEDIUM,
reauthenticator.com,PHISHING_CONFIRMED,MEDIUM,
dns-coinbase.com,PHISHING_CRYPTO,MEDIUM,
r2wt8pk.hair,PHISHING_CONFIRMED,MEDIUM,
connectingallinterairdrop.lol,PHISHING_CRYPTO,MEDIUM,
kk-dk-parkiingkkt.one,PHISHING_CONFIRMED,MEDIUM,
catslapclaims.com,PHISHING_CRYPTO,MEDIUM,
servers-coinbase.com,PHISHING_CRYPTO,MEDIUM,
app-zklend.com,PHISHING_CRYPTO,MEDIUM,
hacking-tor.com,PHISHING_CONFIRMED,MEDIUM,
foxygroups.com,PHISHING_CRYPTO,MEDIUM,
dappnodeserver.icu,PHISHING_CRYPTO,MEDIUM,
test-page2.icu,PHISHING_CRYPTO,MEDIUM,
40671983.xyz,PHISHING_CONFIRMED,MEDIUM,
17430968.xyz,PHISHING_CONFIRMED,MEDIUM,
trackingggd.life,PHISHING_CONFIRMED,MEDIUM,
registeredagentsinmissouri.com,PHISHING_CONFIRMED,MEDIUM,
apknewdownload.info,PHISHING_CONFIRMED,MEDIUM,
dappradarlab.com,PHISHING_CRYPTO,MEDIUM,
shaverbasics.com,PHISHING_CONFIRMED,MEDIUM,
firstideasltd.com,PHISHING_CONFIRMED,MEDIUM,
liyahh.com,PHISHING_CONFIRMED,MEDIUM,
lyetherwallet.com,PHISHING_CRYPTO,MEDIUM,
aj4nuo.boats,PHISHING_CONFIRMED,MEDIUM,
allsolutionshub.xyz,PHISHING_CRYPTO,MEDIUM,
4zk8wpt.hair,PHISHING_CONFIRMED,MEDIUM,
education-for-africa.org,PHISHING_CONFIRMED,MEDIUM,
grpmp.com,PHISHING_CONFIRMED,MEDIUM,
2yg3yw.hair,PHISHING_CONFIRMED,MEDIUM,
ticketcenter-app.com,PHISHING_CRYPTO,MEDIUM,
dexcheck.click,PHISHING_CRYPTO,MEDIUM,
152215542250.xyz,PHISHING_CONFIRMED,MEDIUM,
swiftswapfloreetherrcorresync.com,PHISHING_CRYPTO,MEDIUM,
ikwji714.fun,PHISHING_CRYPTO,MEDIUM,
brldgton.org,PHISHING_CRYPTO,MEDIUM,
ritualsfaces.com,PHISHING_CONFIRMED,MEDIUM,
fx4ajt.qpon,PHISHING_CONFIRMED,MEDIUM,
rewarding-aerodrome.xyz,PHISHING_CRYPTO,MEDIUM,
servicemkq.cyou,PHISHING_CONFIRMED,MEDIUM,
blockchainhelp.support,PHISHING_CRYPTO,MEDIUM,
2i2o3i.hair,PHISHING_CONFIRMED,HIGH,
zalando-online.sbs,PHISHING_CONFIRMED,MEDIUM,
servicezaw.boats,PHISHING_CONFIRMED,MEDIUM,
livechatsupportusers.com,PHISHING_CRYPTO,MEDIUM,
b45www.com,PHISHING_CONFIRMED,MEDIUM,
dexcheck.sbs,PHISHING_CRYPTO,MEDIUM,
trekpleisterr.sbs,PHISHING_CONFIRMED,MEDIUM,
jannix.buzz,PHISHING_CONFIRMED,MEDIUM,
xxjapancupid.icu,PHISHING_CONFIRMED,MEDIUM,
dappschainapp.net,PHISHING_CRYPTO,MEDIUM,
galoolsupply.com,PHISHING_CONFIRMED,MEDIUM,
t9b7a0.sbs,PHISHING_CONFIRMED,MEDIUM,
staking-lidofi.app,PHISHING_CRYPTO,MEDIUM,
bet73063.com,PHISHING_CONFIRMED,MEDIUM,
aanqylta.com,PHISHING_CONFIRMED,MEDIUM,
tradekingcrypto.com,PHISHING_CRYPTO,MEDIUM,
4wqtfwr.ink,PHISHING_CONFIRMED,MEDIUM,
a6p7y3.cfd,PHISHING_CONFIRMED,MEDIUM,
login-soporte-mxn.support,PHISHING_CONFIRMED,MEDIUM,
b45097.com,PHISHING_CONFIRMED,MEDIUM,
eth-er.pro,PHISHING_CRYPTO,MEDIUM,
earcandymag.com,PHISHING_CONFIRMED,MEDIUM,
yn7uuf.sbs,PHISHING_CONFIRMED,MEDIUM,
lunarbet.sbs,PHISHING_CRYPTO,MEDIUM,
8j2ttqwf.lol,PHISHING_CONFIRMED,MEDIUM,
jenvid.online,PHISHING_CONFIRMED,MEDIUM,
www-berachains.vote,PHISHING_CRYPTO,MEDIUM,
pharaohexchenge.org,PHISHING_CRYPTO,MEDIUM,
servicekzi.boats,PHISHING_CONFIRMED,MEDIUM,
tronscan-check.info,PHISHING_CONFIRMED,MEDIUM,
genboxai.live,PHISHING_CRYPTO,MEDIUM,
instantclaim.live,PHISHING_CRYPTO,MEDIUM,
airdrop-virtuals.com,PHISHING_CRYPTO,MEDIUM,
xn6ecf.cfd,PHISHING_CONFIRMED,MEDIUM,
nciapaet.hair,PHISHING_CONFIRMED,MEDIUM,
1586vkn.hair,PHISHING_CONFIRMED,MEDIUM,
besswap.org,PHISHING_CRYPTO,MEDIUM,
p4s5y9.cfd,PHISHING_CONFIRMED,MEDIUM,
thorchaini.com,PHISHING_CRYPTO,MEDIUM,
topazatualizeappempresa.com,PHISHING_CONFIRMED,MEDIUM,
geminairdrops.com,PHISHING_CRYPTO,MEDIUM,
jupclaim.xyz,PHISHING_CRYPTO,MEDIUM,
healthsguide.info,PHISHING_CONFIRMED,MEDIUM,
p5kt7rv.hair,PHISHING_CONFIRMED,MEDIUM,
59718264.xyz,PHISHING_CONFIRMED,MEDIUM,
fercadeappsrevs.lol,PHISHING_CRYPTO,MEDIUM,
laumt.xyz,PHISHING_CRYPTO,MEDIUM,
jh83w9.cfd,PHISHING_CONFIRMED,MEDIUM,
claim-well-eco.xyz,PHISHING_CRYPTO,MEDIUM,
4xskin3.skin,PHISHING_CONFIRMED,MEDIUM,
coinonebit.com,PHISHING_CRYPTO,MEDIUM,
b25aaa.com,PHISHING_CONFIRMED,MEDIUM,
uniswap.cyou,PHISHING_CRYPTO,MEDIUM,
dapp-radar.org,PHISHING_CRYPTO,MEDIUM,
debridgefenance.org,PHISHING_CRYPTO,MEDIUM,
metamask.lat,PHISHING_CRYPTO,MEDIUM,
serviceytk.cyou,PHISHING_CONFIRMED,MEDIUM,
stkaeland.com,PHISHING_CRYPTO,MEDIUM,
83y6erreg.lat,PHISHING_CONFIRMED,MEDIUM,
92kmwe.lat,PHISHING_CONFIRMED,MEDIUM,
registeredagentsinflorida.com,PHISHING_CONFIRMED,MEDIUM,
filldigitalform.xyz,PHISHING_CRYPTO,MEDIUM,
9districtsformoco.org,PHISHING_CONFIRMED,MEDIUM,
g7dntt.sbs,PHISHING_CONFIRMED,MEDIUM,
bet83032.com,PHISHING_CONFIRMED,MEDIUM,
schweizr-sbb-cffd41.mom,PHISHING_CONFIRMED,MEDIUM,
ubi-cloud.info,PHISHING_CONFIRMED,MEDIUM,
aislingsoflife.info,PHISHING_CONFIRMED,MEDIUM,
maisini.com,PHISHING_CONFIRMED,MEDIUM,
p8y1m6.lat,PHISHING_CONFIRMED,MEDIUM,
multichaindappsync.xyz,PHISHING_CRYPTO,MEDIUM,
justspanglish.com,PHISHING_CONFIRMED,MEDIUM,
brickzone.net,PHISHING_CONFIRMED,MEDIUM,
pepeunchainedlayer2.xyz,PHISHING_CRYPTO,MEDIUM,
saussicecarotte.cfd,PHISHING_CONFIRMED,MEDIUM,
bluweddingsblog.com,PHISHING_CONFIRMED,MEDIUM,
p3h9n2.lol,PHISHING_CONFIRMED,MEDIUM,
a9ihfs.cyou,PHISHING_CONFIRMED,MEDIUM,
trackingkjs.life,PHISHING_CONFIRMED,MEDIUM,
nd6gbc.sbs,PHISHING_CONFIRMED,MEDIUM,
staekland.com,PHISHING_CRYPTO,MEDIUM,
socksonclick.com,PHISHING_CONFIRMED,MEDIUM,
eurrom.info,PHISHING_CONFIRMED,MEDIUM,
homspl.com,PHISHING_CONFIRMED,MEDIUM,
agoldenlegacy.info,PHISHING_CONFIRMED,MEDIUM,
bet73067.com,PHISHING_CONFIRMED,MEDIUM,
mel2or.lat,PHISHING_CONFIRMED,MEDIUM,
bicwap.org,PHISHING_CRYPTO,MEDIUM,
qofamaq.lat,PHISHING_CONFIRMED,MEDIUM,
yoman168.net,PHISHING_CONFIRMED,MEDIUM,
knocimast.com,PHISHING_CONFIRMED,MEDIUM,
hsbc-contact.center,PHISHING_CONFIRMED,MEDIUM,
exiodus.com,PHISHING_CRYPTO,MEDIUM,
bitsoft360.works,PHISHING_CRYPTO,MEDIUM,
claims-diamante.com,PHISHING_CRYPTO,MEDIUM,
baykahin.com,PHISHING_CONFIRMED,MEDIUM,
typingspeedhelp.com,PHISHING_CONFIRMED,MEDIUM,
bet73093.com,PHISHING_CONFIRMED,MEDIUM,
anlbot.com,PHISHING_CRYPTO,MEDIUM,
tel-sushi.xyz,PHISHING_CRYPTO,MEDIUM,
nadwislanski.pro,PHISHING_CONFIRMED,MEDIUM,
hy-tec.com,PHISHING_CONFIRMED,MEDIUM,
tokensurged.com,PHISHING_CRYPTO,MEDIUM,
promisedlandventuresllc.com,PHISHING_CONFIRMED,MEDIUM,
71580349.xyz,PHISHING_CONFIRMED,MEDIUM,
apple-support-id.click,PHISHING_CONFIRMED,MEDIUM,
mtharmes.click,PHISHING_CONFIRMED,MEDIUM,
gelirvergisi.org,PHISHING_CONFIRMED,MEDIUM,
smartbeginnings.info,PHISHING_CONFIRMED,MEDIUM,
mmmilitaria-pl.com,PHISHING_CONFIRMED,MEDIUM,
claimdappz.live,PHISHING_CRYPTO,MEDIUM,
officepr0ject.com,PHISHING_CONFIRMED,MEDIUM,
ppdemailserver.info,PHISHING_CONFIRMED,MEDIUM,
5w4e6.hair,PHISHING_CONFIRMED,HIGH,
aiorodrome.finance,PHISHING_CRYPTO,MEDIUM,
655sqwhm.sbs,PHISHING_CONFIRMED,MEDIUM,
serviceewa.cfd,PHISHING_CONFIRMED,MEDIUM,
flrnetworkdao.net,PHISHING_CRYPTO,MEDIUM,
21458910.xyz,PHISHING_CONFIRMED,MEDIUM,
app-hyperswap.net,PHISHING_CRYPTO,MEDIUM,
39571284.xyz,PHISHING_CONFIRMED,MEDIUM,
merlinswap.link,PHISHING_CRYPTO,MEDIUM,
cartoonpornguide.com,PHISHING_CONFIRMED,MEDIUM,
mainslot.click,PHISHING_CONFIRMED,MEDIUM,
fr393.com,PHISHING_CONFIRMED,MEDIUM,
2ytft33.skin,PHISHING_CONFIRMED,MEDIUM,
impactlabpartners.net,PHISHING_CONFIRMED,MEDIUM,
dreptate.info,PHISHING_CONFIRMED,MEDIUM,
z4mv9kx.skin,PHISHING_CONFIRMED,MEDIUM,
4wf25w.lol,PHISHING_CONFIRMED,MEDIUM,
lor8ex.lat,PHISHING_CONFIRMED,MEDIUM,
globalprimeindex.blog,PHISHING_CONFIRMED,MEDIUM,
ledgerwallets.cfd,PHISHING_CRYPTO,MEDIUM,
militaria.sbs,PHISHING_CONFIRMED,MEDIUM,
fgdaqdt.info,PHISHING_CONFIRMED,MEDIUM,
z9vgtm.cfd,PHISHING_CONFIRMED,MEDIUM,
paal-sushi.xyz,PHISHING_CRYPTO,MEDIUM,
7rh47yrh.lat,PHISHING_CONFIRMED,MEDIUM,
dappsprotocolservices.xyz,PHISHING_CRYPTO,MEDIUM,
web3ledgerxcel.org,PHISHING_CRYPTO,MEDIUM,
rmtclinics.com,PHISHING_CONFIRMED,MEDIUM,
9ejt6ew.lol,PHISHING_CONFIRMED,MEDIUM,
imtoen-in.com,PHISHING_CONFIRMED,MEDIUM,
migrate-netx.world,PHISHING_CRYPTO,MEDIUM,
seewonders.com,PHISHING_CONFIRMED,MEDIUM,
v2k5a1.lat,PHISHING_CONFIRMED,MEDIUM,
wadzchaintool.info,PHISHING_CRYPTO,MEDIUM,
serviceghu.hair,PHISHING_CONFIRMED,MEDIUM,
liuyutsing.com,PHISHING_CONFIRMED,MEDIUM,
projectauthverify.xyz,PHISHING_CRYPTO,MEDIUM,
cgpt-sushi.lat,PHISHING_CRYPTO,MEDIUM,
76951824.xyz,PHISHING_CONFIRMED,MEDIUM,
q4mk9wv.skin,PHISHING_CONFIRMED,MEDIUM,
coinbasewithdrawal.help,PHISHING_CRYPTO,MEDIUM,
airdropdogecoin.net,PHISHING_CRYPTO,MEDIUM,
smyk-vip.com,PHISHING_CONFIRMED,MEDIUM,
mojdisneysubskrypcja.help,PHISHING_CONFIRMED,MEDIUM,
q1k0c9.cfd,PHISHING_CONFIRMED,MEDIUM,
decentralizedpanelfix.com,PHISHING_CRYPTO,MEDIUM,
i1p2k6.sbs,PHISHING_CONFIRMED,MEDIUM,
blockkdagnetwork.live,PHISHING_CRYPTO,MEDIUM,
capitalpulsegridx.info,PHISHING_CONFIRMED,MEDIUM,
bet73kk.com,PHISHING_CONFIRMED,MEDIUM,
claim-layer3.foundation,PHISHING_CRYPTO,MEDIUM,
ivertise.info,PHISHING_CONFIRMED,MEDIUM,
sfdsale.help,PHISHING_CONFIRMED,MEDIUM,
lasvegasmedicaid.info,PHISHING_CONFIRMED,MEDIUM,
s8a5m3.cfd,PHISHING_CONFIRMED,MEDIUM,
piouuuuuuu.xyz,PHISHING_CONFIRMED,MEDIUM,
flicsite.info,PHISHING_CONFIRMED,MEDIUM,
544383.sbs,PHISHING_CONFIRMED,MEDIUM,
plumbersyonkers.com,PHISHING_CONFIRMED,MEDIUM,
swisspass02fchonline37.sbs,PHISHING_CONFIRMED,MEDIUM,
fiverr-projecthub.pro,PHISHING_CONFIRMED,MEDIUM,
simonairdrop.xyz,PHISHING_CRYPTO,MEDIUM,
capitalwatchcore4.pro,PHISHING_CONFIRMED,MEDIUM,
amazonctp.com,PHISHING_CONFIRMED,MEDIUM,
connect-aixcb.com,PHISHING_CRYPTO,MEDIUM,
gettrumpmemecoins.com,PHISHING_CRYPTO,MEDIUM,
sageinvestco.com,PHISHING_CONFIRMED,MEDIUM,
arespb.info,PHISHING_CONFIRMED,MEDIUM,
healthproviding.info,PHISHING_CONFIRMED,MEDIUM,
thrurseter.finance,PHISHING_CRYPTO,MEDIUM,
sporttnpascher.org,PHISHING_CONFIRMED,MEDIUM,
nodeledger3.com,PHISHING_CRYPTO,MEDIUM,
liminal-money.lol,PHISHING_CRYPTO,MEDIUM,
dreampeakless.pro,PHISHING_CONFIRMED,MEDIUM,
newstalk1400winc.com,PHISHING_CONFIRMED,MEDIUM,
74920811.xyz,PHISHING_CONFIRMED,MEDIUM,
6j7hvg2.hair,PHISHING_CONFIRMED,HIGH,
bet73049.com,PHISHING_CONFIRMED,MEDIUM,
tubemasters.net,PHISHING_CONFIRMED,MEDIUM,
freeminecraft.cc,PHISHING_CONFIRMED,MEDIUM,
creativephotocomposition.com,PHISHING_CONFIRMED,MEDIUM,
aioz-sushi.xyz,PHISHING_CRYPTO,MEDIUM,
etcmeisa.com,PHISHING_CONFIRMED,MEDIUM,
niroshdesilva.info,PHISHING_CONFIRMED,MEDIUM,
5j8y0h.hair,PHISHING_CONFIRMED,MEDIUM,
alkoholeswiatasale.xyz,PHISHING_CONFIRMED,MEDIUM,
49182764.xyz,PHISHING_CONFIRMED,MEDIUM,
gerbilofgloom.com,PHISHING_CONFIRMED,MEDIUM,
autostradaa4.autos,PHISHING_CONFIRMED,MEDIUM,
tav3ix.lat,PHISHING_CONFIRMED,MEDIUM,
fshuiyin.com,PHISHING_CONFIRMED,MEDIUM,
stakelandd.com,PHISHING_CRYPTO,MEDIUM,
9206qwr.hair,PHISHING_CONFIRMED,MEDIUM,
92096173.xyz,PHISHING_CONFIRMED,MEDIUM,
fastnewspulseiq.xyz,PHISHING_CONFIRMED,MEDIUM,
littlepepeclaim.online,PHISHING_CRYPTO,MEDIUM,
serviceeod.quest,PHISHING_CONFIRMED,MEDIUM,
exprocess.com,PHISHING_CONFIRMED,MEDIUM,
2m23hn.hair,PHISHING_CONFIRMED,MEDIUM,
dappsprotocolservices.help,PHISHING_CRYPTO,MEDIUM,
valdorenax24.com,PHISHING_CONFIRMED,MEDIUM,
registeredagentsinnewmexico.com,PHISHING_CONFIRMED,MEDIUM,
ath-sushi.xyz,PHISHING_CRYPTO,MEDIUM,
aybeierkang.com,PHISHING_CONFIRMED,MEDIUM,
wmtx-migration.com,PHISHING_CRYPTO,MEDIUM,
lytsync.com,PHISHING_CRYPTO,MEDIUM,
fidelity-media.com,PHISHING_CONFIRMED,MEDIUM,
cprtweb3networks.com,PHISHING_CRYPTO,MEDIUM,
trekpleistersale.one,PHISHING_CONFIRMED,MEDIUM,
fal7or.lat,PHISHING_CONFIRMED,MEDIUM,
boomland.net,PHISHING_CRYPTO,MEDIUM,
27y6wtw.lol,PHISHING_CONFIRMED,MEDIUM,
75263904.xyz,PHISHING_CONFIRMED,MEDIUM,
tmediapromotion.info,PHISHING_CONFIRMED,MEDIUM,
aureviorenretha.info,PHISHING_CONFIRMED,MEDIUM,
endingdiabetes.info,PHISHING_CONFIRMED,MEDIUM,
toplukonutevleri.com,PHISHING_CONFIRMED,MEDIUM,
5iri4uj5.hair,PHISHING_CONFIRMED,MEDIUM,
cliam-zircuit.com,PHISHING_CRYPTO,MEDIUM,
chelgrimvondikst.pro,PHISHING_CONFIRMED,MEDIUM,
rpc-protocol.com,PHISHING_CRYPTO,MEDIUM,
swapeigenairdrop.lol,PHISHING_CRYPTO,MEDIUM,
taikocrypto.com,PHISHING_CRYPTO,MEDIUM,
96027183.xyz,PHISHING_CONFIRMED,MEDIUM,
47230859.xyz,PHISHING_CONFIRMED,MEDIUM,
defi-rpc.xyz,PHISHING_CRYPTO,MEDIUM,
mariajosedelivery.com,PHISHING_CONFIRMED,MEDIUM,
d8p7t3.cfd,PHISHING_CONFIRMED,MEDIUM,
bonk-manta.digital,PHISHING_CRYPTO,MEDIUM,
lzhzsw.com,PHISHING_CONFIRMED,MEDIUM,
50974312.xyz,PHISHING_CONFIRMED,MEDIUM,
checkclaim.live,PHISHING_CRYPTO,MEDIUM,
h1fzkl.sbs,PHISHING_CONFIRMED,MEDIUM,
hosttenx.net,PHISHING_CONFIRMED,MEDIUM,
multisyncs-chain.xyz,PHISHING_CRYPTO,MEDIUM,
917432-coinbase.com,PHISHING_CRYPTO,MEDIUM,
trkamu.net,PHISHING_CONFIRMED,MEDIUM,
hawarispices.com,PHISHING_CONFIRMED,MEDIUM,
x9qp5mt.skin,PHISHING_CONFIRMED,HIGH,
78403195.xyz,PHISHING_CONFIRMED,MEDIUM,
51xiandai.com,PHISHING_CONFIRMED,MEDIUM,
ritualsalex.com,PHISHING_CONFIRMED,MEDIUM,
humantweepuntnul.info,PHISHING_CONFIRMED,MEDIUM,
78019362.xyz,PHISHING_CONFIRMED,MEDIUM,
app-grass-foundation.xyz,PHISHING_CRYPTO,MEDIUM,
b45yyy.com,PHISHING_CONFIRMED,MEDIUM,
firstledger-dapps.live,PHISHING_CRYPTO,MEDIUM,
servicehsu.boats,PHISHING_CONFIRMED,MEDIUM,
bridgeclaim.link,PHISHING_CRYPTO,MEDIUM,
mcpepe.xyz,PHISHING_CRYPTO,MEDIUM,
certaiclaim.xyz,PHISHING_CRYPTO,MEDIUM,
van8ri.lat,PHISHING_CONFIRMED,MEDIUM,
baptistanchor.com,PHISHING_CONFIRMED,MEDIUM,
itnytt.info,PHISHING_CONFIRMED,MEDIUM,
anqimls.com,PHISHING_CONFIRMED,MEDIUM,
coinbasewalletsecure.com,PHISHING_CRYPTO,MEDIUM,
shopeemall.xyz,PHISHING_CONFIRMED,MEDIUM,
graphilandconsulting.com,PHISHING_CONFIRMED,MEDIUM,
impactlabpartners.consulting,PHISHING_CONFIRMED,MEDIUM,
unidswap.org,PHISHING_CRYPTO,MEDIUM,
weeglex-migration.xyz,PHISHING_CRYPTO,MEDIUM,
xdoskax.com,PHISHING_CRYPTO,MEDIUM,
re-markeble.com,PHISHING_CONFIRMED,MEDIUM,
esorgugov.org,PHISHING_CONFIRMED,MEDIUM,
awkdh.sbs,PHISHING_CONFIRMED,MEDIUM,
vote-me.exchange,PHISHING_CRYPTO,MEDIUM,
dd1l.com,PHISHING_CONFIRMED,MEDIUM,
kontoensurance.net,PHISHING_CONFIRMED,MEDIUM,
bj-tyn.com,PHISHING_CONFIRMED,MEDIUM,
67908415.xyz,PHISHING_CONFIRMED,MEDIUM,
sawayoutlets.sbs,PHISHING_CONFIRMED,MEDIUM,
cn-sys.com,PHISHING_CONFIRMED,MEDIUM,
xrpday.org,PHISHING_CRYPTO,MEDIUM,
ripple.gives,PHISHING_CRYPTO,MEDIUM,
i6jmus.cfd,PHISHING_CONFIRMED,MEDIUM,
84931526.xyz,PHISHING_CONFIRMED,MEDIUM,
pollymarket.com,PHISHING_CRYPTO,MEDIUM,
smialakapitownia-pl.com,PHISHING_CONFIRMED,MEDIUM,
new-details-checking.cfd,PHISHING_CONFIRMED,MEDIUM,
fp4ffr.lat,PHISHING_CONFIRMED,MEDIUM,
sav8ro.lat,PHISHING_CONFIRMED,MEDIUM,
47159208.xyz,PHISHING_CONFIRMED,MEDIUM,
alsaadahfood.com,PHISHING_CONFIRMED,MEDIUM,
magpie-home.xyz,PHISHING_CRYPTO,MEDIUM,
eidaricezaislemleri.org,PHISHING_CONFIRMED,MEDIUM,
immediateaffinity.org,PHISHING_CRYPTO,MEDIUM,
90417625.xyz,PHISHING_CONFIRMED,MEDIUM,
se8qdn.qpon,PHISHING_CONFIRMED,MEDIUM,
8qwjgg.lol,PHISHING_CONFIRMED,MEDIUM,
belqentoria365a.com,PHISHING_CONFIRMED,MEDIUM,
ml3faw.casa,PHISHING_CONFIRMED,MEDIUM,
nexusbridger.xyz,PHISHING_CRYPTO,MEDIUM,
dripclaim.xyz,PHISHING_CRYPTO,MEDIUM,
greenbeak.lol,PHISHING_CRYPTO,MEDIUM,
astmata.info,PHISHING_CONFIRMED,MEDIUM,
ochnikstore.sbs,PHISHING_CONFIRMED,MEDIUM,
b9366.com,PHISHING_CONFIRMED,MEDIUM,
stardustdump.pro,PHISHING_CONFIRMED,MEDIUM,
free-ethereum.com,PHISHING_CRYPTO,MEDIUM,
12049783.xyz,PHISHING_CONFIRMED,MEDIUM,
predictoneapp-medium.com,PHISHING_CRYPTO,MEDIUM,
hub-dashboard.network,PHISHING_CRYPTO,MEDIUM,
zelenium.app,PHISHING_CRYPTO,MEDIUM,
mingyou365.com,PHISHING_CONFIRMED,MEDIUM,
bet73034.com,PHISHING_CONFIRMED,MEDIUM,
polymarkett.com,PHISHING_CRYPTO,MEDIUM,
generalfocus.xyz,PHISHING_CONFIRMED,MEDIUM,
serviceztf.cfd,PHISHING_CONFIRMED,MEDIUM,
bet73050.com,PHISHING_CONFIRMED,MEDIUM,
mywallet-check.com,PHISHING_CRYPTO,MEDIUM,
node-hub.click,PHISHING_CRYPTO,MEDIUM,
pendle-airdrop-claim.lol,PHISHING_CRYPTO,MEDIUM,
eobuwie-2026.sbs,PHISHING_CONFIRMED,MEDIUM,
defiprotocol.dev,PHISHING_CRYPTO,MEDIUM,
vavxvpro.icu,PHISHING_CONFIRMED,MEDIUM,
techbargins.com,PHISHING_CONFIRMED,MEDIUM,
eworldtrack.com,PHISHING_CONFIRMED,MEDIUM,
e5cvyb.casa,PHISHING_CONFIRMED,MEDIUM,
theflurryaz.info,PHISHING_CONFIRMED,MEDIUM,
usdtget.net,PHISHING_CRYPTO,MEDIUM,
ceneo.sbs,PHISHING_CONFIRMED,MEDIUM,
dappcryp.com,PHISHING_CRYPTO,MEDIUM,
pniksale.finance,PHISHING_CRYPTO,MEDIUM,
t1k3p6.lat,PHISHING_CONFIRMED,MEDIUM,
reclaim-ledger.com,PHISHING_CONFIRMED,MEDIUM,
bet73096.com,PHISHING_CONFIRMED,MEDIUM,
z5qt3xm.skin,PHISHING_CONFIRMED,MEDIUM,
biiiedronkapl.sbs,PHISHING_CONFIRMED,MEDIUM,
ofilunch.info,PHISHING_CONFIRMED,MEDIUM,
cuzaloq.help,PHISHING_CONFIRMED,MEDIUM,
hfcox.info,PHISHING_CONFIRMED,MEDIUM,
piekno-prezent.cfd,PHISHING_CONFIRMED,MEDIUM,
blog-hits.com,PHISHING_CONFIRMED,MEDIUM,
hyperlliquid.xyz,PHISHING_CRYPTO,MEDIUM,
1hvbh2.skin,PHISHING_CONFIRMED,MEDIUM,
sfd-pl.sbs,PHISHING_CONFIRMED,MEDIUM,
uspsoiujk.xyz,PHISHING_CONFIRMED,MEDIUM,
k7tlgj.casa,PHISHING_CONFIRMED,MEDIUM,
cloudguideer.info,PHISHING_CONFIRMED,MEDIUM,
worldmobiletokens.site,PHISHING_CRYPTO,MEDIUM,
soloutcome.xyz,PHISHING_CRYPTO,MEDIUM,
landscapegardener.info,PHISHING_CONFIRMED,MEDIUM,
app-ens.com,PHISHING_CRYPTO,MEDIUM,
enc0ntrar-1locati0ns-1device.com,PHISHING_CONFIRMED,MEDIUM,
b35uuu.com,PHISHING_CONFIRMED,MEDIUM,
resourcbecenter.info,PHISHING_CONFIRMED,MEDIUM,
vetron.qpon,PHISHING_CONFIRMED,MEDIUM,
claims-omniagent.com,PHISHING_CRYPTO,MEDIUM,
trackingwpu.life,PHISHING_CONFIRMED,MEDIUM,
ma1jac.sbs,PHISHING_CONFIRMED,MEDIUM,
mainnetwork.info,PHISHING_CRYPTO,MEDIUM,
bet6706.com,PHISHING_CONFIRMED,MEDIUM,
12496032.xyz,PHISHING_CONFIRMED,MEDIUM,
airdrop-bsxlabs.xyz,PHISHING_CRYPTO,MEDIUM,
opzwallet.com,PHISHING_CRYPTO,MEDIUM,
quesoro.com,PHISHING_CONFIRMED,MEDIUM,
uma-sushi.cfd,PHISHING_CRYPTO,MEDIUM,
claim-pepeunchained.info,PHISHING_CRYPTO,MEDIUM,
52twrfw.garden,PHISHING_CONFIRMED,MEDIUM,
26458013.xyz,PHISHING_CONFIRMED,MEDIUM,
jksm.org,PHISHING_CONFIRMED,MEDIUM,
selmoriavexa.pro,PHISHING_CONFIRMED,MEDIUM,
connection-collab.land,PHISHING_CRYPTO,MEDIUM,
smartvalidation.net,PHISHING_CRYPTO,MEDIUM,
81079453.xyz,PHISHING_CONFIRMED,MEDIUM,
6tqerwetku.pics,PHISHING_CONFIRMED,MEDIUM,
spotlessweb.com,PHISHING_CONFIRMED,MEDIUM,
botian-rareearth.com,PHISHING_CONFIRMED,MEDIUM,
digitalsknowledge.info,PHISHING_CONFIRMED,MEDIUM,
app-matcha.xyz,PHISHING_CRYPTO,MEDIUM,
g7akgp.cfd,PHISHING_CONFIRMED,MEDIUM,
p5n1a6.cfd,PHISHING_CONFIRMED,MEDIUM,
dx9580.com,PHISHING_CONFIRMED,MEDIUM,
adcycle.com,PHISHING_CONFIRMED,MEDIUM,
openseahorizon.xyz,PHISHING_CONFIRMED,MEDIUM,
dapprojectmerge.xyz,PHISHING_CRYPTO,MEDIUM,
3028wva.hair,PHISHING_CONFIRMED,MEDIUM,
claims-xionburnts.com,PHISHING_CRYPTO,MEDIUM,
polkadot.icu,PHISHING_CRYPTO,MEDIUM,
trxapp.org,PHISHING_CRYPTO,MEDIUM,
tklifeshop.com,PHISHING_CONFIRMED,MEDIUM,
400-0777-400.com,PHISHING_CONFIRMED,MEDIUM,
syncvalidate.online,PHISHING_CRYPTO,MEDIUM,
budgethelp.info,PHISHING_CONFIRMED,MEDIUM,
21597036.xyz,PHISHING_CONFIRMED,MEDIUM,
xxpp.org,PHISHING_CRYPTO,MEDIUM,
posten-online.help,PHISHING_CONFIRMED,MEDIUM,
bsclayer.com,PHISHING_CRYPTO,MEDIUM,
zax3ro.lat,PHISHING_CONFIRMED,MEDIUM,
sonicairdrop.vip,PHISHING_CRYPTO,MEDIUM,
qingbaigou.com,PHISHING_CONFIRMED,MEDIUM,
z4xt9qm.skin,PHISHING_CONFIRMED,MEDIUM,
web3authenticate.net,PHISHING_CRYPTO,MEDIUM,
tuboplastperu.com,PHISHING_CONFIRMED,MEDIUM,
anteles.info,PHISHING_CONFIRMED,MEDIUM,
beta800.com,PHISHING_CONFIRMED,MEDIUM,
d6wgzm.cfd,PHISHING_CONFIRMED,MEDIUM,
bbw-paradise.com,PHISHING_CONFIRMED,MEDIUM,
connectlivewallets.com,PHISHING_CRYPTO,MEDIUM,
web3assetsofficial.net,PHISHING_CRYPTO,MEDIUM,
childrensbookshop.info,PHISHING_CONFIRMED,MEDIUM,
metamask.blog,PHISHING_CRYPTO,MEDIUM,
bestwallettokem.com,PHISHING_CRYPTO,MEDIUM,
73he63g.lat,PHISHING_CONFIRMED,MEDIUM,
2jbhsj.rest,PHISHING_CONFIRMED,MEDIUM,
mailweb-coinbase.com,PHISHING_CRYPTO,MEDIUM,
mainnet-contractupgrade.live,PHISHING_CRYPTO,MEDIUM,
justsayit.online,PHISHING_CONFIRMED,MEDIUM,
20745896.xyz,PHISHING_CONFIRMED,MEDIUM,
dashboard-jupv2.com,PHISHING_CRYPTO,MEDIUM,
rizqfoodservic.com,PHISHING_CONFIRMED,MEDIUM,
pit-sushi.pro,PHISHING_CRYPTO,MEDIUM,
nodefixer.icu,PHISHING_CRYPTO,MEDIUM,
ethfi-sushi.art,PHISHING_CRYPTO,MEDIUM,
play-sushi.cfd,PHISHING_CRYPTO,MEDIUM,
revokcash.com,PHISHING_CRYPTO,MEDIUM,
apisconnectsbots.com,PHISHING_CRYPTO,MEDIUM,
eth-dapps.info,PHISHING_CRYPTO,MEDIUM,
rail-sushi.cfd,PHISHING_CRYPTO,MEDIUM,
validatenode-wallet.website,PHISHING_CRYPTO,MEDIUM,
skincaregenesis.info,PHISHING_CONFIRMED,MEDIUM,
x5mw3qn.skin,PHISHING_CONFIRMED,HIGH,
1supp0rt-1devices-1locati0ns.com,PHISHING_CONFIRMED,MEDIUM,
5wr3h3g.hair,PHISHING_CONFIRMED,MEDIUM,
verifiedmaid.com,PHISHING_CONFIRMED,MEDIUM,
23608174.xyz,PHISHING_CONFIRMED,MEDIUM,
tzgcsj.com,PHISHING_CONFIRMED,MEDIUM,
app-satlayers.xyz,PHISHING_CRYPTO,MEDIUM,
spx6900verceltelnev.dev,PHISHING_CRYPTO,MEDIUM,
ga8icc.cfd,PHISHING_CONFIRMED,MEDIUM,
31795028.xyz,PHISHING_CONFIRMED,MEDIUM,
events-pancakeswap.finance,PHISHING_CRYPTO,MEDIUM,
49821075.xyz,PHISHING_CONFIRMED,MEDIUM,
dealpilot.help,PHISHING_CONFIRMED,MEDIUM,
setup-collab.land,PHISHING_CRYPTO,MEDIUM,
chainbase-airdrop.xyz,PHISHING_CRYPTO,MEDIUM,
nov3ra.lat,PHISHING_CONFIRMED,MEDIUM,
80419327.xyz,PHISHING_CONFIRMED,MEDIUM,
ecommercegoodies.com,PHISHING_CONFIRMED,MEDIUM,
multichainappsconnect.live,PHISHING_CRYPTO,MEDIUM,
il6hii.casa,PHISHING_CONFIRMED,MEDIUM,
blocalmelbo.mom,PHISHING_CONFIRMED,MEDIUM,
ladys-sushi.pro,PHISHING_CRYPTO,MEDIUM,
broadviewdaily.xyz,PHISHING_CONFIRMED,MEDIUM,
pen-elec.com,PHISHING_CONFIRMED,MEDIUM,
tokeopnkoket.pro,PHISHING_CONFIRMED,MEDIUM,
2319qvk.hair,PHISHING_CONFIRMED,MEDIUM,
redirection-twitter.com,PHISHING_CRYPTO,MEDIUM,
pinksale.team,PHISHING_CRYPTO,MEDIUM,
mintstory.foundation,PHISHING_CRYPTO,MEDIUM,
ibdcb.sbs,PHISHING_CONFIRMED,MEDIUM,
decentlayerdex.info,PHISHING_CRYPTO,MEDIUM,
bestwallet.help,PHISHING_CRYPTO,MEDIUM,
esecurepayements.xyz,PHISHING_CONFIRMED,MEDIUM,
rex3xo.lat,PHISHING_CONFIRMED,MEDIUM,
ghana-sugar.net,PHISHING_CONFIRMED,MEDIUM,
syncswapp.xyz,PHISHING_CRYPTO,MEDIUM,
metamaskmail.info,PHISHING_CRYPTO,MEDIUM,
sjzph.com,PHISHING_CONFIRMED,MEDIUM,
bet73054.com,PHISHING_CONFIRMED,MEDIUM,
bitsoft360.tools,PHISHING_CRYPTO,MEDIUM,
dolphinways.info,PHISHING_CONFIRMED,MEDIUM,
oaklinebriefx.com,PHISHING_CONFIRMED,MEDIUM,
eobuwiesale.com,PHISHING_CONFIRMED,MEDIUM,
qfswalletbackup.site,PHISHING_CRYPTO,MEDIUM,
giveaway-binance.com,PHISHING_CRYPTO,MEDIUM,
vor3xa.lat,PHISHING_CONFIRMED,MEDIUM,
dpdlocali-fpe.bond,PHISHING_CONFIRMED,MEDIUM,
mapsfind.info,PHISHING_CONFIRMED,MEDIUM,
webappsintercessor.online,PHISHING_CRYPTO,MEDIUM,
gzhuger.com,PHISHING_CONFIRMED,MEDIUM,
world-wallets.com,PHISHING_CRYPTO,MEDIUM,
legalvoicemailreport.com,PHISHING_CONFIRMED,MEDIUM,
767wygyte.lat,PHISHING_CONFIRMED,MEDIUM,
bestshockers.com,PHISHING_CONFIRMED,MEDIUM,
ath-sushi.pro,PHISHING_CRYPTO,MEDIUM,
ahs5wg4r.lat,PHISHING_CONFIRMED,MEDIUM,
blogbeastit.info,PHISHING_CONFIRMED,MEDIUM,
15482067.xyz,PHISHING_CONFIRMED,MEDIUM,
grundtevelhaldmon.info,PHISHING_CONFIRMED,MEDIUM,
ticket-apple.com,PHISHING_CRYPTO,MEDIUM,
web3ledgervault.com,PHISHING_CRYPTO,MEDIUM,
locationmaps.cfd,PHISHING_CONFIRMED,MEDIUM,
9e3j7er.lol,PHISHING_CONFIRMED,MEDIUM,
cachedview.com,PHISHING_CONFIRMED,MEDIUM,
traderr.icu,PHISHING_CONFIRMED,MEDIUM,
edgecomputing.network,PHISHING_CRYPTO,MEDIUM,
91547230.xyz,PHISHING_CONFIRMED,MEDIUM,
homlapl.com,PHISHING_CONFIRMED,MEDIUM,
timeoutcorner.info,PHISHING_CONFIRMED,MEDIUM,
alphaxmarkets.com,PHISHING_CONFIRMED,MEDIUM,
magic-eden.org,PHISHING_CRYPTO,MEDIUM,
yubernb.info,PHISHING_CONFIRMED,MEDIUM,
servicepyo.cyou,PHISHING_CONFIRMED,MEDIUM,
spotifycentrumplatnosci24.help,PHISHING_CONFIRMED,MEDIUM,
beanz.icu,PHISHING_CRYPTO,MEDIUM,
hom1awyprzeda.com,PHISHING_CONFIRMED,MEDIUM,
dappuk.com,PHISHING_CRYPTO,MEDIUM,
airtz.info,PHISHING_CONFIRMED,MEDIUM,
powernettrack.net,PHISHING_CONFIRMED,MEDIUM,
pyyyt-foldert6gg20250325153508.icu,PHISHING_CONFIRMED,MEDIUM,
vel8ra.lat,PHISHING_CONFIRMED,MEDIUM,
eobuwieshoes.sbs,PHISHING_CONFIRMED,MEDIUM,
draventinoq.pro,PHISHING_CONFIRMED,MEDIUM,
allegro.market,PHISHING_CONFIRMED,MEDIUM,
registeredagentsinoklahoma.com,PHISHING_CONFIRMED,MEDIUM,
dappxdc.org,PHISHING_CRYPTO,MEDIUM,
1hb2hg3.skin,PHISHING_CONFIRMED,HIGH,
claimtool.online,PHISHING_CRYPTO,MEDIUM,
gokart.horse,PHISHING_CONFIRMED,MEDIUM,
mxt168.com,PHISHING_CONFIRMED,MEDIUM,
95-art.com,PHISHING_CONFIRMED,MEDIUM,
torinofctoken.com,PHISHING_CRYPTO,MEDIUM,
moralysmaney.com,PHISHING_CRYPTO,MEDIUM,
rezairdrop.xyz,PHISHING_CRYPTO,MEDIUM,
nigeria-sugar.net,PHISHING_CONFIRMED,MEDIUM,
amllbot.com,PHISHING_CRYPTO,MEDIUM,
ethereavmdrectify.lol,PHISHING_CRYPTO,MEDIUM,
skyaisushi.cfd,PHISHING_CRYPTO,MEDIUM,
google-account-login.com,PHISHING_CONFIRMED,MEDIUM,
75210483.xyz,PHISHING_CONFIRMED,MEDIUM,
4ui8rj4.hair,PHISHING_CONFIRMED,MEDIUM,
yala-sushi.cfd,PHISHING_CRYPTO,MEDIUM,
freedatabase.sbs,PHISHING_CONFIRMED,MEDIUM,
magdaboulet.com,PHISHING_CONFIRMED,MEDIUM,
673hgye.ink,PHISHING_CONFIRMED,MEDIUM,
thrsrurter.finance,PHISHING_CRYPTO,MEDIUM,
supperbasedd.com,PHISHING_CRYPTO,MEDIUM,
cofixit.info,PHISHING_CONFIRMED,MEDIUM,
apekbotak.xyz,PHISHING_CONFIRMED,MEDIUM,
vallejosearch.com,PHISHING_CONFIRMED,MEDIUM,
connectnodex.org,PHISHING_CRYPTO,MEDIUM,
oceanless.info,PHISHING_CONFIRMED,MEDIUM,
mantaxbonk.xyz,PHISHING_CRYPTO,MEDIUM,
vertexportocol.com,PHISHING_CRYPTO,MEDIUM,
strryanift.art,PHISHING_CRYPTO,MEDIUM,
eligibility-chainlink.com,PHISHING_CRYPTO,MEDIUM,
cryptoassets-recovery.com,PHISHING_CRYPTO,MEDIUM,
drmax-it.mom,PHISHING_CONFIRMED,MEDIUM,
serviceflw.cyou,PHISHING_CONFIRMED,MEDIUM,
auth-web.com,PHISHING_CONFIRMED,MEDIUM,
bet63xxx.com,PHISHING_CONFIRMED,MEDIUM,
chinaseamsealtape.com,PHISHING_CONFIRMED,MEDIUM,
syncsystem-resolve.lol,PHISHING_CRYPTO,MEDIUM,
guidenest.info,PHISHING_CONFIRMED,MEDIUM,
myetherwamllet.com,PHISHING_CRYPTO,MEDIUM,
83uewer.work,PHISHING_CONFIRMED,MEDIUM,
trackingfuc.life,PHISHING_CONFIRMED,MEDIUM,
claimrewardnow-xyz.lol,PHISHING_CRYPTO,MEDIUM,
cpsrams.info,PHISHING_CONFIRMED,MEDIUM,
6qhb2r.lol,PHISHING_CONFIRMED,MEDIUM,
neural-sushi.xyz,PHISHING_CRYPTO,MEDIUM,
appodoss.xyz,PHISHING_CRYPTO,MEDIUM,
faustobrahmasfarm.com,PHISHING_CONFIRMED,MEDIUM,
sidusheroes-reward.org,PHISHING_CRYPTO,MEDIUM,
stillwaterhumancapital.info,PHISHING_CONFIRMED,MEDIUM,
claimvelvet.xyz,PHISHING_CRYPTO,MEDIUM,
event-ondo.network,PHISHING_CRYPTO,MEDIUM,
taridc.info,PHISHING_CONFIRMED,MEDIUM,
xrpevents.org,PHISHING_CRYPTO,MEDIUM,
mynewsup.com,PHISHING_CONFIRMED,MEDIUM,
fahuo.buzz,PHISHING_CONFIRMED,MEDIUM,
seinetwork.net,PHISHING_CRYPTO,MEDIUM,
2qgwtw.wiki,PHISHING_CONFIRMED,MEDIUM,
allegroprime.net,PHISHING_CONFIRMED,MEDIUM,
rav8ni.lat,PHISHING_CONFIRMED,MEDIUM,
cheker-mantra.zone,PHISHING_CRYPTO,MEDIUM,
centrifuge.onl,PHISHING_CRYPTO,MEDIUM,
s1p5n8.lat,PHISHING_CONFIRMED,MEDIUM,
sonic-airdrop.xyz,PHISHING_CRYPTO,MEDIUM,
app-crosscurve.finance,PHISHING_CRYPTO,MEDIUM,
web3online.lol,PHISHING_CRYPTO,MEDIUM,
x5k7m8.lat,PHISHING_CONFIRMED,MEDIUM,
enter-chain.link,PHISHING_CRYPTO,MEDIUM,
sm3bvk.qpon,PHISHING_CONFIRMED,MEDIUM,
claim-cudis.live,PHISHING_CRYPTO,MEDIUM,
servicelgv.cyou,PHISHING_CONFIRMED,MEDIUM,
83157049.xyz,PHISHING_CONFIRMED,MEDIUM,
onchaisncore.xyz,PHISHING_CRYPTO,MEDIUM,
fuelclaim.xyz,PHISHING_CRYPTO,MEDIUM,
l2apzx.casa,PHISHING_CONFIRMED,MEDIUM,
0qfrw3wc.lat,PHISHING_CONFIRMED,MEDIUM,
utah-gov-pi.life,PHISHING_CONFIRMED,MEDIUM,
ixs-sushi.xyz,PHISHING_CRYPTO,MEDIUM,
bxgyxx.com,PHISHING_CONFIRMED,MEDIUM,
bet73yy.com,PHISHING_CONFIRMED,MEDIUM,
dione-protocols.com,PHISHING_CRYPTO,MEDIUM,
derpdewdz.xyz,PHISHING_CRYPTO,MEDIUM,
dapp-radarr.com,PHISHING_CRYPTO,MEDIUM,
48930271.xyz,PHISHING_CONFIRMED,MEDIUM,
claim-metafight.com,PHISHING_CRYPTO,MEDIUM,
poczta-polska.cyou,PHISHING_CONFIRMED,MEDIUM,
96028451.xyz,PHISHING_CONFIRMED,MEDIUM,
contractnodefix.com,PHISHING_CRYPTO,MEDIUM,
webconnects.online,PHISHING_CRYPTO,MEDIUM,
thruster-claims.xyz,PHISHING_CRYPTO,MEDIUM,
96483052.xyz,PHISHING_CONFIRMED,MEDIUM,
claim-hypers.com,PHISHING_CRYPTO,MEDIUM,
74182963.xyz,PHISHING_CONFIRMED,MEDIUM,
cryptar.help,PHISHING_CRYPTO,MEDIUM,
fininsightline2.pro,PHISHING_CONFIRMED,MEDIUM,
p4y5a2.cfd,PHISHING_CONFIRMED,MEDIUM,
asscat229.com,PHISHING_CRYPTO,MEDIUM,
dem2ra.lat,PHISHING_CONFIRMED,MEDIUM,
smyk-salefree.com,PHISHING_CONFIRMED,MEDIUM,
jsapab.com,PHISHING_CONFIRMED,MEDIUM,
airdroptracer.xyz,PHISHING_CRYPTO,MEDIUM,
86479513.xyz,PHISHING_CONFIRMED,MEDIUM,
86720431.xyz,PHISHING_CONFIRMED,MEDIUM,
burundi-sugar.net,PHISHING_CONFIRMED,MEDIUM,
x5k7m8.cfd,PHISHING_CONFIRMED,MEDIUM,
zekiatagur.com,PHISHING_CONFIRMED,MEDIUM,
uniswapdex.org,PHISHING_CRYPTO,MEDIUM,
maliyedosyatr.org,PHISHING_CONFIRMED,MEDIUM,
airdrop-bondex.xyz,PHISHING_CRYPTO,MEDIUM,
audicer.info,PHISHING_CONFIRMED,MEDIUM,
claim-nation.com,PHISHING_CRYPTO,MEDIUM,
networkchainpagedev.xyz,PHISHING_CRYPTO,MEDIUM,
thwackman.info,PHISHING_CONFIRMED,MEDIUM,
breakingty.pro,PHISHING_CONFIRMED,MEDIUM,
aptos-ai.com,PHISHING_CRYPTO,MEDIUM,
x1s7c8.cfd,PHISHING_CONFIRMED,MEDIUM,
hydratean.org,PHISHING_CRYPTO,MEDIUM,
compuond.finance,PHISHING_CRYPTO,MEDIUM,
kmart.gold,PHISHING_CRYPTO,MEDIUM,
36918574.xyz,PHISHING_CONFIRMED,MEDIUM,
uvx7ri.lat,PHISHING_CONFIRMED,MEDIUM,
agriresearch.info,PHISHING_CONFIRMED,MEDIUM,
sizeer-deshop.com,PHISHING_CONFIRMED,MEDIUM,
renouvellement-abonnements.info,PHISHING_CONFIRMED,MEDIUM,
ria4g.com,PHISHING_CONFIRMED,MEDIUM,
elevatelhub.info,PHISHING_CONFIRMED,MEDIUM,
portalbrldge.org,PHISHING_CRYPTO,MEDIUM,
renzoprotoco.com,PHISHING_CRYPTO,MEDIUM,
migration-playzap.help,PHISHING_CRYPTO,MEDIUM,
serviceqne.sbs,PHISHING_CONFIRMED,MEDIUM,
hypnotherhappy.org,PHISHING_CONFIRMED,MEDIUM,
schakelpuntbrabant.info,PHISHING_CONFIRMED,MEDIUM,
96341870.xyz,PHISHING_CONFIRMED,MEDIUM,
zyphertechsol.com,PHISHING_CONFIRMED,MEDIUM,
hvcurrent.info,PHISHING_CONFIRMED,MEDIUM,
tanzania-sugar.net,PHISHING_CONFIRMED,MEDIUM,
un1rw11q4u.com,PHISHING_CONFIRMED,MEDIUM,
crysoxbit.com,PHISHING_CRYPTO,MEDIUM,
lon3vi.cfd,PHISHING_CONFIRMED,MEDIUM,
smyk-luz.com,PHISHING_CONFIRMED,MEDIUM,
4178xqa.hair,PHISHING_CONFIRMED,MEDIUM,
fullcircleenergy.info,PHISHING_CONFIRMED,MEDIUM,
luvsexybabes.com,PHISHING_CONFIRMED,MEDIUM,
debtnotequity.info,PHISHING_CONFIRMED,MEDIUM,
getfundscontrol.net,PHISHING_CRYPTO,MEDIUM,
19865347.xyz,PHISHING_CONFIRMED,MEDIUM,
trackingniu.life,PHISHING_CONFIRMED,MEDIUM,
st5nru.casa,PHISHING_CONFIRMED,MEDIUM,
inter-encryptlink.com,PHISHING_CRYPTO,MEDIUM,
onchainlayers.com,PHISHING_CRYPTO,MEDIUM,
95720461.xyz,PHISHING_CONFIRMED,MEDIUM,
ultracleanmasters.com,PHISHING_CONFIRMED,MEDIUM,
airavine.com,PHISHING_CONFIRMED,MEDIUM,
secure-uniswap.org,PHISHING_CRYPTO,MEDIUM,
scrollclaim.live,PHISHING_CRYPTO,MEDIUM,
dineroderegreso.info,PHISHING_CONFIRMED,MEDIUM,
claimcarv.xyz,PHISHING_CRYPTO,MEDIUM,
order-verification5267.help,PHISHING_CONFIRMED,MEDIUM,
84051976.xyz,PHISHING_CONFIRMED,MEDIUM,
bt-mining.com,PHISHING_CRYPTO,MEDIUM,
web3extension.lol,PHISHING_CRYPTO,MEDIUM,
baylescardshop.info,PHISHING_CONFIRMED,MEDIUM,
malisorgugov.org,PHISHING_CONFIRMED,MEDIUM,
robust-link-core.com,PHISHING_CONFIRMED,MEDIUM,
aslqjmrxkf.lol,PHISHING_CONFIRMED,MEDIUM,
bet73041.com,PHISHING_CONFIRMED,MEDIUM,
coachjohnnyw.info,PHISHING_CONFIRMED,MEDIUM,
brightsideastro.info,PHISHING_CONFIRMED,MEDIUM,
blockdagnetworkchain.live,PHISHING_CRYPTO,MEDIUM,
t4uosx.sbs,PHISHING_CONFIRMED,MEDIUM,
foundation-dk.site,PHISHING_CRYPTO,MEDIUM,
regentsrerpartners.click,PHISHING_CONFIRMED,MEDIUM,
1-pregnant-sex.com,PHISHING_CONFIRMED,MEDIUM,
evm-dev-fixpage.live,PHISHING_CRYPTO,MEDIUM,
96712530.xyz,PHISHING_CONFIRMED,MEDIUM,
binannse.com,PHISHING_CONFIRMED,MEDIUM,
21840965.xyz,PHISHING_CONFIRMED,MEDIUM,
earthtonole.info,PHISHING_CONFIRMED,MEDIUM,
lesotho-sugar.net,PHISHING_CONFIRMED,MEDIUM,
z4qm2xn.skin,PHISHING_CONFIRMED,MEDIUM,
stravixora.pro,PHISHING_CONFIRMED,MEDIUM,
5p5oj4k.hair,PHISHING_CONFIRMED,HIGH,
appwe.xyz,PHISHING_CONFIRMED,MEDIUM,
capitalreportzonez.info,PHISHING_CONFIRMED,MEDIUM,
apiconnectsbot.com,PHISHING_CRYPTO,MEDIUM,
kb3dri.qpon,PHISHING_CONFIRMED,MEDIUM,
stash-invest.com,PHISHING_CRYPTO,MEDIUM,
ifslu.info,PHISHING_CONFIRMED,MEDIUM,
actualiza-tu-pago.com,PHISHING_CONFIRMED,MEDIUM,
ai-market.live,PHISHING_CRYPTO,MEDIUM,
vote-me.finance,PHISHING_CRYPTO,MEDIUM,
polska-bitradex-pl.com,PHISHING_CONFIRMED,MEDIUM,
actualizarla-facturacion.com,PHISHING_CONFIRMED,MEDIUM,
id-me-xfs.help,PHISHING_CONFIRMED,MEDIUM,
travelnmguides.info,PHISHING_CONFIRMED,MEDIUM,
web3securedbackup.com,PHISHING_CRYPTO,MEDIUM,
tokenrouter.xyz,PHISHING_CRYPTO,MEDIUM,
3651566.com,PHISHING_CONFIRMED,MEDIUM,
aidrop.org,PHISHING_CRYPTO,MEDIUM,
airdropeigenproject.xyz,PHISHING_CRYPTO,MEDIUM,
s3m6n8.lat,PHISHING_CONFIRMED,MEDIUM,
5w3o86e3.skin,PHISHING_CONFIRMED,MEDIUM,
baldforbieber.com,PHISHING_CONFIRMED,MEDIUM,
ethereumdefi.net,PHISHING_CRYPTO,MEDIUM,
pepetocoins.com,PHISHING_CRYPTO,MEDIUM,
shieldpoint.live,PHISHING_CONFIRMED,MEDIUM,
claim-airdropdeepbook.xyz,PHISHING_CRYPTO,MEDIUM,
rdrurl.com,PHISHING_CONFIRMED,MEDIUM,
7zjp.com,PHISHING_CONFIRMED,MEDIUM,
spacevoyagesimulations.com,PHISHING_CONFIRMED,MEDIUM,
dappportal.icu,PHISHING_CRYPTO,MEDIUM,
21593867.xyz,PHISHING_CONFIRMED,MEDIUM,
nvda29k.com,PHISHING_CRYPTO,MEDIUM,
cryptoallstars-coin.com,PHISHING_CRYPTO,MEDIUM,
v6ittn.mom,PHISHING_CONFIRMED,MEDIUM,
1defidrop.com,PHISHING_CRYPTO,MEDIUM,
68321470.xyz,PHISHING_CONFIRMED,MEDIUM,
m87-sushi.xyz,PHISHING_CRYPTO,MEDIUM,
z2t1bh.lat,PHISHING_CONFIRMED,MEDIUM,
doz-rabot.sbs,PHISHING_CONFIRMED,MEDIUM,
jaypeggers.org,PHISHING_CRYPTO,MEDIUM,
kelmoranex24.com,PHISHING_CONFIRMED,MEDIUM,
dappradar-air.lol,PHISHING_CRYPTO,MEDIUM,
qdevio-airdrop.xyz,PHISHING_CRYPTO,MEDIUM,
0365ll.com,PHISHING_CONFIRMED,MEDIUM,
dapppradar.link,PHISHING_CRYPTO,MEDIUM,
factvista.info,PHISHING_CONFIRMED,MEDIUM,
qiv7ro.lat,PHISHING_CONFIRMED,MEDIUM,
airdrop-paintswap.com,PHISHING_CRYPTO,MEDIUM,
sapiennetwork-rewardsprogramxyz.lol,PHISHING_CRYPTO,MEDIUM,
allisoncreek.com,PHISHING_CONFIRMED,MEDIUM,
rpcnodefix.xyz,PHISHING_CRYPTO,MEDIUM,
ngles.xyz,PHISHING_CRYPTO,MEDIUM,
63hegte.lol,PHISHING_CONFIRMED,MEDIUM,
link-collab.land,PHISHING_CRYPTO,MEDIUM,
faucet-muitichain.pro,PHISHING_CRYPTO,MEDIUM,
decentralizedfix.com,PHISHING_CRYPTO,MEDIUM,
dogeuprising.art,PHISHING_CRYPTO,MEDIUM,
trwa-sushi.cfd,PHISHING_CRYPTO,MEDIUM,
gemxjy.com,PHISHING_CONFIRMED,MEDIUM,
claims-movementnetwork.com,PHISHING_CRYPTO,MEDIUM,
y6s2e8.lat,PHISHING_CONFIRMED,MEDIUM,
desolutiondapp.xyz,PHISHING_CRYPTO,MEDIUM,
cryptofair.lat,PHISHING_CRYPTO,MEDIUM,
3zw8rkv.hair,PHISHING_CONFIRMED,HIGH,
samratwear.com,PHISHING_CONFIRMED,MEDIUM,
servicemhl.quest,PHISHING_CONFIRMED,MEDIUM,
smartclaim.live,PHISHING_CRYPTO,MEDIUM,
t5c0x4.lat,PHISHING_CONFIRMED,MEDIUM,
claim-defi.xyz,PHISHING_CRYPTO,MEDIUM,
sushi-botto.xyz,PHISHING_CRYPTO,MEDIUM,
87409162.xyz,PHISHING_CONFIRMED,MEDIUM,
2k2n3n.skin,PHISHING_CONFIRMED,MEDIUM,
30917642.xyz,PHISHING_CONFIRMED,MEDIUM,
93051748.xyz,PHISHING_CONFIRMED,MEDIUM,
memefi-airdrop-claim.lol,PHISHING_CRYPTO,MEDIUM,
zora-airdrop.live,PHISHING_CRYPTO,MEDIUM,
ft4v.com,PHISHING_CONFIRMED,MEDIUM,
daydreamingirl.org,PHISHING_CONFIRMED,MEDIUM,
webassetshield.com,PHISHING_CRYPTO,MEDIUM,
growthine.xyz,PHISHING_CONFIRMED,MEDIUM,
dapp-staking.app,PHISHING_CRYPTO,MEDIUM,
dispositivo-localizado.com,PHISHING_CONFIRMED,MEDIUM,
webdex-extension.lol,PHISHING_CRYPTO,MEDIUM,
merlin-chainlist.lol,PHISHING_CRYPTO,MEDIUM,
giancarloneri.info,PHISHING_CONFIRMED,MEDIUM,
metamask-al-web30.com,PHISHING_CRYPTO,MEDIUM,
renzoprotocol-claims.xyz,PHISHING_CRYPTO,MEDIUM,
trackingvtz.life,PHISHING_CONFIRMED,MEDIUM,
kaito-allocation.com,PHISHING_CRYPTO,MEDIUM,
cloneforest.info,PHISHING_CONFIRMED,MEDIUM,
icloud-irecoverymaps.help,PHISHING_CONFIRMED,MEDIUM,
alexmotionpicture.com,PHISHING_CONFIRMED,MEDIUM,
acimo.com,PHISHING_CONFIRMED,MEDIUM,
c9n2r7.sbs,PHISHING_CONFIRMED,MEDIUM,
uniqueandi.info,PHISHING_CONFIRMED,MEDIUM,
75480912.xyz,PHISHING_CONFIRMED,MEDIUM,
propose-chains.network,PHISHING_CRYPTO,MEDIUM,
goohyt.info,PHISHING_CONFIRMED,MEDIUM,
8eje764h.lat,PHISHING_CONFIRMED,MEDIUM,
investcreations.com,PHISHING_CONFIRMED,MEDIUM,
8rv4pkn.hair,PHISHING_CONFIRMED,MEDIUM,
infoceria.xyz,PHISHING_CONFIRMED,MEDIUM,
blockzdagnetwork.live,PHISHING_CRYPTO,MEDIUM,
homlaoutlet.com,PHISHING_CONFIRMED,MEDIUM,
inweb3.lol,PHISHING_CRYPTO,MEDIUM,
mabcdefghi.digital,PHISHING_CONFIRMED,MEDIUM,
27468105.xyz,PHISHING_CONFIRMED,MEDIUM,
scandagra.info,PHISHING_CONFIRMED,MEDIUM,
dappslayer.online,PHISHING_CRYPTO,MEDIUM,
solvarixaa.info,PHISHING_CONFIRMED,MEDIUM,
walletcheckers.com,PHISHING_CRYPTO,MEDIUM,
ainonmohd.com,PHISHING_CRYPTO,MEDIUM,
yuga-labs.xyz,PHISHING_CRYPTO,MEDIUM,
15893742.xyz,PHISHING_CONFIRMED,MEDIUM,
processingcontext.com,PHISHING_CONFIRMED,MEDIUM,
thenval.org,PHISHING_CONFIRMED,MEDIUM,
hzqyzs.com,PHISHING_CONFIRMED,MEDIUM,
qsidepd.info,PHISHING_CONFIRMED,MEDIUM,
web3ecosystem.net,PHISHING_CRYPTO,MEDIUM,
dappradar-drop.lol,PHISHING_CRYPTO,MEDIUM,
registeredagentsincalifornia.com,PHISHING_CONFIRMED,MEDIUM,
m4v2y9.cfd,PHISHING_CONFIRMED,MEDIUM,
spotifycenter.help,PHISHING_CONFIRMED,MEDIUM,
newjerseypetsitter.org,PHISHING_CONFIRMED,MEDIUM,
bet7585.com,PHISHING_CONFIRMED,MEDIUM,
oethvault.net,PHISHING_CRYPTO,MEDIUM,
2hbh3u.skin,PHISHING_CONFIRMED,MEDIUM,
o8wy.com,PHISHING_CONFIRMED,MEDIUM,
bet63ss.com,PHISHING_CONFIRMED,MEDIUM,
homlaplpromo.com,PHISHING_CONFIRMED,MEDIUM,
quickclaimevnodlid.lol,PHISHING_CRYPTO,MEDIUM,
claim-xoob.xyz,PHISHING_CRYPTO,MEDIUM,
joinstakehouse.net,PHISHING_CRYPTO,MEDIUM,
poczta-polska.autos,PHISHING_CONFIRMED,MEDIUM,
blockdagsnetworking.live,PHISHING_CRYPTO,MEDIUM,
nevadasportsadvisors.info,PHISHING_CONFIRMED,MEDIUM,
99900.icu,PHISHING_CONFIRMED,MEDIUM,
babydoge-share.xyz,PHISHING_CRYPTO,MEDIUM,
maxismyclp.help,PHISHING_CONFIRMED,MEDIUM,
disneykonto24.com,PHISHING_CONFIRMED,MEDIUM,
freeairdropalert.site,PHISHING_CRYPTO,MEDIUM,
ameli-renouvellement-compte.com,PHISHING_CONFIRMED,MEDIUM,
dex-multichaindapps.xyz,PHISHING_CRYPTO,MEDIUM,
finpulsewatch2.pro,PHISHING_CONFIRMED,MEDIUM,
govplcapital.hair,PHISHING_CONFIRMED,MEDIUM,
trone.org,PHISHING_CONFIRMED,MEDIUM,
app-derive.xyz,PHISHING_CRYPTO,MEDIUM,
sent-coinbase.com,PHISHING_CRYPTO,MEDIUM,
utah-gov-di.life,PHISHING_CONFIRMED,MEDIUM,
citrio.com,PHISHING_CONFIRMED,MEDIUM,
anpost-track.info,PHISHING_CONFIRMED,MEDIUM,
7hwt35.courses,PHISHING_CONFIRMED,MEDIUM,
azrewithtoni.info,PHISHING_CONFIRMED,MEDIUM,
4f2fwdr.lol,PHISHING_CONFIRMED,MEDIUM,
node-resolve.xyz,PHISHING_CRYPTO,MEDIUM,
ventorylabs.app,PHISHING_CRYPTO,MEDIUM,
pl-mohito.sbs,PHISHING_CONFIRMED,MEDIUM,
pinevalleyview.pro,PHISHING_CONFIRMED,MEDIUM,
kynetra.info,PHISHING_CONFIRMED,MEDIUM,
foundation-1t.xyz,PHISHING_CRYPTO,MEDIUM,
trzonrendownia.com,PHISHING_CONFIRMED,MEDIUM,
segamarcos.info,PHISHING_CONFIRMED,MEDIUM,
tw52tf653.lat,PHISHING_CONFIRMED,MEDIUM,
relais-expedition.com,PHISHING_CONFIRMED,MEDIUM,
x9mt2qn.skin,PHISHING_CONFIRMED,MEDIUM,
tk-toniesspieluhr.help,PHISHING_CONFIRMED,MEDIUM,
airdrop-blum.icu,PHISHING_CRYPTO,MEDIUM,
defi-v2-protocol.xyz,PHISHING_CRYPTO,MEDIUM,
msytnodes.xyz,PHISHING_CRYPTO,MEDIUM,
avukat-dosyam.com,PHISHING_CONFIRMED,MEDIUM,
dexaelottrade.org,PHISHING_CRYPTO,MEDIUM,
socialprotoday.info,PHISHING_CONFIRMED,MEDIUM,
asliyesorgu.org,PHISHING_CONFIRMED,MEDIUM,
assetine.xyz,PHISHING_CONFIRMED,MEDIUM,
eigentokens-claims.xyz,PHISHING_CRYPTO,MEDIUM,
defi-universaldapps.xyz,PHISHING_CRYPTO,MEDIUM,
steth-sushi.xyz,PHISHING_CRYPTO,MEDIUM,
helptrustwallet.com,PHISHING_CRYPTO,MEDIUM,
drogerienaturasale1.sbs,PHISHING_CONFIRMED,MEDIUM,
renzoxprotocol.com,PHISHING_CRYPTO,MEDIUM,
ixueo.net,PHISHING_CRYPTO,MEDIUM,
rnbtechinc.com,PHISHING_CONFIRMED,MEDIUM,
copykitty.info,PHISHING_CONFIRMED,MEDIUM,
cryptbridge.xyz,PHISHING_CRYPTO,MEDIUM,
webnodeprotect.online,PHISHING_CRYPTO,MEDIUM,
amlbinance.org,PHISHING_CRYPTO,MEDIUM,
interface-quickswap.com,PHISHING_CRYPTO,MEDIUM,
spotifytransakcjapremium.help,PHISHING_CONFIRMED,MEDIUM,
lum2ro.lat,PHISHING_CONFIRMED,MEDIUM,
tate-airdrop.com,PHISHING_CRYPTO,MEDIUM,
o9k1n4.lat,PHISHING_CONFIRMED,MEDIUM,
28huwy.lat,PHISHING_CONFIRMED,MEDIUM,
kenwillzltd.com,PHISHING_CONFIRMED,MEDIUM,
crypto-event.com,PHISHING_CRYPTO,MEDIUM,
archipectrum.com,PHISHING_CONFIRMED,MEDIUM,
andrewgagen.info,PHISHING_CONFIRMED,MEDIUM,
awgaragedoor.com,PHISHING_CONFIRMED,MEDIUM,
1626eye3.lat,PHISHING_CONFIRMED,MEDIUM,
trekpleister-nl.sbs,PHISHING_CONFIRMED,MEDIUM,
elitesonlinedispensary.com,PHISHING_CONFIRMED,MEDIUM,
shopping4now.com,PHISHING_CONFIRMED,MEDIUM,
83yet5g.lol,PHISHING_CONFIRMED,MEDIUM,
neotronicdev.com,PHISHING_CONFIRMED,MEDIUM,
dappslister.com,PHISHING_CRYPTO,MEDIUM,
inaschina.com,PHISHING_CONFIRMED,MEDIUM,
aiforgetk.click,PHISHING_CONFIRMED,MEDIUM,
myeherwallet.com,PHISHING_CRYPTO,MEDIUM,
silmorentaq.info,PHISHING_CONFIRMED,MEDIUM,
galxeapp.org,PHISHING_CRYPTO,MEDIUM,
de-apple-store.help,PHISHING_CONFIRMED,MEDIUM,
syrup-fi.dev,PHISHING_CRYPTO,MEDIUM,
dapp-activator.xyz,PHISHING_CRYPTO,MEDIUM,
claims-zetachain.xyz,PHISHING_CRYPTO,MEDIUM,
k2x8v1.cfd,PHISHING_CONFIRMED,MEDIUM,
z2whjt.casa,PHISHING_CONFIRMED,MEDIUM,
blockdags.net,PHISHING_CRYPTO,MEDIUM,
americaexpressteam.cfd,PHISHING_CONFIRMED,MEDIUM,
protocol-dash.com,PHISHING_CRYPTO,MEDIUM,
dapps-onchain.live,PHISHING_CRYPTO,MEDIUM,
b7r8d1.cfd,PHISHING_CONFIRMED,MEDIUM,
thrsruter.finance,PHISHING_CRYPTO,MEDIUM,
akash.news,PHISHING_CONFIRMED,MEDIUM,
claims-dogecoin.com,PHISHING_CRYPTO,MEDIUM,
swoleism.com,PHISHING_CONFIRMED,MEDIUM,
gooddiplomb.online,PHISHING_CONFIRMED,MEDIUM,
arbitrum.claims,PHISHING_CRYPTO,MEDIUM,
ekklesiadallas.info,PHISHING_CONFIRMED,MEDIUM,
sunsgpsl.com,PHISHING_CONFIRMED,MEDIUM,
predictone.finance,PHISHING_CRYPTO,MEDIUM,
exactinfosys.info,PHISHING_CONFIRMED,MEDIUM,
smartguardnational.autos,PHISHING_CONFIRMED,MEDIUM,
spotifykontouzytkownika.help,PHISHING_CONFIRMED,MEDIUM,
24853179.xyz,PHISHING_CONFIRMED,MEDIUM,
claim-carvv.xyz,PHISHING_CRYPTO,MEDIUM,
o5fpfu.cfd,PHISHING_CONFIRMED,MEDIUM,
dappquickrectify.lol,PHISHING_CRYPTO,MEDIUM,
vanry-sushi.xyz,PHISHING_CRYPTO,MEDIUM,
grass-app-foundation.xyz,PHISHING_CRYPTO,MEDIUM,
serenefinds.xyz,PHISHING_CONFIRMED,MEDIUM,
426fwfs.lat,PHISHING_CONFIRMED,MEDIUM,
sindloersme.ink,PHISHING_CONFIRMED,MEDIUM,
rntsale.net,PHISHING_CRYPTO,MEDIUM,
dappchainapp.org,PHISHING_CRYPTO,MEDIUM,
6ygw2.garden,PHISHING_CONFIRMED,MEDIUM,
axionarch.sbs,PHISHING_CRYPTO,MEDIUM,
app-mitosis.digital,PHISHING_CRYPTO,MEDIUM,
isasapuri.info,PHISHING_CONFIRMED,MEDIUM,
d4vbqg.best,PHISHING_CONFIRMED,MEDIUM,
myethrewallet.com,PHISHING_CRYPTO,MEDIUM,
76214-coinbase.com,PHISHING_CRYPTO,MEDIUM,
paws-rewards.xyz,PHISHING_CRYPTO,MEDIUM,
81470526.xyz,PHISHING_CONFIRMED,MEDIUM,
smartdappnodes.com,PHISHING_CRYPTO,MEDIUM,
get-hypers.app,PHISHING_CRYPTO,MEDIUM,
tokibasvuru.click,PHISHING_CONFIRMED,MEDIUM,
261512553.xyz,PHISHING_CONFIRMED,MEDIUM,
kyberswap.app,PHISHING_CRYPTO,MEDIUM,
fusionlots.com,PHISHING_CRYPTO,MEDIUM,
orochiairdrop.network,PHISHING_CRYPTO,MEDIUM,
dappschainapp.org,PHISHING_CRYPTO,MEDIUM,
alldapp-restore.com,PHISHING_CRYPTO,MEDIUM,
t9k2x4.lat,PHISHING_CONFIRMED,MEDIUM,
thebugfix.xyz,PHISHING_CRYPTO,MEDIUM,
myqjfs.com,PHISHING_CONFIRMED,MEDIUM,
xx1biq.casa,PHISHING_CONFIRMED,MEDIUM,
k0x9c7.lat,PHISHING_CONFIRMED,MEDIUM,
76243905.xyz,PHISHING_CONFIRMED,MEDIUM,
xopccoin.lol,PHISHING_CRYPTO,MEDIUM,
freshdepor.com,PHISHING_CONFIRMED,MEDIUM,
app-royco.icu,PHISHING_CRYPTO,MEDIUM,
jinshushangmao.com,PHISHING_CONFIRMED,MEDIUM,
39586741.xyz,PHISHING_CONFIRMED,MEDIUM,
keela24hr.com,PHISHING_CONFIRMED,MEDIUM,
chalnist.org,PHISHING_CRYPTO,MEDIUM,
mediabridge.cc,PHISHING_CONFIRMED,MEDIUM,
disneypinacles.info,PHISHING_CRYPTO,MEDIUM,
anonreg.site,PHISHING_CONFIRMED,MEDIUM,
laschotutoring.com,PHISHING_CONFIRMED,MEDIUM,
choosegrateful.info,PHISHING_CONFIRMED,MEDIUM,
gethoup.net,PHISHING_CONFIRMED,MEDIUM,
eobuwiepoland.sbs,PHISHING_CONFIRMED,MEDIUM,
sunshinestampede.info,PHISHING_CONFIRMED,MEDIUM,
accdocsigns.com,PHISHING_CONFIRMED,MEDIUM,
27039458.xyz,PHISHING_CONFIRMED,MEDIUM,
recipesadvisor.com,PHISHING_CONFIRMED,MEDIUM,
85630298.com,PHISHING_CONFIRMED,MEDIUM,
1rd2r2g.wiki,PHISHING_CONFIRMED,MEDIUM,
smartdapptool.com,PHISHING_CRYPTO,MEDIUM,
s0a4k5.lat,PHISHING_CONFIRMED,MEDIUM,
amarostrategies.info,PHISHING_CONFIRMED,MEDIUM,
babydoge-rewards.xyz,PHISHING_CRYPTO,MEDIUM,
92hgwrrf.lat,PHISHING_CONFIRMED,MEDIUM,
r7qn5pv.hair,PHISHING_CONFIRMED,HIGH,
cloudstorageweb.info,PHISHING_CONFIRMED,MEDIUM,
jng-pro-academy.com,PHISHING_CONFIRMED,MEDIUM,
curvefi.app,PHISHING_CRYPTO,MEDIUM,
xc900.com,PHISHING_CONFIRMED,MEDIUM,
pepc0promocja.com,PHISHING_CONFIRMED,MEDIUM,
web3creds.com,PHISHING_CRYPTO,MEDIUM,
vvhatssapp.vip,PHISHING_CONFIRMED,MEDIUM,
86250974.xyz,PHISHING_CONFIRMED,MEDIUM,
a7dalf.icu,PHISHING_CONFIRMED,MEDIUM,
q6qevf.casa,PHISHING_CONFIRMED,MEDIUM,
airdrop-floki.xyz,PHISHING_CRYPTO,MEDIUM,
elon-sushi.cfd,PHISHING_CRYPTO,MEDIUM,
yi3urc.cfd,PHISHING_CONFIRMED,MEDIUM,
5wtfr4.work,PHISHING_CONFIRMED,MEDIUM,
smartchaindapps.com,PHISHING_CRYPTO,MEDIUM,
ss9jup.casa,PHISHING_CONFIRMED,MEDIUM,
register-pyth.network,PHISHING_CRYPTO,MEDIUM,
mainnetdapps.lol,PHISHING_CRYPTO,MEDIUM,
96372154.xyz,PHISHING_CONFIRMED,MEDIUM,
43qfrdr.lat,PHISHING_CONFIRMED,MEDIUM,
claimtoken-opensea.com,PHISHING_CRYPTO,MEDIUM,
rizzohotels.com,PHISHING_CONFIRMED,MEDIUM,
encodraw.com,PHISHING_CRYPTO,MEDIUM,
claim-toshi.com,PHISHING_CRYPTO,MEDIUM,
2rtfwt55.lol,PHISHING_CONFIRMED,MEDIUM,
upgradeapp-connection.website,PHISHING_CRYPTO,MEDIUM,
ora-claim.xyz,PHISHING_CRYPTO,MEDIUM,
maskrewards-portfolio.click,PHISHING_CRYPTO,MEDIUM,
1t265t.hair,PHISHING_CONFIRMED,MEDIUM,
actualorbitra.com,PHISHING_CONFIRMED,MEDIUM,
utah-gov-sq.life,PHISHING_CONFIRMED,MEDIUM,
nhpslbmgzq.click,PHISHING_CONFIRMED,MEDIUM,
7420qra.hair,PHISHING_CONFIRMED,MEDIUM,
pel3ar.lat,PHISHING_CONFIRMED,MEDIUM,
configuremyserver.com,PHISHING_CONFIRMED,MEDIUM,
dappspherexhub.com,PHISHING_CRYPTO,MEDIUM,
e-t3llstra.icu,PHISHING_CONFIRMED,MEDIUM,
bet73099.com,PHISHING_CONFIRMED,MEDIUM,
918ht.com,PHISHING_CONFIRMED,MEDIUM,
interbankpe.net,PHISHING_CONFIRMED,MEDIUM,
j5x3p2.lat,PHISHING_CONFIRMED,MEDIUM,
planetqagreen.info,PHISHING_CONFIRMED,MEDIUM,
y8smyv.cfd,PHISHING_CONFIRMED,MEDIUM,
abuit.info,PHISHING_CONFIRMED,MEDIUM,
fukucoins.xyz,PHISHING_CRYPTO,MEDIUM,
4rk7xzp.qpon,PHISHING_CONFIRMED,MEDIUM,
julyneeds.com,PHISHING_CONFIRMED,MEDIUM,
abescto.com,PHISHING_CRYPTO,MEDIUM,
internetissue.autos,PHISHING_CONFIRMED,MEDIUM,
pgslottruewallets.com,PHISHING_CRYPTO,MEDIUM,
trhrurhster.finance,PHISHING_CRYPTO,MEDIUM,
gr1hao.qpon,PHISHING_CONFIRMED,MEDIUM,
carv-token-claim.xyz,PHISHING_CRYPTO,MEDIUM,
mlmypx.com,PHISHING_CONFIRMED,MEDIUM,
dalipiara.info,PHISHING_CONFIRMED,MEDIUM,
ethena-labs.xyz,PHISHING_CRYPTO,MEDIUM,
chiliz-airdrop.lol,PHISHING_CRYPTO,MEDIUM,
mylanpin.com,PHISHING_CONFIRMED,MEDIUM,
ixels.info,PHISHING_CONFIRMED,MEDIUM,
continvu.com,PHISHING_CONFIRMED,MEDIUM,
bet73001.com,PHISHING_CONFIRMED,MEDIUM,
3u8e3y.hair,PHISHING_CONFIRMED,MEDIUM,
akshaypatil.info,PHISHING_CONFIRMED,MEDIUM,
23560794.xyz,PHISHING_CONFIRMED,MEDIUM,
govpoes.cyou,PHISHING_CONFIRMED,MEDIUM,
6e3u48e6.hair,PHISHING_CONFIRMED,HIGH,
sfdshake.sbs,PHISHING_CONFIRMED,MEDIUM,
acrosstov2.org,PHISHING_CRYPTO,MEDIUM,
eth-validation.com,PHISHING_CRYPTO,MEDIUM,
claim-xionburnts.com,PHISHING_CRYPTO,MEDIUM,
patterndomain.info,PHISHING_CONFIRMED,MEDIUM,
fw8lya.casa,PHISHING_CONFIRMED,MEDIUM,
metatime.pro,PHISHING_CRYPTO,MEDIUM,
lidofi-staking.app,PHISHING_CRYPTO,MEDIUM,
tj7lqx.qpon,PHISHING_CONFIRMED,MEDIUM,
m3xz7qn.skin,PHISHING_CONFIRMED,MEDIUM,
81397024.xyz,PHISHING_CONFIRMED,MEDIUM,
snappz.lat,PHISHING_CONFIRMED,MEDIUM,
brett-rewarding.com,PHISHING_CRYPTO,MEDIUM,
cfdfloorng.net,PHISHING_CONFIRMED,MEDIUM,
ondo-sushi.xyz,PHISHING_CRYPTO,MEDIUM,
applfind.com,PHISHING_CONFIRMED,MEDIUM,
87413062.xyz,PHISHING_CONFIRMED,MEDIUM,
galaxecoins.com,PHISHING_CRYPTO,MEDIUM,
doujiaow4.com,PHISHING_CONFIRMED,MEDIUM,
drogerienatura-poland.sbs,PHISHING_CONFIRMED,MEDIUM,
pl-584941.icu,PHISHING_CONFIRMED,MEDIUM,
homfor.info,PHISHING_CONFIRMED,MEDIUM,
36294718.xyz,PHISHING_CONFIRMED,MEDIUM,
nftseahub.com,PHISHING_CRYPTO,MEDIUM,
ms7gaw.best,PHISHING_CONFIRMED,MEDIUM,
registeredagentsintennessee.com,PHISHING_CONFIRMED,MEDIUM,
cronos.gift,PHISHING_CRYPTO,MEDIUM,
jidosharepairdoctor.info,PHISHING_CONFIRMED,MEDIUM,
xvenusup.com,PHISHING_CRYPTO,MEDIUM,
flameflickers.com,PHISHING_CRYPTO,MEDIUM,
4wgw5et.lat,PHISHING_CONFIRMED,MEDIUM,
theolaedogroup.info,PHISHING_CONFIRMED,MEDIUM,
blackperini.site,PHISHING_CONFIRMED,MEDIUM,
karak-home.xyz,PHISHING_CRYPTO,MEDIUM,
19200c.com,PHISHING_CONFIRMED,MEDIUM,
update-myntfx.icu,PHISHING_CRYPTO,MEDIUM,
comertialofficial.xyz,PHISHING_CONFIRMED,MEDIUM,
myopenspotify.help,PHISHING_CONFIRMED,MEDIUM,
qassetconnect.online,PHISHING_CRYPTO,MEDIUM,
7eh36er.lat,PHISHING_CONFIRMED,MEDIUM,
popub.com,PHISHING_CONFIRMED,MEDIUM,
infofrntier.xyz,PHISHING_CONFIRMED,MEDIUM,
creativered7.com,PHISHING_CONFIRMED,MEDIUM,
y4p7r8.lat,PHISHING_CONFIRMED,MEDIUM,
migrate-hilotoken.site,PHISHING_CRYPTO,MEDIUM,
briefjet.com,PHISHING_CONFIRMED,MEDIUM,
c4ixui.sbs,PHISHING_CONFIRMED,MEDIUM,
checker-manrta.zone,PHISHING_CRYPTO,MEDIUM,
senvix-oficjalny.com,PHISHING_CONFIRMED,MEDIUM,
swellrewards.network,PHISHING_CRYPTO,MEDIUM,
tst-sushi.lat,PHISHING_CRYPTO,MEDIUM,
trustchainwallet.com,PHISHING_CRYPTO,MEDIUM,
quantumrecommendedledger.net,PHISHING_CRYPTO,MEDIUM,
thorchainapp.com,PHISHING_CRYPTO,MEDIUM,
immediateflow.com,PHISHING_CRYPTO,MEDIUM,
83912-coinbase.com,PHISHING_CONFIRMED,MEDIUM,
bnsmei.com,PHISHING_CONFIRMED,MEDIUM,
pushd-claim.com,PHISHING_CRYPTO,MEDIUM,
prestamodigital.sbs,PHISHING_CONFIRMED,MEDIUM,
cooingecko.com,PHISHING_CRYPTO,MEDIUM,
ldlc.lol,PHISHING_CRYPTO,MEDIUM,
amlcheck.bot,PHISHING_CRYPTO,MEDIUM,
spacex.gives,PHISHING_CRYPTO,MEDIUM,
qr-876uh86.online,PHISHING_CRYPTO,MEDIUM,
memeinndex.live,PHISHING_CRYPTO,MEDIUM,
hearinghealthplan.info,PHISHING_CONFIRMED,MEDIUM,
42rw4e.lat,PHISHING_CONFIRMED,MEDIUM,
philtokenmigrate.xyz,PHISHING_CRYPTO,MEDIUM,
secearly.xyz,PHISHING_CRYPTO,MEDIUM,
b8k3v5.cfd,PHISHING_CONFIRMED,MEDIUM,
usdcevent.net,PHISHING_CRYPTO,MEDIUM,
kalverionexaq.info,PHISHING_CONFIRMED,MEDIUM,
cryptostars-drop.lol,PHISHING_CRYPTO,MEDIUM,
d3p4n5.sbs,PHISHING_CONFIRMED,MEDIUM,
nodeapp-serverlaunch.com,PHISHING_CRYPTO,MEDIUM,
connect-chain-dapps1-net.online,PHISHING_CRYPTO,MEDIUM,
pl-doz.sbs,PHISHING_CONFIRMED,MEDIUM,
icloud-searchdevice.help,PHISHING_CONFIRMED,MEDIUM,
24089371.xyz,PHISHING_CONFIRMED,MEDIUM,
x9qm5wr.skin,PHISHING_CONFIRMED,MEDIUM,
vaults-bittrex.com,PHISHING_CRYPTO,MEDIUM,
poloniex.cloud,PHISHING_CRYPTO,MEDIUM,
investreportwatchx.pro,PHISHING_CONFIRMED,MEDIUM,
uspostagesale.com,PHISHING_CONFIRMED,MEDIUM,
opensea.life,PHISHING_CRYPTO,MEDIUM,
stonclaim.com,PHISHING_CRYPTO,MEDIUM,
accountsettings.app,PHISHING_CONFIRMED,MEDIUM,
blockdagsupport.network,PHISHING_CRYPTO,MEDIUM,
claim-aerodromefi.finance,PHISHING_CRYPTO,MEDIUM,
8jhwgba.lat,PHISHING_CONFIRMED,MEDIUM,
amlbotcompany.net,PHISHING_CRYPTO,MEDIUM,
bet73ee.com,PHISHING_CONFIRMED,MEDIUM,
gdmlcc.com,PHISHING_CRYPTO,MEDIUM,
8vz2mxr.skin,PHISHING_CONFIRMED,HIGH,
y8xnvg.rest,PHISHING_CONFIRMED,MEDIUM,
soitcolor.com,PHISHING_CONFIRMED,MEDIUM,
cryptomainetapps.site,PHISHING_CRYPTO,MEDIUM,
g4m3x8.lat,PHISHING_CONFIRMED,MEDIUM,
dappsradarlab.com,PHISHING_CRYPTO,MEDIUM,
den6is.lat,PHISHING_CONFIRMED,MEDIUM,
31659024.xyz,PHISHING_CONFIRMED,MEDIUM,
officialwebmainnet.icu,PHISHING_CRYPTO,MEDIUM,
4wfgvwf.lat,PHISHING_CONFIRMED,MEDIUM,
qfsglobe.com,PHISHING_CRYPTO,MEDIUM,
utah-gov-fc.life,PHISHING_CONFIRMED,MEDIUM,
ahlihospitalbidqa.com,PHISHING_CONFIRMED,MEDIUM,
monky-sushi.cfd,PHISHING_CRYPTO,MEDIUM,
beefymultichain.com,PHISHING_CRYPTO,MEDIUM,
j1nvbu.cfd,PHISHING_CONFIRMED,MEDIUM,
topperformancetc.info,PHISHING_CONFIRMED,MEDIUM,
eth-gas.org,PHISHING_CRYPTO,MEDIUM,
polygon-swaps.com,PHISHING_CRYPTO,MEDIUM,
75246819.xyz,PHISHING_CONFIRMED,MEDIUM,
fidelidade-sicred.icu,PHISHING_CONFIRMED,MEDIUM,
benulekaren-sale.sbs,PHISHING_CONFIRMED,MEDIUM,
pol7en.lat,PHISHING_CONFIRMED,MEDIUM,
86475021.xyz,PHISHING_CONFIRMED,MEDIUM,
zerlons.org,PHISHING_CRYPTO,MEDIUM,
debankdrop.lol,PHISHING_CRYPTO,MEDIUM,
gw640.com,PHISHING_CONFIRMED,MEDIUM,
serviceinl.cyou,PHISHING_CONFIRMED,MEDIUM,
xim3xo.lat,PHISHING_CONFIRMED,MEDIUM,
magiceden.red,PHISHING_CRYPTO,MEDIUM,
trackingaen.life,PHISHING_CONFIRMED,MEDIUM,
megadropclaim.com,PHISHING_CRYPTO,MEDIUM,
r9qk6pt.hair,PHISHING_CONFIRMED,MEDIUM,
scotiaonline-verification.com,PHISHING_CONFIRMED,MEDIUM,
spotifyoplatapremium24.help,PHISHING_CONFIRMED,MEDIUM,
edeka24.help,PHISHING_CONFIRMED,MEDIUM,
zm232.com,PHISHING_CONFIRMED,MEDIUM,
s1e9n3.lat,PHISHING_CONFIRMED,MEDIUM,
qfsnanotox.com,PHISHING_CRYPTO,MEDIUM,
4wt2rpk.ink,PHISHING_CONFIRMED,MEDIUM,
prohubsoftware.info,PHISHING_CONFIRMED,MEDIUM,
b25bbb.com,PHISHING_CONFIRMED,MEDIUM,
icloudwebus-ext04.help,PHISHING_CONFIRMED,MEDIUM,
over-network.net,PHISHING_CRYPTO,MEDIUM,
37580296.xyz,PHISHING_CONFIRMED,MEDIUM,
025nh.com,PHISHING_CONFIRMED,MEDIUM,
3qee2w.garden,PHISHING_CONFIRMED,MEDIUM,
bulkcoop.org,PHISHING_CONFIRMED,MEDIUM,
braincash.com,PHISHING_CONFIRMED,MEDIUM,
monkeyseyebrow.org,PHISHING_CONFIRMED,MEDIUM,
6w6w5e.lat,PHISHING_CONFIRMED,MEDIUM,
lashesbyrk.net,PHISHING_CONFIRMED,MEDIUM,
summitgrovehub.pro,PHISHING_CONFIRMED,MEDIUM,
registeredagentsiniowa.com,PHISHING_CONFIRMED,MEDIUM,
ya4gru.lat,PHISHING_CONFIRMED,MEDIUM,
web3securityconnects.com,PHISHING_CRYPTO,MEDIUM,
bjnbjk.com,PHISHING_CONFIRMED,MEDIUM,
centerforappliedtheatre.com,PHISHING_CONFIRMED,MEDIUM,
smyk-save.com,PHISHING_CONFIRMED,MEDIUM,
harleytrikesusa.com,PHISHING_CONFIRMED,MEDIUM,
m0x7a9.lat,PHISHING_CONFIRMED,MEDIUM,
unbiased.store,PHISHING_CONFIRMED,MEDIUM,
93jneuy.ink,PHISHING_CONFIRMED,MEDIUM,
find-cludsoport.com,PHISHING_CONFIRMED,MEDIUM,
73ye6eg.lol,PHISHING_CONFIRMED,MEDIUM,
api-collab.land,PHISHING_CRYPTO,MEDIUM,
62tw53.wiki,PHISHING_CONFIRMED,MEDIUM,
600345.xyz,PHISHING_CONFIRMED,MEDIUM,
imagibiz.info,PHISHING_CONFIRMED,MEDIUM,
comradestech.com,PHISHING_CONFIRMED,MEDIUM,
hub-collab.land,PHISHING_CRYPTO,MEDIUM,
apps-aigentx.xyz,PHISHING_CRYPTO,MEDIUM,
admincoinbase.com,PHISHING_CRYPTO,MEDIUM,
aml-verification.net,PHISHING_CRYPTO,MEDIUM,
easybgguide.info,PHISHING_CONFIRMED,MEDIUM,
5lp5o5.hair,PHISHING_CONFIRMED,MEDIUM,
finonscimbnq.click,PHISHING_CONFIRMED,MEDIUM,
jolte.cfd,PHISHING_CONFIRMED,MEDIUM,
zereons.com,PHISHING_CRYPTO,MEDIUM,
apple-location-inc.com,PHISHING_CONFIRMED,MEDIUM,
pixelmind.click,PHISHING_CONFIRMED,MEDIUM,
com-1kbu.sbs,PHISHING_CONFIRMED,MEDIUM,
egmportal.com,PHISHING_CONFIRMED,MEDIUM,
rexassrewards.blog,PHISHING_CRYPTO,MEDIUM,
economics.icu,PHISHING_CRYPTO,MEDIUM,
freeminecraftgiftcode.net,PHISHING_CONFIRMED,MEDIUM,
gi2mqf.sbs,PHISHING_CONFIRMED,HIGH,
donewellschema.com,PHISHING_CONFIRMED,MEDIUM,
mediazcorp.com,PHISHING_CONFIRMED,MEDIUM,
ivo7ri.lat,PHISHING_CONFIRMED,MEDIUM,
skilldrivenlife.com,PHISHING_CONFIRMED,MEDIUM,
bestdex.live,PHISHING_CRYPTO,MEDIUM,
x3qt6mv.skin,PHISHING_CONFIRMED,MEDIUM,
bedrock-technology.app,PHISHING_CRYPTO,MEDIUM,
gakc.xyz,PHISHING_CRYPTO,MEDIUM,
claiming-tokens.pro,PHISHING_CRYPTO,MEDIUM,
andzela.xyz,PHISHING_CONFIRMED,MEDIUM,
getflare.network,PHISHING_CRYPTO,MEDIUM,
shrubhegehog.xyz,PHISHING_CRYPTO,MEDIUM,
fintrendwatchq.info,PHISHING_CONFIRMED,MEDIUM,
x6mn3qt.skin,PHISHING_CONFIRMED,MEDIUM,
optimism-airdrop.com,PHISHING_CRYPTO,MEDIUM,
23480796.xyz,PHISHING_CONFIRMED,MEDIUM,
4wfwr2.lat,PHISHING_CONFIRMED,MEDIUM,
usdtipo.com,PHISHING_CRYPTO,MEDIUM,
ls1wgi.horse,PHISHING_CONFIRMED,MEDIUM,
httpbarclayexchange.com,PHISHING_CRYPTO,MEDIUM,
concretecontractorsmyrtlebeachsc.com,PHISHING_CONFIRMED,MEDIUM,
payouts-bia.com,PHISHING_CRYPTO,MEDIUM,
encontrar-id.info,PHISHING_CONFIRMED,MEDIUM,
steancommuinty.com,PHISHING_CONFIRMED,MEDIUM,
bet73ii.com,PHISHING_CONFIRMED,MEDIUM,
gh4mmu.sbs,PHISHING_CONFIRMED,HIGH,
bitcoinmix.cash,PHISHING_CRYPTO,MEDIUM,
moralysmaneys.org,PHISHING_CRYPTO,MEDIUM,
fastclaim.live,PHISHING_CRYPTO,MEDIUM,
dappsol.icu,PHISHING_CRYPTO,MEDIUM,
finbrieftrackerz.info,PHISHING_CONFIRMED,MEDIUM,
azeiteeoliva.info,PHISHING_CONFIRMED,MEDIUM,
ismailtozan.com,PHISHING_CONFIRMED,MEDIUM,
urielray.com,PHISHING_CONFIRMED,MEDIUM,
minlojma.com,PHISHING_CONFIRMED,MEDIUM,
espins.xyz,PHISHING_CONFIRMED,MEDIUM,
croidex.com,PHISHING_CRYPTO,MEDIUM,
y1p4r6.lat,PHISHING_CONFIRMED,MEDIUM,
athenepublicidad.com,PHISHING_CONFIRMED,MEDIUM,
betpandaofficial.com,PHISHING_CRYPTO,MEDIUM,
fibocharts.com,PHISHING_CONFIRMED,MEDIUM,
airdrop-genopets.com,PHISHING_CRYPTO,MEDIUM,
20376481.xyz,PHISHING_CONFIRMED,MEDIUM,
servicepha.cfd,PHISHING_CONFIRMED,MEDIUM,
artcomix.com,PHISHING_CONFIRMED,MEDIUM,
blankworld.net,PHISHING_CONFIRMED,MEDIUM,
integrated-walletsolutions.online,PHISHING_CRYPTO,MEDIUM,
i3p8k5.sbs,PHISHING_CONFIRMED,MEDIUM,
findlost.link,PHISHING_CRYPTO,MEDIUM,
7qskin6.skin,PHISHING_CONFIRMED,MEDIUM,
blast-bridge.com,PHISHING_CRYPTO,MEDIUM,
mytopdomains.com,PHISHING_CONFIRMED,MEDIUM,
asdpauadxaxx.click,PHISHING_CONFIRMED,MEDIUM,
78412569.xyz,PHISHING_CONFIRMED,MEDIUM,
tiktok-suijd8.life,PHISHING_CONFIRMED,MEDIUM,
debridgeflnence.org,PHISHING_CRYPTO,MEDIUM,
toksclaimsapps.lol,PHISHING_CRYPTO,MEDIUM,
seenprime.com,PHISHING_CONFIRMED,MEDIUM,
63947205.xyz,PHISHING_CONFIRMED,MEDIUM,
k3j7uo.sbs,PHISHING_CONFIRMED,MEDIUM,
reward-glacier.org,PHISHING_CRYPTO,MEDIUM,
frett.info,PHISHING_CONFIRMED,MEDIUM,
cobacobaberhadiah.org,PHISHING_CONFIRMED,MEDIUM,
3shhbhy.ink,PHISHING_CONFIRMED,MEDIUM,
89245160.xyz,PHISHING_CONFIRMED,MEDIUM,
68254093.xyz,PHISHING_CONFIRMED,MEDIUM,
41858290.xyz,PHISHING_CONFIRMED,MEDIUM,
86013492.xyz,PHISHING_CONFIRMED,MEDIUM,
b7h4hm.sbs,PHISHING_CONFIRMED,MEDIUM,
kabyu.com,PHISHING_CONFIRMED,MEDIUM,
broeudet.info,PHISHING_CONFIRMED,MEDIUM,
et2kay.casa,PHISHING_CONFIRMED,MEDIUM,
dapp-fractionai.lol,PHISHING_CRYPTO,MEDIUM,
bet63a0.com,PHISHING_CONFIRMED,MEDIUM,
smartdappz.live,PHISHING_CRYPTO,MEDIUM,
ether-fi.xyz,PHISHING_CRYPTO,MEDIUM,
somos19d.com,PHISHING_CONFIRMED,MEDIUM,
dine.beer,PHISHING_CONFIRMED,MEDIUM,
agent-coinbase.com,PHISHING_CONFIRMED,MEDIUM,
73584602.xyz,PHISHING_CONFIRMED,MEDIUM,
pandoshi.site,PHISHING_CRYPTO,MEDIUM,
peakglobalnetwork.com,PHISHING_CONFIRMED,MEDIUM,
protocoldash.com,PHISHING_CRYPTO,MEDIUM,
4j4ji5r.skin,PHISHING_CONFIRMED,MEDIUM,
20193847.xyz,PHISHING_CONFIRMED,MEDIUM,
z2qm8xn.skin,PHISHING_CONFIRMED,MEDIUM,
jc3wuh.qpon,PHISHING_CONFIRMED,MEDIUM,
shuwm.com,PHISHING_CONFIRMED,MEDIUM,
checkdapps.live,PHISHING_CRYPTO,MEDIUM,
traxeliona.org,PHISHING_CONFIRMED,MEDIUM,
daspp.com,PHISHING_CRYPTO,MEDIUM,
binanctr-secure.blog,PHISHING_CONFIRMED,MEDIUM,
drmaxsale1.sbs,PHISHING_CONFIRMED,MEDIUM,
reportsdatacenter.com,PHISHING_CRYPTO,MEDIUM,
qnbfinansbangroup.com,PHISHING_CONFIRMED,MEDIUM,
questweb.xyz,PHISHING_CRYPTO,MEDIUM,
pharoahexchenge.org,PHISHING_CRYPTO,MEDIUM,
multivaultapp.com,PHISHING_CRYPTO,MEDIUM,
https-paxful.com,PHISHING_CRYPTO,MEDIUM,
mozny-skarbiton.net,PHISHING_CONFIRMED,MEDIUM,
mentalhealthspec.com,PHISHING_CONFIRMED,MEDIUM,
73612095.xyz,PHISHING_CONFIRMED,MEDIUM,
gen3ri.lat,PHISHING_CONFIRMED,MEDIUM,
68920317.xyz,PHISHING_CONFIRMED,MEDIUM,
support-coinbase.info,PHISHING_CRYPTO,MEDIUM,
yaladrop.lol,PHISHING_CRYPTO,MEDIUM,
pulseflux.com,PHISHING_CONFIRMED,MEDIUM,
rewards-galagames.com,PHISHING_CRYPTO,MEDIUM,
coin-authenticity.com,PHISHING_CRYPTO,MEDIUM,
servicelah.quest,PHISHING_CONFIRMED,MEDIUM,
hotupdatety.pro,PHISHING_CONFIRMED,MEDIUM,
morphorewards.org,PHISHING_CRYPTO,MEDIUM,
africa-abec.org,PHISHING_CONFIRMED,MEDIUM,
u7ehuhgyr.lol,PHISHING_CONFIRMED,MEDIUM,
drogerie-naturapl.sbs,PHISHING_CONFIRMED,MEDIUM,
cristalesgraf.com,PHISHING_CRYPTO,MEDIUM,
routerbridge.xyz,PHISHING_CRYPTO,MEDIUM,
seniorsafesteps.net,PHISHING_CONFIRMED,MEDIUM,
64812973.xyz,PHISHING_CONFIRMED,MEDIUM,
trelorinaa.com,PHISHING_CONFIRMED,MEDIUM,
o9c2r6.lat,PHISHING_CONFIRMED,MEDIUM,
reserv-order-6494858365056i98-active-tracking-secure-validation.com,PHISHING_CONFIRMED,MEDIUM,
web3securityconnect.com,PHISHING_CRYPTO,MEDIUM,
9wjhwe6.lol,PHISHING_CONFIRMED,MEDIUM,
crypto-to-bank.com,PHISHING_CRYPTO,MEDIUM,
hardgingersoda.info,PHISHING_CONFIRMED,MEDIUM,
92614075.xyz,PHISHING_CONFIRMED,MEDIUM,
szrxwy.com,PHISHING_CONFIRMED,MEDIUM,
97264518.xyz,PHISHING_CONFIRMED,MEDIUM,
82953061.xyz,PHISHING_CONFIRMED,MEDIUM,
osinnova.com,PHISHING_CONFIRMED,MEDIUM,
netflix6.com,PHISHING_CONFIRMED,MEDIUM,
claimora.xyz,PHISHING_CRYPTO,MEDIUM,
app-grass.foundation,PHISHING_CRYPTO,MEDIUM,
62gyt3.lat,PHISHING_CONFIRMED,MEDIUM,
debugappfix.com,PHISHING_CRYPTO,MEDIUM,
tsukemon.info,PHISHING_CONFIRMED,MEDIUM,
365bkk.com,PHISHING_CONFIRMED,MEDIUM,
get-grass-foundation.xyz,PHISHING_CRYPTO,MEDIUM,
myetherwallwt.com,PHISHING_CRYPTO,MEDIUM,
b2x6m1.sbs,PHISHING_CONFIRMED,MEDIUM,
marketanalysisline3.pro,PHISHING_CONFIRMED,MEDIUM,
27065194.xyz,PHISHING_CONFIRMED,MEDIUM,
unisdwap.org,PHISHING_CRYPTO,MEDIUM,
dessove.com,PHISHING_CONFIRMED,MEDIUM,
byte-sushi.pro,PHISHING_CRYPTO,MEDIUM,
94716208.xyz,PHISHING_CONFIRMED,MEDIUM,
btcbull.network,PHISHING_CRYPTO,MEDIUM,
btmprojects.com,PHISHING_CRYPTO,MEDIUM,
mingruimould.com,PHISHING_CONFIRMED,MEDIUM,
ansce.info,PHISHING_CONFIRMED,MEDIUM,
142516511558.xyz,PHISHING_CONFIRMED,MEDIUM,
play-zap.icu,PHISHING_CRYPTO,MEDIUM,
dramwars.info,PHISHING_CONFIRMED,MEDIUM,
debuggfix.lol,PHISHING_CRYPTO,MEDIUM,
telegram.one,PHISHING_CRYPTO,MEDIUM,
officialbestwalletdapps.icu,PHISHING_CRYPTO,MEDIUM,
kreditupplysningen.info,PHISHING_CONFIRMED,MEDIUM,
ccoingecko.com,PHISHING_CRYPTO,MEDIUM,
fyqlg.com,PHISHING_CONFIRMED,MEDIUM,
21042579.xyz,PHISHING_CONFIRMED,MEDIUM,
dailyinsight.buzz,PHISHING_CONFIRMED,MEDIUM,
airdropdin.xyz,PHISHING_CRYPTO,MEDIUM,
1t2ft2.skin,PHISHING_CONFIRMED,MEDIUM,
63805721.xyz,PHISHING_CONFIRMED,MEDIUM,
2389vra.hair,PHISHING_CONFIRMED,MEDIUM,
bbcif.org,PHISHING_CONFIRMED,MEDIUM,
online-sbb-ccfe29.live,PHISHING_CONFIRMED,MEDIUM,
evangfoundation.info,PHISHING_CONFIRMED,MEDIUM,
z2qx8mp.skin,PHISHING_CONFIRMED,HIGH,
ddappradlar.com,PHISHING_CRYPTO,MEDIUM,
migrate-chainapps.lol,PHISHING_CRYPTO,MEDIUM,
searchtunnel.com,PHISHING_CONFIRMED,MEDIUM,
appdefusever.icu,PHISHING_CRYPTO,MEDIUM,
app-sushi.xyz,PHISHING_CRYPTO,HIGH,
dashtoolsprotocol.com,PHISHING_CRYPTO,MEDIUM,
20751694.xyz,PHISHING_CONFIRMED,MEDIUM,
9938372717273636267272.click,PHISHING_CONFIRMED,MEDIUM,
3i3h38.hair,PHISHING_CONFIRMED,MEDIUM,
0x0-sushi.xyz,PHISHING_CRYPTO,MEDIUM,
v-regent.global,PHISHING_CRYPTO,MEDIUM,
x7mz4qn.skin,PHISHING_CONFIRMED,MEDIUM,
fixbifrostapp.info,PHISHING_CRYPTO,MEDIUM,
zo2wht.cfd,PHISHING_CONFIRMED,MEDIUM,
filippo.sbs,PHISHING_CONFIRMED,MEDIUM,
d9wpwj.sbs,PHISHING_CONFIRMED,MEDIUM,
fixmywallet.xyz,PHISHING_CRYPTO,MEDIUM,
megastats.com,PHISHING_CONFIRMED,MEDIUM,
hmstr-claim.xyz,PHISHING_CRYPTO,MEDIUM,
go-collab.land,PHISHING_CRYPTO,MEDIUM,
graymist.info,PHISHING_CONFIRMED,MEDIUM,
dvlaselect.org,PHISHING_CONFIRMED,MEDIUM,
rnt.sale,PHISHING_CRYPTO,MEDIUM,
trackingrvi.life,PHISHING_CONFIRMED,MEDIUM,
coinmarketcapi.com,PHISHING_CRYPTO,MEDIUM,
1111365.com,PHISHING_CONFIRMED,MEDIUM,
smyk-sale.com,PHISHING_CONFIRMED,MEDIUM,
web3anchorfinance.com,PHISHING_CRYPTO,MEDIUM,
5twefft3t.lat,PHISHING_CONFIRMED,MEDIUM,
venigo.qpon,PHISHING_CONFIRMED,MEDIUM,
app-aigentx.com,PHISHING_CRYPTO,MEDIUM,
airdropcarv.xyz,PHISHING_CRYPTO,MEDIUM,
4008119939.com,PHISHING_CONFIRMED,MEDIUM,
primeyieldgroup.org,PHISHING_CONFIRMED,MEDIUM,
bdagznetwork.live,PHISHING_CRYPTO,MEDIUM,
chicago-hq.com,PHISHING_CONFIRMED,MEDIUM,
mummyficx.xyz,PHISHING_CRYPTO,MEDIUM,
mmmojalekaren-sssk.sbs,PHISHING_CONFIRMED,MEDIUM,
yuniswap.org,PHISHING_CRYPTO,MEDIUM,
pubgmgame.com,PHISHING_CONFIRMED,MEDIUM,
kg6imf.boats,PHISHING_CONFIRMED,MEDIUM,
efterlysning.info,PHISHING_CONFIRMED,MEDIUM,
v3pk9rn.hair,PHISHING_CONFIRMED,MEDIUM,
zagiel-kursawnia.net,PHISHING_CONFIRMED,MEDIUM,
esports-sushi.cfd,PHISHING_CRYPTO,MEDIUM,
freeliker.net,PHISHING_CONFIRMED,MEDIUM,
financeforum.click,PHISHING_CONFIRMED,MEDIUM,
expira.sbs,PHISHING_CONFIRMED,MEDIUM,
sleepshepherd.info,PHISHING_CONFIRMED,MEDIUM,
jxgcdj.com,PHISHING_CONFIRMED,MEDIUM,
stackfixactivate.xyz,PHISHING_CRYPTO,MEDIUM,
premiumdostep.help,PHISHING_CONFIRMED,MEDIUM,
thecubard.info,PHISHING_CONFIRMED,MEDIUM,
rewards-movementiabs.xyz,PHISHING_CRYPTO,MEDIUM,
ikprinters.com,PHISHING_CONFIRMED,MEDIUM,
support-custom.help,PHISHING_CONFIRMED,MEDIUM,
20468537.xyz,PHISHING_CONFIRMED,MEDIUM,
97381645.xyz,PHISHING_CONFIRMED,MEDIUM,
r8d5b1.cfd,PHISHING_CONFIRMED,MEDIUM,
avukatsistemim.com,PHISHING_CONFIRMED,MEDIUM,
suggesting.info,PHISHING_CONFIRMED,MEDIUM,
v1pcjb.sbs,PHISHING_CONFIRMED,MEDIUM,
cedaly.info,PHISHING_CONFIRMED,MEDIUM,
aittech.xyz,PHISHING_CRYPTO,MEDIUM,
googlwe.com,PHISHING_CONFIRMED,MEDIUM,
000000011.xyz,PHISHING_CRYPTO,MEDIUM,
1es2qrw5r.lat,PHISHING_CONFIRMED,MEDIUM,
idkiosk.com,PHISHING_CONFIRMED,MEDIUM,
sinusitispedia.com,PHISHING_CRYPTO,MEDIUM,
mamorewards.com,PHISHING_CRYPTO,MEDIUM,
egift-ly.com,PHISHING_CRYPTO,MEDIUM,
stpatricksdaycrafts.info,PHISHING_CONFIRMED,MEDIUM,
commerzbankkunden.com,PHISHING_CONFIRMED,MEDIUM,
quickie-sex.com,PHISHING_CONFIRMED,MEDIUM,
f9tvsl.casa,PHISHING_CONFIRMED,MEDIUM,
72h366s.lol,PHISHING_CONFIRMED,MEDIUM,
9jww7he.lol,PHISHING_CONFIRMED,MEDIUM,
zimsugar.net,PHISHING_CONFIRMED,MEDIUM,
97864231.xyz,PHISHING_CONFIRMED,MEDIUM,
nh5tin.cfd,PHISHING_CONFIRMED,MEDIUM,
claim-move.com,PHISHING_CRYPTO,MEDIUM,
83y65ege.lat,PHISHING_CONFIRMED,MEDIUM,
my-subscription-help.com,PHISHING_CONFIRMED,MEDIUM,
syncrestore.online,PHISHING_CRYPTO,MEDIUM,
82251093.xyz,PHISHING_CONFIRMED,MEDIUM,
victorribeiro.work,PHISHING_CRYPTO,MEDIUM,
suivireprog-lp.com,PHISHING_CONFIRMED,MEDIUM,
col7ri.lat,PHISHING_CONFIRMED,MEDIUM,
events-chains.network,PHISHING_CRYPTO,MEDIUM,
stoliv.info,PHISHING_CONFIRMED,MEDIUM,
serviceidv.quest,PHISHING_CONFIRMED,MEDIUM,
expertslice.com,PHISHING_CONFIRMED,MEDIUM,
app-ancient8.xyz,PHISHING_CRYPTO,MEDIUM,
rpcnodesupdate.net,PHISHING_CRYPTO,MEDIUM,
growappsinc.info,PHISHING_CONFIRMED,MEDIUM,
trackingmcj.life,PHISHING_CONFIRMED,MEDIUM,
k8c9d3.cfd,PHISHING_CONFIRMED,MEDIUM,
utah-gov-qg.life,PHISHING_CONFIRMED,MEDIUM,
eobuwiesale-pl.com,PHISHING_CONFIRMED,MEDIUM,
ucdc1122.xyz,PHISHING_CRYPTO,MEDIUM,
53teg.wiki,PHISHING_CONFIRMED,MEDIUM,
kreditkoll.info,PHISHING_CONFIRMED,MEDIUM,
927yhw.lat,PHISHING_CONFIRMED,MEDIUM,
livechatonline.org,PHISHING_CRYPTO,MEDIUM,
amazon-jp.org,PHISHING_CONFIRMED,MEDIUM,
3m3j4nn.skin,PHISHING_CONFIRMED,MEDIUM,
calliehughes.info,PHISHING_CONFIRMED,MEDIUM,
t8p3y5.cfd,PHISHING_CONFIRMED,MEDIUM,
renegade-airdrop.app,PHISHING_CRYPTO,MEDIUM,
coinbasetrading.com,PHISHING_CRYPTO,MEDIUM,
microsoftteams24.com,PHISHING_CONFIRMED,MEDIUM,
realioswap.com,PHISHING_CRYPTO,MEDIUM,
normie-base.xyz,PHISHING_CRYPTO,MEDIUM,
m2ftne.boats,PHISHING_CONFIRMED,MEDIUM,
vdcreations.info,PHISHING_CONFIRMED,MEDIUM,
nuronventures.info,PHISHING_CONFIRMED,MEDIUM,
thedonaldjtrumpperformingartscenter.net,PHISHING_CONFIRMED,MEDIUM,
claim-xionsburnts.com,PHISHING_CRYPTO,MEDIUM,
p7y6a1.lat,PHISHING_CONFIRMED,MEDIUM,
x6pz3wk.qpon,PHISHING_CONFIRMED,MEDIUM,
new-objective6432.com,PHISHING_CONFIRMED,MEDIUM,
90261534.xyz,PHISHING_CONFIRMED,MEDIUM,
ezebrapl.sbs,PHISHING_CONFIRMED,MEDIUM,
provisionalweb.info,PHISHING_CONFIRMED,MEDIUM,
checkermantra.com,PHISHING_CRYPTO,MEDIUM,
hypnotherhappy.net,PHISHING_CONFIRMED,MEDIUM,
smiala-fundoria.org,PHISHING_CONFIRMED,MEDIUM,
legartassets.online,PHISHING_CRYPTO,MEDIUM,
3058znk.skin,PHISHING_CONFIRMED,MEDIUM,
6149xpn.ink,PHISHING_CONFIRMED,MEDIUM,
86315924.xyz,PHISHING_CONFIRMED,MEDIUM,
livinglargfx.com,PHISHING_CRYPTO,MEDIUM,
web3networkglobal.com,PHISHING_CRYPTO,MEDIUM,
ico-uniswap.org,PHISHING_CRYPTO,MEDIUM,
thorswapfi.digital,PHISHING_CRYPTO,MEDIUM,
lcloud-003.com,PHISHING_CONFIRMED,MEDIUM,
adawebsitecompliance.org,PHISHING_CONFIRMED,MEDIUM,
6w3uey3.hair,PHISHING_CONFIRMED,MEDIUM,
pepe2airdrop.lol,PHISHING_CRYPTO,MEDIUM,
chainlive.xyz,PHISHING_CRYPTO,MEDIUM,
ecobuildingsys.info,PHISHING_CONFIRMED,MEDIUM,
cryptobridger.com,PHISHING_CRYPTO,MEDIUM,
babydoge-hub.xyz,PHISHING_CRYPTO,MEDIUM,
orbiterfenance.org,PHISHING_CONFIRMED,MEDIUM,
fixnode.icu,PHISHING_CRYPTO,MEDIUM,
uyapcezabilgi.org,PHISHING_CONFIRMED,MEDIUM,
4j4ij4k.hair,PHISHING_CONFIRMED,MEDIUM,
alvey.claims,PHISHING_CRYPTO,MEDIUM,
claimoratoken.xyz,PHISHING_CRYPTO,MEDIUM,
8wn3mxz.skin,PHISHING_CONFIRMED,MEDIUM,
youcarefoundation.info,PHISHING_CONFIRMED,MEDIUM,
8wh35te.lat,PHISHING_CONFIRMED,MEDIUM,
bitttensor.xyz,PHISHING_CRYPTO,MEDIUM,
agix-webs.xyz,PHISHING_CRYPTO,MEDIUM,
capdune.info,PHISHING_CONFIRMED,MEDIUM,
eobuwiestore.sbs,PHISHING_CONFIRMED,MEDIUM,
interconnecttingnewdapp.lol,PHISHING_CRYPTO,MEDIUM,
bet365ra.com,PHISHING_CONFIRMED,MEDIUM,
oakcover.net,PHISHING_CONFIRMED,MEDIUM,
bitflip.cc,PHISHING_CONFIRMED,MEDIUM,
4yr3e5h.hair,PHISHING_CONFIRMED,MEDIUM,
airdrop-sonicgames.com,PHISHING_CRYPTO,MEDIUM,
claimxlm.com,PHISHING_CRYPTO,MEDIUM,
9wkueh.lol,PHISHING_CONFIRMED,MEDIUM,
2831xvn.hair,PHISHING_CONFIRMED,MEDIUM,
checker-henlo.com,PHISHING_CRYPTO,MEDIUM,
hyperliquidtrade.link,PHISHING_CRYPTO,MEDIUM,
tshirtperu.com,PHISHING_CONFIRMED,MEDIUM,
pogocinema.com,PHISHING_CONFIRMED,MEDIUM,
am-globemall.com,PHISHING_CONFIRMED,MEDIUM,
superbrldge-v2.org,PHISHING_CRYPTO,MEDIUM,
drostmoldheldgrim.pro,PHISHING_CONFIRMED,MEDIUM,
coinbasebit.org,PHISHING_CRYPTO,MEDIUM,
routerprotocols.org,PHISHING_CRYPTO,MEDIUM,
61492037.xyz,PHISHING_CONFIRMED,MEDIUM,
capitalbriefzone4.info,PHISHING_CONFIRMED,MEDIUM,
mingyangdiannao.com,PHISHING_CONFIRMED,MEDIUM,
kymdsj.com,PHISHING_CONFIRMED,MEDIUM,
tradypto.com,PHISHING_CONFIRMED,MEDIUM,
launch-pads.xyz,PHISHING_CRYPTO,MEDIUM,
claim-movement.xyz,PHISHING_CRYPTO,MEDIUM,
aerarice.info,PHISHING_CONFIRMED,MEDIUM,
syncsnetvalidity.lol,PHISHING_CRYPTO,MEDIUM,
optnx.com,PHISHING_CONFIRMED,MEDIUM,
verifycourierdelivery.com,PHISHING_CONFIRMED,MEDIUM,
hukukidestek.org,PHISHING_CONFIRMED,MEDIUM,
alawwaluae.com,PHISHING_CONFIRMED,MEDIUM,
transcamglobalexpress.com,PHISHING_CONFIRMED,MEDIUM,
spotifynieoplaconaplatnosc.help,PHISHING_CONFIRMED,MEDIUM,
baneserves.click,PHISHING_CONFIRMED,MEDIUM,
cloud-is.com,PHISHING_CONFIRMED,MEDIUM,
dd365w.net,PHISHING_CONFIRMED,MEDIUM,
registeredagentsinwashingtondc.com,PHISHING_CONFIRMED,MEDIUM,
trevinavery.com,PHISHING_CONFIRMED,MEDIUM,
internetsoftwarestore.net,PHISHING_CONFIRMED,MEDIUM,
prismagridty.pro,PHISHING_CONFIRMED,MEDIUM,
renewframe.host,PHISHING_CONFIRMED,MEDIUM,
zen7ri.lat,PHISHING_CONFIRMED,MEDIUM,
len2xo.lat,PHISHING_CONFIRMED,MEDIUM,
1inch.claims,PHISHING_CRYPTO,MEDIUM,
brenovirax24.com,PHISHING_CONFIRMED,MEDIUM,
drogerienatura-pl-sale.sbs,PHISHING_CONFIRMED,MEDIUM,
nodelive-sync.com,PHISHING_CRYPTO,MEDIUM,
bioionworld.com,PHISHING_CONFIRMED,MEDIUM,
okexbit.com,PHISHING_CRYPTO,MEDIUM,
com-j67r.sbs,PHISHING_CONFIRMED,MEDIUM,
73194560.xyz,PHISHING_CONFIRMED,MEDIUM,
voting-nodely.com,PHISHING_CRYPTO,MEDIUM,
ispacebar.xyz,PHISHING_CRYPTO,MEDIUM,
aslqjmrxkf.sbs,PHISHING_CONFIRMED,MEDIUM,
3fwq2rwr.lat,PHISHING_CONFIRMED,MEDIUM,
servicio-icloud.com,PHISHING_CONFIRMED,MEDIUM,
34576011.xyz,PHISHING_CONFIRMED,MEDIUM,
aussieminingjobs.com,PHISHING_CONFIRMED,MEDIUM,
alumigrationalu.com,PHISHING_CRYPTO,MEDIUM,
dashboard-sandboxgame.com,PHISHING_CRYPTO,MEDIUM,
2rv4pkn.hair,PHISHING_CONFIRMED,MEDIUM,
bondhonseeds.com,PHISHING_CONFIRMED,MEDIUM,
90ywg2t.lat,PHISHING_CONFIRMED,MEDIUM,
kjsa.com,PHISHING_CONFIRMED,MEDIUM,
thedistilleryltd.info,PHISHING_CONFIRMED,MEDIUM,
santander-verify.com,PHISHING_CONFIRMED,MEDIUM,
app-phux.xyz,PHISHING_CRYPTO,MEDIUM,
idrct.com,PHISHING_CONFIRMED,MEDIUM,
qfsnesaravault.org,PHISHING_CRYPTO,MEDIUM,
militaria-pl.sbs,PHISHING_CONFIRMED,MEDIUM,
r4wp8kv.hair,PHISHING_CONFIRMED,MEDIUM,
marktpsychologie.info,PHISHING_CONFIRMED,MEDIUM,
popunder.com,PHISHING_CONFIRMED,MEDIUM,
pls3lklfrdfs16xk.sbs,PHISHING_CONFIRMED,MEDIUM,
s9n6c2.sbs,PHISHING_CONFIRMED,MEDIUM,
satkeland.com,PHISHING_CRYPTO,MEDIUM,
mczpdwc.com,PHISHING_CONFIRMED,MEDIUM,
walletconnect-foundation.network,PHISHING_CRYPTO,MEDIUM,
healthyvitalvibration.info,PHISHING_CONFIRMED,MEDIUM,
exoduys.com,PHISHING_CONFIRMED,MEDIUM,
collabh.land,PHISHING_CRYPTO,MEDIUM,
airdrop-elys-network.lol,PHISHING_CRYPTO,MEDIUM,
appfrenpet.xyz,PHISHING_CRYPTO,MEDIUM,
claim-movesmentnetsworks.lol,PHISHING_CRYPTO,MEDIUM,
tiktok-2bg8.lat,PHISHING_CONFIRMED,MEDIUM,
73ywge.ink,PHISHING_CONFIRMED,MEDIUM,
taikoy.xyz,PHISHING_CRYPTO,MEDIUM,
airdrop-velvet.xyz,PHISHING_CRYPTO,MEDIUM,
toneaudio.info,PHISHING_CONFIRMED,MEDIUM,
lin2er.lat,PHISHING_CONFIRMED,MEDIUM,
blueschiphol.info,PHISHING_CONFIRMED,MEDIUM,
staumrelsaccharin.info,PHISHING_CONFIRMED,MEDIUM,
asistenciapostal.icu,PHISHING_CONFIRMED,MEDIUM,
spooky.exchange,PHISHING_CRYPTO,MEDIUM,
tokens-blast.com,PHISHING_CRYPTO,MEDIUM,
etherealcore.pro,PHISHING_CONFIRMED,MEDIUM,
katbox.lat,PHISHING_CONFIRMED,MEDIUM,
airdropapp.forum,PHISHING_CRYPTO,MEDIUM,
b45069.com,PHISHING_CONFIRMED,MEDIUM,
al-afdel.com,PHISHING_CRYPTO,MEDIUM,
airdropbydappradar.lol,PHISHING_CRYPTO,MEDIUM,
aefodrome.finance,PHISHING_CRYPTO,MEDIUM,
utah-gov-kb.life,PHISHING_CONFIRMED,MEDIUM,
homlaeuwyp.com,PHISHING_CONFIRMED,MEDIUM,
g12f2tg.ink,PHISHING_CONFIRMED,MEDIUM,
p6y1a9.cfd,PHISHING_CONFIRMED,MEDIUM,
31768259.xyz,PHISHING_CONFIRMED,MEDIUM,
servicemwk.boats,PHISHING_CONFIRMED,MEDIUM,
assistancesclient.com,PHISHING_CONFIRMED,MEDIUM,
trekpleisterrnl.sbs,PHISHING_CONFIRMED,MEDIUM,
kachmarineenergy.com,PHISHING_CONFIRMED,MEDIUM,
launch-decentraland.org,PHISHING_CRYPTO,MEDIUM,
87028-coinbase.com,PHISHING_CRYPTO,MEDIUM,
p5wt9zr.skin,PHISHING_CONFIRMED,MEDIUM,
rtearnerica.com,PHISHING_CONFIRMED,MEDIUM,
medicine-pet.com,PHISHING_CONFIRMED,MEDIUM,
46280719.xyz,PHISHING_CONFIRMED,MEDIUM,
73952814.xyz,PHISHING_CONFIRMED,MEDIUM,
bystry-zyskownia.org,PHISHING_CONFIRMED,MEDIUM,
onlineslotmaschine.com,PHISHING_CONFIRMED,MEDIUM,
dot-reward.com,PHISHING_CRYPTO,MEDIUM,
k3pt8qr.hair,PHISHING_CONFIRMED,MEDIUM,
ricchione.info,PHISHING_CONFIRMED,MEDIUM,
quentoravia24.com,PHISHING_CONFIRMED,MEDIUM,
trustsurvey.website,PHISHING_CRYPTO,MEDIUM,
class-1china.com,PHISHING_CONFIRMED,MEDIUM,
metamask-decentralized.com,PHISHING_CRYPTO,MEDIUM,
tsuka-migration.xyz,PHISHING_CRYPTO,MEDIUM,
quantumgloballedger.com,PHISHING_CRYPTO,MEDIUM,
jan2ri.lat,PHISHING_CONFIRMED,MEDIUM,
myethrwallet.com,PHISHING_CRYPTO,MEDIUM,
appid-apple.com,PHISHING_CONFIRMED,MEDIUM,
z9qm4xn.skin,PHISHING_CONFIRMED,MEDIUM,
registeredagentsinpennsylvania.com,PHISHING_CONFIRMED,MEDIUM,
zaiprotocol.finance,PHISHING_CRYPTO,MEDIUM,
nobleavatar.com,PHISHING_CONFIRMED,MEDIUM,
swiss-dpd.bond,PHISHING_CONFIRMED,MEDIUM,
7wg6w6.lol,PHISHING_CONFIRMED,MEDIUM,
dronefishingcentral.com,PHISHING_CONFIRMED,MEDIUM,
airdrops-sonicgame.com,PHISHING_CRYPTO,MEDIUM,
revoluteclaimhera.xyz,PHISHING_CRYPTO,MEDIUM,
dappsnodesvalidate.com,PHISHING_CRYPTO,MEDIUM,
dexalotswep.org,PHISHING_CRYPTO,MEDIUM,
bendog.live,PHISHING_CRYPTO,MEDIUM,
r5d2b8.cfd,PHISHING_CONFIRMED,MEDIUM,
dihu50f.lat,PHISHING_CONFIRMED,MEDIUM,
favouritecapsquitepremium.autos,PHISHING_CONFIRMED,MEDIUM,
73jnehy3.lol,PHISHING_CONFIRMED,MEDIUM,
bor5li.lat,PHISHING_CONFIRMED,MEDIUM,
reward-magamemcoin.com,PHISHING_CRYPTO,MEDIUM,
web3safeledgers.com,PHISHING_CRYPTO,MEDIUM,
pffgcv.click,PHISHING_CONFIRMED,MEDIUM,
corporatedocsolutions.com,PHISHING_CONFIRMED,MEDIUM,
xcrypto.icu,PHISHING_CRYPTO,MEDIUM,
predictoneio-medium.com,PHISHING_CRYPTO,MEDIUM,
netswape.org,PHISHING_CRYPTO,MEDIUM,
b5y1p7.cfd,PHISHING_CONFIRMED,MEDIUM,
fixed-loat.xyz,PHISHING_CRYPTO,MEDIUM,
cspauldingportal.com,PHISHING_CRYPTO,MEDIUM,
kucoinxp03.com,PHISHING_CONFIRMED,MEDIUM,
z8mk4xt.skin,PHISHING_CONFIRMED,MEDIUM,
trustfund-finance.com,PHISHING_CRYPTO,MEDIUM,
vaalands.com,PHISHING_CONFIRMED,MEDIUM,
93820571.xyz,PHISHING_CONFIRMED,MEDIUM,
applestorebali.com,PHISHING_CRYPTO,MEDIUM,
textcrat.com,PHISHING_CONFIRMED,MEDIUM,
homla0fficial.com,PHISHING_CONFIRMED,MEDIUM,
rsaindia.in,PHISHING_CONFIRMED,MEDIUM,
sklepmoda.com,PHISHING_CONFIRMED,MEDIUM,
ye6urh.lol,PHISHING_CONFIRMED,MEDIUM,
portfoliononsun.com,PHISHING_CRYPTO,MEDIUM,
defi-launchpads.lol,PHISHING_CRYPTO,MEDIUM,
oplymarket.com,PHISHING_CRYPTO,MEDIUM,
smyksale.com,PHISHING_CONFIRMED,MEDIUM,
blockdagnetworkz.live,PHISHING_CRYPTO,MEDIUM,
coinlist.help,PHISHING_CRYPTO,MEDIUM,
q3vx7mn.skin,PHISHING_CONFIRMED,MEDIUM,
homlotop.com,PHISHING_CONFIRMED,MEDIUM,
smartsync-rectifier.com,PHISHING_CRYPTO,MEDIUM,
servicegra.boats,PHISHING_CONFIRMED,MEDIUM,
dpdlocali-yoi.bond,PHISHING_CONFIRMED,MEDIUM,
sfd-pl.help,PHISHING_CONFIRMED,MEDIUM,
20874936.xyz,PHISHING_CONFIRMED,MEDIUM,
applecloudsupport.com,PHISHING_CONFIRMED,MEDIUM,
anazeina.com,PHISHING_CONFIRMED,MEDIUM,
288whwg.garden,PHISHING_CONFIRMED,MEDIUM,
b45ppp.com,PHISHING_CONFIRMED,MEDIUM,
riyadhsoft.com,PHISHING_CONFIRMED,MEDIUM,
kex8ri.lat,PHISHING_CONFIRMED,MEDIUM,
car0737.com,PHISHING_CONFIRMED,MEDIUM,
aevo-sushi.cfd,PHISHING_CRYPTO,MEDIUM,
telecom-info.com,PHISHING_CONFIRMED,MEDIUM,
tree-sushi.cfd,PHISHING_CRYPTO,MEDIUM,
unisvvap.site,PHISHING_CRYPTO,MEDIUM,
jukakurealestates.com,PHISHING_CONFIRMED,MEDIUM,
ia7mmi.casa,PHISHING_CONFIRMED,MEDIUM,
a7p9n8.cfd,PHISHING_CONFIRMED,MEDIUM,
wallconnect.online,PHISHING_CRYPTO,MEDIUM,
45129083.xyz,PHISHING_CONFIRMED,MEDIUM,
trustwalletupgrade.com,PHISHING_CRYPTO,MEDIUM,
93220571.xyz,PHISHING_CONFIRMED,MEDIUM,
chemtrans.net,PHISHING_CONFIRMED,MEDIUM,
38670549.xyz,PHISHING_CONFIRMED,MEDIUM,
mvm-szamlafizetes.com,PHISHING_CONFIRMED,MEDIUM,
smartoveriew.xyz,PHISHING_CONFIRMED,MEDIUM,
892ytwt.lat,PHISHING_CONFIRMED,MEDIUM,
zuristone.info,PHISHING_CONFIRMED,MEDIUM,
b25qqq.com,PHISHING_CONFIRMED,MEDIUM,
h9c8r6.lat,PHISHING_CONFIRMED,MEDIUM,
tokenclaimer.com,PHISHING_CRYPTO,MEDIUM,
be7bnq.cfd,PHISHING_CONFIRMED,MEDIUM,
dravonelix365.com,PHISHING_CONFIRMED,MEDIUM,
zorro-migrate.xyz,PHISHING_CRYPTO,MEDIUM,
coin-ethmining.xyz,PHISHING_CRYPTO,MEDIUM,
24159783.xyz,PHISHING_CONFIRMED,MEDIUM,
4ki843e.skin,PHISHING_CONFIRMED,MEDIUM,
mmoframes.com,PHISHING_CONFIRMED,MEDIUM,
2009rc.com,PHISHING_CONFIRMED,MEDIUM,
usstampssale.com,PHISHING_CONFIRMED,MEDIUM,
croydesign.info,PHISHING_CONFIRMED,MEDIUM,
dralventora.info,PHISHING_CONFIRMED,MEDIUM,
f8p4y9.cfd,PHISHING_CONFIRMED,MEDIUM,
bhconfect.com,PHISHING_CONFIRMED,MEDIUM,
usualairdrop.com,PHISHING_CRYPTO,MEDIUM,
toksclaimsapps.xyz,PHISHING_CRYPTO,MEDIUM,
aavevevev2.com,PHISHING_CRYPTO,MEDIUM,
swiatwhisky.com,PHISHING_CONFIRMED,MEDIUM,
deflsaves.com,PHISHING_CRYPTO,MEDIUM,
axisledger.live,PHISHING_CONFIRMED,MEDIUM,
dphrase.net,PHISHING_CRYPTO,MEDIUM,
servicekgn.boats,PHISHING_CONFIRMED,MEDIUM,
n3c1h9.cfd,PHISHING_CONFIRMED,MEDIUM,
qnt-sushi.lat,PHISHING_CRYPTO,MEDIUM,
neonevm-claim.org,PHISHING_CRYPTO,MEDIUM,
64275091.xyz,PHISHING_CONFIRMED,MEDIUM,
mirror-google.com,PHISHING_CONFIRMED,MEDIUM,
5wtfre.ink,PHISHING_CONFIRMED,MEDIUM,
48376105.xyz,PHISHING_CONFIRMED,MEDIUM,
speedcow.top,PHISHING_CRYPTO,MEDIUM,
searchinquire.com,PHISHING_CONFIRMED,MEDIUM,
find-ubicacion.help,PHISHING_CONFIRMED,MEDIUM,
x6m8p2.lat,PHISHING_CONFIRMED,MEDIUM,
quickclaim.live,PHISHING_CRYPTO,MEDIUM,
homlapromocja.com,PHISHING_CONFIRMED,MEDIUM,
savasemberija.com,PHISHING_CRYPTO,MEDIUM,
49672038.xyz,PHISHING_CONFIRMED,MEDIUM,
40179285.xyz,PHISHING_CONFIRMED,MEDIUM,
p6xr7qt.hair,PHISHING_CONFIRMED,MEDIUM,
nodeoasis.icu,PHISHING_CRYPTO,MEDIUM,
m87-sushi.cfd,PHISHING_CRYPTO,MEDIUM,
39846027.xyz,PHISHING_CONFIRMED,MEDIUM,
5j38j8l4.skin,PHISHING_CONFIRMED,MEDIUM,
29584706.xyz,PHISHING_CONFIRMED,MEDIUM,
defimigration.com,PHISHING_CRYPTO,MEDIUM,
trustejdinfo.info,PHISHING_CONFIRMED,MEDIUM,
christianartwork.store,PHISHING_CONFIRMED,MEDIUM,
tokendapphub.live,PHISHING_CRYPTO,MEDIUM,
realio-app.com,PHISHING_CRYPTO,MEDIUM,
swellnetworks.life,PHISHING_CRYPTO,MEDIUM,
register-ethereal.app,PHISHING_CRYPTO,MEDIUM,
polymakret.com,PHISHING_CRYPTO,MEDIUM,
steadyflow-assets.com,PHISHING_CRYPTO,MEDIUM,
b4r1d3.cfd,PHISHING_CONFIRMED,MEDIUM,
pet-supplies-guide.com,PHISHING_CONFIRMED,MEDIUM,
vax3ro.lat,PHISHING_CONFIRMED,MEDIUM,
buildpad.website,PHISHING_CRYPTO,MEDIUM,
s8a5m1.lat,PHISHING_CONFIRMED,MEDIUM,
ppssii.com,PHISHING_CONFIRMED,MEDIUM,
1j2nhb3.skin,PHISHING_CONFIRMED,MEDIUM,
btcjzx.com,PHISHING_CONFIRMED,MEDIUM,
g5m1x2.lat,PHISHING_CONFIRMED,MEDIUM,
myetherwalilet.com,PHISHING_CRYPTO,MEDIUM,
pinaalliviaterevs.lol,PHISHING_CRYPTO,MEDIUM,
h1c8y7.lat,PHISHING_CONFIRMED,MEDIUM,
basketizedinc.info,PHISHING_CONFIRMED,MEDIUM,
bet73059.com,PHISHING_CONFIRMED,MEDIUM,
jacketi.info,PHISHING_CONFIRMED,MEDIUM,
eth-fan-migration.club,PHISHING_CRYPTO,MEDIUM,
sui-chain.com,PHISHING_CRYPTO,MEDIUM,
cloakto-chains-fr-dap.site,PHISHING_CRYPTO,MEDIUM,
farmersvoice.info,PHISHING_CONFIRMED,MEDIUM,
finbitvex-prestiz.org,PHISHING_CONFIRMED,MEDIUM,
syncdapp.icu,PHISHING_CRYPTO,MEDIUM,
pepeunchained.help,PHISHING_CRYPTO,MEDIUM,
dashtoolsprotocols.com,PHISHING_CRYPTO,MEDIUM,
2f5ws6.wiki,PHISHING_CONFIRMED,MEDIUM,
everybodyhold-migrate.xyz,PHISHING_CRYPTO,MEDIUM,
numerico.site,PHISHING_CRYPTO,MEDIUM,
mantlew.org,PHISHING_CRYPTO,MEDIUM,
toadswapmigrate.xyz,PHISHING_CRYPTO,MEDIUM,
zyfi-tokensoft.org,PHISHING_CRYPTO,MEDIUM,
hannahsorison.com,PHISHING_CONFIRMED,MEDIUM,
eobuwieoutletss.sbs,PHISHING_CONFIRMED,MEDIUM,
92iuhwyye.lat,PHISHING_CONFIRMED,MEDIUM,
kanidoraku.info,PHISHING_CONFIRMED,MEDIUM,
1dr2f3.garden,PHISHING_CONFIRMED,MEDIUM,
ironhelixx.info,PHISHING_CONFIRMED,MEDIUM,
mask-sushi.pro,PHISHING_CRYPTO,MEDIUM,
bet73012.com,PHISHING_CONFIRMED,MEDIUM,
myofficedash.com,PHISHING_CONFIRMED,MEDIUM,
preclaim-movementnetswork.lol,PHISHING_CRYPTO,MEDIUM,
norbertklaiberhomes.com,PHISHING_CONFIRMED,MEDIUM,
cadillacescalade.com,PHISHING_CONFIRMED,MEDIUM,
novilove.com,PHISHING_CONFIRMED,MEDIUM,
jysk.one,PHISHING_CONFIRMED,MEDIUM,
apps-pellees.network,PHISHING_CRYPTO,MEDIUM,
sanko-reward.org,PHISHING_CRYPTO,MEDIUM,
m6h8a1.lat,PHISHING_CONFIRMED,MEDIUM,
sinankeskin.info,PHISHING_CONFIRMED,MEDIUM,
voltisophs.app,PHISHING_CRYPTO,MEDIUM,
officialdappmainnet.icu,PHISHING_CRYPTO,MEDIUM,
dexmarketchain.site,PHISHING_CRYPTO,MEDIUM,
applee-alert.life,PHISHING_CONFIRMED,MEDIUM,
pancakeswao.finance,PHISHING_CRYPTO,MEDIUM,
servicejqt.boats,PHISHING_CONFIRMED,MEDIUM,
brieforiaq.info,PHISHING_CONFIRMED,MEDIUM,
je84uiur.lol,PHISHING_CONFIRMED,MEDIUM,
100-ledowe-solary-pl.com,PHISHING_CONFIRMED,MEDIUM,
jinhuassopei.sbs,PHISHING_CONFIRMED,MEDIUM,
dappradars.finance,PHISHING_CRYPTO,MEDIUM,
4uu37e.skin,PHISHING_CONFIRMED,MEDIUM,
clymfwzx.com,PHISHING_CONFIRMED,MEDIUM,
chanfelly.com,PHISHING_CRYPTO,MEDIUM,
bet63zzz.com,PHISHING_CONFIRMED,MEDIUM,
1ftftg26.lol,PHISHING_CONFIRMED,MEDIUM,
absmebybitteringco.com,PHISHING_CONFIRMED,MEDIUM,
tapair.com,PHISHING_CONFIRMED,MEDIUM,
19483652.xyz,PHISHING_CONFIRMED,MEDIUM,
bet73008.com,PHISHING_CONFIRMED,MEDIUM,
se3tei.cfd,PHISHING_CONFIRMED,MEDIUM,
ens-sushi.pro,PHISHING_CRYPTO,MEDIUM,
msmkasia.com,PHISHING_CONFIRMED,MEDIUM,
19573428.xyz,PHISHING_CONFIRMED,MEDIUM,
ameli-gouv.com,PHISHING_CONFIRMED,MEDIUM,
qen8ri.lat,PHISHING_CONFIRMED,MEDIUM,
mainnetexplorers.xyz,PHISHING_CRYPTO,MEDIUM,
2rk7wpz.skin,PHISHING_CONFIRMED,HIGH,
trustedreturns.online,PHISHING_CONFIRMED,MEDIUM,
routerprotocol-migration.xyz,PHISHING_CRYPTO,MEDIUM,
etff.pro,PHISHING_CRYPTO,MEDIUM,
logxairdrop.network,PHISHING_CRYPTO,MEDIUM,
c-sushi.cfd,PHISHING_CRYPTO,MEDIUM,
airdropmythos.foundation,PHISHING_CRYPTO,MEDIUM,
bet73ll.com,PHISHING_CONFIRMED,MEDIUM,
6xk2zmt.qpon,PHISHING_CONFIRMED,MEDIUM,
banklessairdrop.net,PHISHING_CRYPTO,MEDIUM,
thescadacloud.info,PHISHING_CONFIRMED,MEDIUM,
6dsqs.com,PHISHING_CONFIRMED,MEDIUM,
34617098.xyz,PHISHING_CONFIRMED,MEDIUM,
myetherwallwet.com,PHISHING_CRYPTO,MEDIUM,
4wgfw5eg.lat,PHISHING_CONFIRMED,MEDIUM,
immediatealtex.org,PHISHING_CRYPTO,MEDIUM,
dappschainsapp.org,PHISHING_CRYPTO,MEDIUM,
trackingzfg.life,PHISHING_CONFIRMED,MEDIUM,
accesosolicitudseguro.sbs,PHISHING_CONFIRMED,MEDIUM,
sythentix-app.xyz,PHISHING_CRYPTO,MEDIUM,
animescoins.xyz,PHISHING_CRYPTO,MEDIUM,
hyperlequid.xyz,PHISHING_CRYPTO,MEDIUM,
claimearthmeta.app,PHISHING_CRYPTO,MEDIUM,
43189075.xyz,PHISHING_CONFIRMED,MEDIUM,
ambient-finance.com,PHISHING_CRYPTO,MEDIUM,
freeusersonline.com,PHISHING_CONFIRMED,MEDIUM,
cor8en.lat,PHISHING_CONFIRMED,MEDIUM,
crypallstars.live,PHISHING_CRYPTO,MEDIUM,
draveliona365a.com,PHISHING_CONFIRMED,MEDIUM,
542tfwrw.garden,PHISHING_CONFIRMED,MEDIUM,
43820675.xyz,PHISHING_CONFIRMED,MEDIUM,
78264093.xyz,PHISHING_CONFIRMED,MEDIUM,
masakcezaportal.org,PHISHING_CONFIRMED,MEDIUM,
solvireanox.pro,PHISHING_CONFIRMED,MEDIUM,
velmiro.xyz,PHISHING_CONFIRMED,MEDIUM,
zetaswap.lol,PHISHING_CRYPTO,MEDIUM,
ruch-gieldawnik.org,PHISHING_CONFIRMED,MEDIUM,
conpound.finance,PHISHING_CRYPTO,MEDIUM,
39175482.xyz,PHISHING_CONFIRMED,MEDIUM,
vg3uuq.cfd,PHISHING_CONFIRMED,MEDIUM,
leadingstarbd.com,PHISHING_CONFIRMED,MEDIUM,
novadrop.xyz,PHISHING_CRYPTO,MEDIUM,
escrowbarclays.com,PHISHING_CONFIRMED,MEDIUM,
standardweb3-mevbot.com,PHISHING_CRYPTO,MEDIUM,
blaxeight.net,PHISHING_CONFIRMED,MEDIUM,
beaverbookstore.info,PHISHING_CONFIRMED,MEDIUM,
mzyjzw.com,PHISHING_CONFIRMED,MEDIUM,
migrateclaimsz.xyz,PHISHING_CRYPTO,MEDIUM,
kordevixaq.info,PHISHING_CONFIRMED,MEDIUM,
4vpk9ra.hair,PHISHING_CONFIRMED,MEDIUM,
unchainx.link,PHISHING_CRYPTO,MEDIUM,
bjlvxia.com,PHISHING_CONFIRMED,MEDIUM,
worldmobiletoken.info,PHISHING_CRYPTO,MEDIUM,
camerathienphucmai.com,PHISHING_CONFIRMED,MEDIUM,
16195784.xyz,PHISHING_CONFIRMED,MEDIUM,
walletamlcheck.com,PHISHING_CRYPTO,MEDIUM,
6stfrsrdf.lat,PHISHING_CONFIRMED,MEDIUM,
71968254.xyz,PHISHING_CONFIRMED,MEDIUM,
evil69.com,PHISHING_CONFIRMED,MEDIUM,
farmresearch.info,PHISHING_CONFIRMED,MEDIUM,
fi-vcicq.xyz,PHISHING_CRYPTO,MEDIUM,
marinadefinance.click,PHISHING_CRYPTO,MEDIUM,
biedronka-pl.sbs,PHISHING_CONFIRMED,MEDIUM,
kenya-sugar.net,PHISHING_CONFIRMED,MEDIUM,
nbmtrading.com,PHISHING_CONFIRMED,MEDIUM,
mogalmetal.com,PHISHING_CONFIRMED,MEDIUM,
7265wfgf.lat,PHISHING_CONFIRMED,MEDIUM,
applemx-com.help,PHISHING_CONFIRMED,MEDIUM,
ff5dyq.lat,PHISHING_CONFIRMED,MEDIUM,
dappfractionai.xyz,PHISHING_CRYPTO,MEDIUM,
mpxs.org,PHISHING_CONFIRMED,MEDIUM,
predictone.org,PHISHING_CRYPTO,MEDIUM,
youtube75.com,PHISHING_CONFIRMED,MEDIUM,
v3zr5wk.hair,PHISHING_CONFIRMED,MEDIUM,
s6r7t2.lat,PHISHING_CONFIRMED,MEDIUM,
dreamequipmentrental.com,PHISHING_CONFIRMED,MEDIUM,
indiapostes.icu,PHISHING_CONFIRMED,MEDIUM,
b45eee.com,PHISHING_CONFIRMED,MEDIUM,
airdrop-elys.com,PHISHING_CRYPTO,MEDIUM,
silodev.info,PHISHING_CONFIRMED,MEDIUM,
claim-fluid.xyz,PHISHING_CRYPTO,MEDIUM,
proposals-pancakeswap.finance,PHISHING_CRYPTO,MEDIUM,
decspoat.cfd,PHISHING_CONFIRMED,MEDIUM,
nextvoyage.info,PHISHING_CONFIRMED,MEDIUM,
connect-wallet-metamask.com,PHISHING_CRYPTO,MEDIUM,
ncvapaet.hair,PHISHING_CONFIRMED,MEDIUM,
hnbeisheng.com,PHISHING_CONFIRMED,MEDIUM,
skadarlakewildlife.com,PHISHING_CONFIRMED,MEDIUM,
glsgroup.lat,PHISHING_CONFIRMED,MEDIUM,
nftnerds.org,PHISHING_CRYPTO,MEDIUM,
bet73018.com,PHISHING_CONFIRMED,MEDIUM,
q7p8a9.lat,PHISHING_CONFIRMED,MEDIUM,
bet73066.com,PHISHING_CONFIRMED,MEDIUM,
parfumcompany.sbs,PHISHING_CONFIRMED,MEDIUM,
presales-jailstool.com,PHISHING_CRYPTO,MEDIUM,
smartr.casa,PHISHING_CONFIRMED,MEDIUM,
b25ddd.com,PHISHING_CONFIRMED,MEDIUM,
vegviser.org,PHISHING_CONFIRMED,MEDIUM,
neonevm-airdrop.xyz,PHISHING_CRYPTO,MEDIUM,
applestorebr.com,PHISHING_CONFIRMED,MEDIUM,
fgwabvs.info,PHISHING_CONFIRMED,MEDIUM,
ventorylabs.net,PHISHING_CRYPTO,MEDIUM,
sushi-sfund.xyz,PHISHING_CRYPTO,MEDIUM,
dorgahings.info,PHISHING_CONFIRMED,MEDIUM,
rashedahamed.com,PHISHING_CONFIRMED,MEDIUM,
drivkac.click,PHISHING_CONFIRMED,MEDIUM,
jrks155.xyz,PHISHING_CONFIRMED,MEDIUM,
bomnetwork.digital,PHISHING_CRYPTO,MEDIUM,
rscigroups.com,PHISHING_CONFIRMED,MEDIUM,
p7kt4rw.hair,PHISHING_CONFIRMED,MEDIUM,
luxecz.info,PHISHING_CONFIRMED,MEDIUM,
chocolissimopl.sbs,PHISHING_CONFIRMED,MEDIUM,
spotlightcraft.com,PHISHING_CONFIRMED,MEDIUM,
portelbridge.org,PHISHING_CRYPTO,MEDIUM,
dotsegy.com,PHISHING_CONFIRMED,MEDIUM,
assuredwebtest.info,PHISHING_CONFIRMED,MEDIUM,
silna-gieldownia.net,PHISHING_CONFIRMED,MEDIUM,
gumtre33e.autos,PHISHING_CONFIRMED,MEDIUM,
terynchapin.info,PHISHING_CONFIRMED,MEDIUM,
ftsotools.info,PHISHING_CRYPTO,MEDIUM,
renzooprotocol.com,PHISHING_CRYPTO,MEDIUM,
emasakgov.org,PHISHING_CONFIRMED,MEDIUM,
integraassetmanagement.com,PHISHING_CRYPTO,MEDIUM,
serviceyep.hair,PHISHING_CONFIRMED,MEDIUM,
migada.info,PHISHING_CONFIRMED,MEDIUM,
networkrouter.xyz,PHISHING_CRYPTO,MEDIUM,
jtinwestycje.net,PHISHING_CONFIRMED,MEDIUM,
reportdatahub.com,PHISHING_CRYPTO,MEDIUM,
peinecisnechises.lol,PHISHING_CRYPTO,MEDIUM,
deefifofun.org,PHISHING_CONFIRMED,MEDIUM,
5wv8qpr.skin,PHISHING_CONFIRMED,HIGH,
k1x4m9.cfd,PHISHING_CONFIRMED,MEDIUM,
32719584.xyz,PHISHING_CONFIRMED,MEDIUM,
new-regulations81235.com,PHISHING_CONFIRMED,MEDIUM,
blockdzagnetwork.live,PHISHING_CRYPTO,MEDIUM,
greenpapaya.xyz,PHISHING_CONFIRMED,MEDIUM,
hnaykn.com,PHISHING_CONFIRMED,MEDIUM,
broadstonejournal.info,PHISHING_CONFIRMED,MEDIUM,
portal-toshi.com,PHISHING_CRYPTO,MEDIUM,
m2fztm.casa,PHISHING_CONFIRMED,MEDIUM,
2vpk9rw.hair,PHISHING_CONFIRMED,MEDIUM,
bet73044.com,PHISHING_CONFIRMED,MEDIUM,
e7rlbm.qpon,PHISHING_CONFIRMED,MEDIUM,
pressroomless.info,PHISHING_CONFIRMED,MEDIUM,
arrangehimalayas.com,PHISHING_CONFIRMED,MEDIUM,
b25uuu.com,PHISHING_CONFIRMED,MEDIUM,
bet73022.com,PHISHING_CONFIRMED,MEDIUM,
multiweb3serverss.com,PHISHING_CRYPTO,MEDIUM,
claimsftx-portal.com,PHISHING_CONFIRMED,MEDIUM,
pzicp.sbs,PHISHING_CONFIRMED,MEDIUM,
solidarnoscstudio.pro,PHISHING_CONFIRMED,MEDIUM,
6x.work,PHISHING_CONFIRMED,MEDIUM,
lineamainnet-hub.xyz,PHISHING_CRYPTO,MEDIUM,
dappfi.dev,PHISHING_CRYPTO,MEDIUM,
aajcustoms.com,PHISHING_CONFIRMED,MEDIUM,
portalbrldge.com,PHISHING_CRYPTO,MEDIUM,
nipponimportsltd.com,PHISHING_CONFIRMED,MEDIUM,
nordenergie.info,PHISHING_CONFIRMED,MEDIUM,
alsaudtours.com,PHISHING_CONFIRMED,MEDIUM,
replyconnexionstatus.com,PHISHING_CONFIRMED,MEDIUM,
z9nt3mv.qpon,PHISHING_CONFIRMED,MEDIUM,
reshltd.com,PHISHING_CONFIRMED,MEDIUM,
chineseviagra-fromchina.com,PHISHING_CONFIRMED,MEDIUM,
prosoftcloud.info,PHISHING_CONFIRMED,MEDIUM,
walletvalidate.app,PHISHING_CRYPTO,MEDIUM,
fuel-genesis.net,PHISHING_CRYPTO,MEDIUM,
loc-ip-enc.services,PHISHING_CONFIRMED,MEDIUM,
coffeecreamer.net,PHISHING_CONFIRMED,MEDIUM,
tir8ox.lat,PHISHING_CONFIRMED,MEDIUM,
nathanmcquarrie.com,PHISHING_CONFIRMED,MEDIUM,
internetcim.com,PHISHING_CONFIRMED,MEDIUM,
solarx.fun,PHISHING_CRYPTO,MEDIUM,
alshayakaa.com,PHISHING_CONFIRMED,MEDIUM,
linkedin-receipts-inv.com,PHISHING_CONFIRMED,MEDIUM,
inpostfreshpl.com,PHISHING_CONFIRMED,MEDIUM,
73160825.xyz,PHISHING_CONFIRMED,MEDIUM,
mel3xo.lat,PHISHING_CONFIRMED,MEDIUM,
fmicheck-apple.com,PHISHING_CONFIRMED,MEDIUM,
abster.org,PHISHING_CRYPTO,MEDIUM,
illuviium-claim.com,PHISHING_CRYPTO,MEDIUM,
3k8uj3.skin,PHISHING_CONFIRMED,HIGH,
multisyncronize.com,PHISHING_CRYPTO,MEDIUM,
app-usual-money.xyz,PHISHING_CRYPTO,MEDIUM,
ameli-espace.info,PHISHING_CONFIRMED,MEDIUM,
darbibolton.info,PHISHING_CONFIRMED,MEDIUM,
spotifyserwiskonta.help,PHISHING_CONFIRMED,MEDIUM,
mg6vlp.qpon,PHISHING_CONFIRMED,MEDIUM,
bgrpet.com,PHISHING_CONFIRMED,MEDIUM,
0kw7jd.lat,PHISHING_CONFIRMED,MEDIUM,
dl8fob.qpon,PHISHING_CONFIRMED,MEDIUM,
timbartlett.info,PHISHING_CONFIRMED,MEDIUM,
ilovecheating.com,PHISHING_CONFIRMED,MEDIUM,
securebridgedapp.com,PHISHING_CRYPTO,MEDIUM,
ethtervista.app,PHISHING_CRYPTO,MEDIUM,
indiaapostgovin.click,PHISHING_CONFIRMED,MEDIUM,
gs63j8s.lat,PHISHING_CONFIRMED,MEDIUM,
adfuibn.info,PHISHING_CONFIRMED,MEDIUM,
872yg63.lat,PHISHING_CONFIRMED,MEDIUM,
registeredagentsinnevada.net,PHISHING_CONFIRMED,MEDIUM,
51086473.xyz,PHISHING_CONFIRMED,MEDIUM,
mptom.info,PHISHING_CONFIRMED,MEDIUM,
steamrar.com,PHISHING_CONFIRMED,MEDIUM,
trenitalyia.help,PHISHING_CONFIRMED,MEDIUM,
zimbabwe-sugar.net,PHISHING_CONFIRMED,MEDIUM,
rewards-tel.org,PHISHING_CRYPTO,MEDIUM,
optimisms.xyz,PHISHING_CRYPTO,MEDIUM,
83jweg3.lol,PHISHING_CONFIRMED,MEDIUM,
smartdappauth.com,PHISHING_CRYPTO,MEDIUM,
f1izsv.cfd,PHISHING_CONFIRMED,MEDIUM,
rpc-nodesolution.com,PHISHING_CRYPTO,MEDIUM,
chainclaim.live,PHISHING_CRYPTO,MEDIUM,
superstacksolutions.xyz,PHISHING_CRYPTO,MEDIUM,
nal7xo.lat,PHISHING_CONFIRMED,MEDIUM,
guard-wallet.org,PHISHING_CRYPTO,MEDIUM,
encontrar-phone.help,PHISHING_CONFIRMED,MEDIUM,
moonwellfenance.org,PHISHING_CRYPTO,MEDIUM,
amltests.com,PHISHING_CRYPTO,MEDIUM,
clientsportalsite.com,PHISHING_CRYPTO,MEDIUM,
dextergaragedoors.com,PHISHING_CRYPTO,MEDIUM,
dpdlocali-ixg.bond,PHISHING_CONFIRMED,MEDIUM,
bridgepulsechain.live,PHISHING_CRYPTO,MEDIUM,
leeminjae.xyz,PHISHING_CONFIRMED,MEDIUM,
myetherwallmet.com,PHISHING_CRYPTO,MEDIUM,
blockdagnetworkss.live,PHISHING_CRYPTO,MEDIUM,
98kuihm.sbs,PHISHING_CONFIRMED,MEDIUM,
dashboard-my-item.lol,PHISHING_CRYPTO,MEDIUM,
alienx-chain.com,PHISHING_CRYPTO,MEDIUM,
secure-nodes.info,PHISHING_CRYPTO,MEDIUM,
dijitalhukuk.org,PHISHING_CONFIRMED,MEDIUM,
nh-dc.com,PHISHING_CONFIRMED,MEDIUM,
vn5rme.sbs,PHISHING_CONFIRMED,MEDIUM,
metamask-bt-al-dapps.com,PHISHING_CRYPTO,MEDIUM,
oneofakindfindsonline.info,PHISHING_CONFIRMED,MEDIUM,
85036297.xyz,PHISHING_CONFIRMED,MEDIUM,
ibitbit.com,PHISHING_CRYPTO,MEDIUM,
mueller-at.sbs,PHISHING_CONFIRMED,MEDIUM,
q2xt6mp.skin,PHISHING_CONFIRMED,MEDIUM,
myspotifyapp.help,PHISHING_CONFIRMED,MEDIUM,
f2n8r1.lat,PHISHING_CONFIRMED,MEDIUM,
25706449.xyz,PHISHING_CONFIRMED,MEDIUM,
networkswtich.xyz,PHISHING_CRYPTO,MEDIUM,
b5y4m0.sbs,PHISHING_CONFIRMED,MEDIUM,
servernodefix.org,PHISHING_CRYPTO,MEDIUM,
otpofficial.com,PHISHING_CONFIRMED,MEDIUM,
webconnectsdefi.xyz,PHISHING_CRYPTO,MEDIUM,
50713892.xyz,PHISHING_CONFIRMED,MEDIUM,
b45033.com,PHISHING_CONFIRMED,MEDIUM,
goldentrail.site,PHISHING_CONFIRMED,MEDIUM,
v5ixtr.cfd,PHISHING_CONFIRMED,MEDIUM,
jiowala.xyz,PHISHING_CONFIRMED,MEDIUM,
unit-coinbase.com,PHISHING_CRYPTO,MEDIUM,
64397082.xyz,PHISHING_CONFIRMED,MEDIUM,
lunaskarbtin.com,PHISHING_CONFIRMED,MEDIUM,
walletrestoredapps.com,PHISHING_CRYPTO,MEDIUM,
virtual-sushi.lat,PHISHING_CRYPTO,MEDIUM,
reward-pepeunchained.com,PHISHING_CRYPTO,MEDIUM,
021bag.com,PHISHING_CONFIRMED,MEDIUM,
11g2vg2.hair,PHISHING_CONFIRMED,MEDIUM,
freeamlwallet.com,PHISHING_CRYPTO,MEDIUM,
26tw4fw.lat,PHISHING_CONFIRMED,MEDIUM,
9sjw5hs.lat,PHISHING_CONFIRMED,MEDIUM,
mallorcatecnic.info,PHISHING_CONFIRMED,MEDIUM,
onulpazarlama.info,PHISHING_CONFIRMED,MEDIUM,
liuzhu1.com,PHISHING_CONFIRMED,MEDIUM,
bridgesintounity.org,PHISHING_CONFIRMED,MEDIUM,
datalineqa.pro,PHISHING_CONFIRMED,MEDIUM,
officesipads.com,PHISHING_CONFIRMED,MEDIUM,
8kn2zwr.skin,PHISHING_CONFIRMED,MEDIUM,
miokn8.com,PHISHING_CONFIRMED,MEDIUM,
picnic.qpon,PHISHING_CONFIRMED,MEDIUM,
servicescw.cyou,PHISHING_CONFIRMED,MEDIUM,
baltzyskura.com,PHISHING_CONFIRMED,MEDIUM,
r6pt5wk.hair,PHISHING_CONFIRMED,HIGH,
reportstreamzone.pro,PHISHING_CONFIRMED,MEDIUM,
trexano.info,PHISHING_CONFIRMED,MEDIUM,
stake-connect.com,PHISHING_CRYPTO,MEDIUM,
devairdrop.xyz,PHISHING_CRYPTO,MEDIUM,
abqkitchen.com,PHISHING_CONFIRMED,MEDIUM,
tulkeroo.info,PHISHING_CONFIRMED,MEDIUM,
4916xqp.hair,PHISHING_CONFIRMED,MEDIUM,
glenarbuck.info,PHISHING_CONFIRMED,MEDIUM,
4k3ij5hu.skin,PHISHING_CONFIRMED,MEDIUM,
4asianporn.com,PHISHING_CONFIRMED,MEDIUM,
52079648.xyz,PHISHING_CONFIRMED,MEDIUM,
zerohalliburtonjp.info,PHISHING_CONFIRMED,MEDIUM,
bridgecoins.xyz,PHISHING_CRYPTO,MEDIUM,
59037641.xyz,PHISHING_CONFIRMED,MEDIUM,
piosadn.info,PHISHING_CONFIRMED,MEDIUM,
uscoin.org,PHISHING_CONFIRMED,MEDIUM,
hemover.info,PHISHING_CONFIRMED,MEDIUM,
brevardmusic.com,PHISHING_CONFIRMED,MEDIUM,
online-web.lol,PHISHING_CRYPTO,MEDIUM,
qar9vo.lat,PHISHING_CONFIRMED,MEDIUM,
flash-sale.sbs,PHISHING_CONFIRMED,MEDIUM,
bet6763.com,PHISHING_CONFIRMED,MEDIUM,
52904178.xyz,PHISHING_CONFIRMED,MEDIUM,
interbankcompe.com,PHISHING_CONFIRMED,MEDIUM,
chainprotocolsystem.online,PHISHING_CRYPTO,MEDIUM,
kalverionaa.info,PHISHING_CONFIRMED,MEDIUM,
airdrop-frogo.org,PHISHING_CRYPTO,MEDIUM,
nextwiss.com,PHISHING_CONFIRMED,MEDIUM,
abstractx1.lol,PHISHING_CRYPTO,MEDIUM,
manh.work,PHISHING_CONFIRMED,MEDIUM,
click-to-coin.cc,PHISHING_CRYPTO,MEDIUM,
m4xv8qn.skin,PHISHING_CONFIRMED,MEDIUM,
46712098.xyz,PHISHING_CONFIRMED,MEDIUM,
snapshot-neirocoin.xyz,PHISHING_CRYPTO,MEDIUM,
servicezmf.cyou,PHISHING_CONFIRMED,MEDIUM,
pokerdomsofficial.pro,PHISHING_CRYPTO,MEDIUM,
m8rv5qp.hair,PHISHING_CONFIRMED,HIGH,
madvikinggames.xyz,PHISHING_CRYPTO,MEDIUM,
50982416.xyz,PHISHING_CONFIRMED,MEDIUM,
testwebsiteeeee21.com,PHISHING_CRYPTO,MEDIUM,
trackingram.life,PHISHING_CONFIRMED,MEDIUM,
cloudedge.network,PHISHING_CRYPTO,MEDIUM,
eggsprotocol.finance,PHISHING_CRYPTO,MEDIUM,
blockchainchange.xyz,PHISHING_CRYPTO,MEDIUM,
83h0e65hg.lat,PHISHING_CONFIRMED,MEDIUM,
z7qm3xt.skin,PHISHING_CONFIRMED,MEDIUM,
migrate-selfchain.xyz,PHISHING_CRYPTO,MEDIUM,
3497xpk.hair,PHISHING_CONFIRMED,MEDIUM,
deus-lab.org,PHISHING_CRYPTO,MEDIUM,
control-orders.help,PHISHING_CONFIRMED,MEDIUM,
claiming-zerolend.xyz,PHISHING_CRYPTO,MEDIUM,
registeredagentsinsouthcarolina.com,PHISHING_CONFIRMED,MEDIUM,
in-post.lat,PHISHING_CONFIRMED,MEDIUM,
pol-bytex.com,PHISHING_CONFIRMED,MEDIUM,
frboutiquelecoin.com,PHISHING_CONFIRMED,MEDIUM,
howtomakebetterphotos.com,PHISHING_CONFIRMED,MEDIUM,
adultmoneymakers.com,PHISHING_CONFIRMED,MEDIUM,
usuals.vote,PHISHING_CONFIRMED,MEDIUM,
klaarvoordetoekomst.info,PHISHING_CONFIRMED,MEDIUM,
kandrlearning.com,PHISHING_CONFIRMED,MEDIUM,
i4iyxt.cfd,PHISHING_CONFIRMED,MEDIUM,
defi-swap.net,PHISHING_CRYPTO,MEDIUM,
zurew.info,PHISHING_CONFIRMED,MEDIUM,
airdropgoose.farm,PHISHING_CRYPTO,MEDIUM,
3u7h4h.hair,PHISHING_CONFIRMED,HIGH,
diycraft.net,PHISHING_CONFIRMED,MEDIUM,
15876294.xyz,PHISHING_CONFIRMED,MEDIUM,
quickhelp-portal.com,PHISHING_CRYPTO,MEDIUM,
n1mapv.cfd,PHISHING_CONFIRMED,MEDIUM,
63twetgf.lat,PHISHING_CONFIRMED,MEDIUM,
62hwtrfv.lat,PHISHING_CONFIRMED,MEDIUM,
topg-sale.com,PHISHING_CRYPTO,MEDIUM,
agribiztv.com,PHISHING_CONFIRMED,MEDIUM,
21796483.xyz,PHISHING_CONFIRMED,MEDIUM,
clicks-za.help,PHISHING_CONFIRMED,MEDIUM,
3ju4ej3.skin,PHISHING_CONFIRMED,MEDIUM,
al-rehaili.net,PHISHING_CONFIRMED,MEDIUM,
kontrola-stosowin.org,PHISHING_CONFIRMED,MEDIUM,
v1x4f8.lat,PHISHING_CONFIRMED,MEDIUM,
portail-sante.info,PHISHING_CONFIRMED,MEDIUM,
iovov.org,PHISHING_CONFIRMED,MEDIUM,
linea-hub.xyz,PHISHING_CRYPTO,MEDIUM,
trackinggwy.life,PHISHING_CONFIRMED,MEDIUM,
my-account-verification.com,PHISHING_CONFIRMED,MEDIUM,
eobuwieoutlet.com,PHISHING_CONFIRMED,MEDIUM,
b45070.com,PHISHING_CONFIRMED,MEDIUM,
danielleisk.info,PHISHING_CONFIRMED,MEDIUM,
claim-shibainu.xyz,PHISHING_CRYPTO,MEDIUM,
qfdn3gyfbs.com,PHISHING_CONFIRMED,MEDIUM,
gonetwork.pro,PHISHING_CRYPTO,MEDIUM,
86104927.xyz,PHISHING_CONFIRMED,MEDIUM,
serviceber.boats,PHISHING_CONFIRMED,MEDIUM,
catalystpointless.info,PHISHING_CONFIRMED,MEDIUM,
silverinvestmentcompanyllc.com,PHISHING_CONFIRMED,MEDIUM,
a4r6m9.lat,PHISHING_CONFIRMED,MEDIUM,
aa8xgl.cfd,PHISHING_CONFIRMED,MEDIUM,
web3networksync.com,PHISHING_CRYPTO,MEDIUM,
doublejump.info,PHISHING_CONFIRMED,MEDIUM,
babysdoge.net,PHISHING_CRYPTO,MEDIUM,
renz0.xyz,PHISHING_CRYPTO,MEDIUM,
23i3h38.hair,PHISHING_CONFIRMED,MEDIUM,
airdropbsxlabs.xyz,PHISHING_CRYPTO,MEDIUM,
fanchurch.info,PHISHING_CONFIRMED,MEDIUM,
alcx-sushi.cfd,PHISHING_CRYPTO,MEDIUM,
solvique.sbs,PHISHING_CONFIRMED,MEDIUM,
ricardezphoto.com,PHISHING_CONFIRMED,MEDIUM,
khaledkheder.com,PHISHING_CONFIRMED,MEDIUM,
thrusreter.finance,PHISHING_CRYPTO,MEDIUM,
pomocspotify.help,PHISHING_CONFIRMED,MEDIUM,
ipptaonline.org,PHISHING_CONFIRMED,MEDIUM,
oxaitoken.xyz,PHISHING_CRYPTO,MEDIUM,
ozakai.network,PHISHING_CRYPTO,MEDIUM,
afghanwaters.net,PHISHING_CONFIRMED,MEDIUM,
maga-sushi.lat,PHISHING_CRYPTO,MEDIUM,
h6n3m2.cfd,PHISHING_CONFIRMED,MEDIUM,
polskainnowacja.pro,PHISHING_CONFIRMED,MEDIUM,
com-faw7.sbs,PHISHING_CONFIRMED,MEDIUM,
raydlum.icu,PHISHING_CRYPTO,MEDIUM,
67139082.xyz,PHISHING_CONFIRMED,MEDIUM,
blockdagnetworkapp.live,PHISHING_CRYPTO,MEDIUM,
polygcn.technology,PHISHING_CRYPTO,MEDIUM,
earpainpedia.com,PHISHING_CONFIRMED,MEDIUM,
block-dagxyznetwork.live,PHISHING_CRYPTO,MEDIUM,
stadiumshop.sbs,PHISHING_CONFIRMED,MEDIUM,
dappcentral.pro,PHISHING_CRYPTO,MEDIUM,
kwqwewqrwqruidvatngl.sbs,PHISHING_CONFIRMED,MEDIUM,
logxclaim.xyz,PHISHING_CRYPTO,MEDIUM,
24839061.xyz,PHISHING_CONFIRMED,MEDIUM,
digipressioq.pro,PHISHING_CONFIRMED,MEDIUM,
i7k9n2.cfd,PHISHING_CONFIRMED,MEDIUM,
r6hklj.casa,PHISHING_CONFIRMED,MEDIUM,
p1h3fz.sbs,PHISHING_CONFIRMED,MEDIUM,
deal-pl.sbs,PHISHING_CONFIRMED,MEDIUM,
fme-cludisuporte.com,PHISHING_CONFIRMED,MEDIUM,
claims-movement-network.xyz,PHISHING_CRYPTO,MEDIUM,
app-agent.info,PHISHING_CRYPTO,MEDIUM,
pethoroscope.info,PHISHING_CONFIRMED,MEDIUM,
thebestartistsinworld.info,PHISHING_CONFIRMED,MEDIUM,
bamcapsorinternetwebn.click,PHISHING_CONFIRMED,MEDIUM,
42refwf2r.xyz,PHISHING_CONFIRMED,MEDIUM,
fastrouter.xyz,PHISHING_CRYPTO,MEDIUM,
in-appadvertising.com,PHISHING_CONFIRMED,MEDIUM,
72084591.xyz,PHISHING_CONFIRMED,MEDIUM,
servicehpa.quest,PHISHING_CONFIRMED,MEDIUM,
claiming-jesse.com,PHISHING_CRYPTO,MEDIUM,
insureshealth.info,PHISHING_CONFIRMED,MEDIUM,
clevelandaeclinic-suppliers.com,PHISHING_CONFIRMED,MEDIUM,
tav7ri.lat,PHISHING_CONFIRMED,MEDIUM,
camblishfoundation.org,PHISHING_CONFIRMED,MEDIUM,
ladietaalimentare.info,PHISHING_CONFIRMED,MEDIUM,
6wt6wy.lat,PHISHING_CONFIRMED,MEDIUM,
7qwygy.wiki,PHISHING_CONFIRMED,MEDIUM,
bestwalletsapp.live,PHISHING_CRYPTO,MEDIUM,
digitalassetsweb3connect.com,PHISHING_CRYPTO,MEDIUM,
bet3729.com,PHISHING_CONFIRMED,MEDIUM,
claim-vlv.xyz,PHISHING_CRYPTO,MEDIUM,
5731mqa.hair,PHISHING_CONFIRMED,MEDIUM,
dekronkel.info,PHISHING_CONFIRMED,MEDIUM,
3xt9vkw.qpon,PHISHING_CONFIRMED,HIGH,
trustxpaycore.com,PHISHING_CRYPTO,MEDIUM,
518kk.com,PHISHING_CONFIRMED,MEDIUM,
bakogmerica.click,PHISHING_CONFIRMED,MEDIUM,
anpicker.com,PHISHING_CONFIRMED,MEDIUM,
mxhelp.help,PHISHING_CONFIRMED,MEDIUM,
823hwe5t.lat,PHISHING_CONFIRMED,MEDIUM,
playuniiq.info,PHISHING_CONFIRMED,MEDIUM,
streamlinefood.com,PHISHING_CONFIRMED,MEDIUM,
cascadeless.pro,PHISHING_CONFIRMED,MEDIUM,
bet63b3.com,PHISHING_CONFIRMED,MEDIUM,
4frwfret.lol,PHISHING_CONFIRMED,MEDIUM,
bell1009.com,PHISHING_CONFIRMED,MEDIUM,
dappradarr.app,PHISHING_CRYPTO,MEDIUM,
cybroe.org,PHISHING_CRYPTO,MEDIUM,
defibridger.xyz,PHISHING_CRYPTO,MEDIUM,
comsprague.com,PHISHING_CONFIRMED,MEDIUM,
desertty.pro,PHISHING_CONFIRMED,MEDIUM,
destronfearing.info,PHISHING_CONFIRMED,MEDIUM,
pointss.sbs,PHISHING_CONFIRMED,MEDIUM,
verify-connect.com,PHISHING_CRYPTO,MEDIUM,
sentimentskopje.homes,PHISHING_CONFIRMED,MEDIUM,
bitcoinlaundry.online,PHISHING_CRYPTO,MEDIUM,
pro-minter.com,PHISHING_CRYPTO,MEDIUM,
plumenetwork-claims.xyz,PHISHING_CRYPTO,MEDIUM,
officialreliefclaim.com,PHISHING_CRYPTO,MEDIUM,
mainnetcoreupdates.org,PHISHING_CRYPTO,MEDIUM,
stofleur.xyz,PHISHING_CRYPTO,MEDIUM,
7ugey3e.lol,PHISHING_CONFIRMED,MEDIUM,
3ikj3vg22.hair,PHISHING_CONFIRMED,HIGH,
cihrmglobal.org,PHISHING_CONFIRMED,MEDIUM,
coherentchainhub.xyz,PHISHING_CRYPTO,MEDIUM,
eobuwie-rabat.sbs,PHISHING_CONFIRMED,MEDIUM,
95820461.xyz,PHISHING_CONFIRMED,MEDIUM,
ticketsupport-apps.com,PHISHING_CRYPTO,MEDIUM,
travolentiaq.info,PHISHING_CONFIRMED,MEDIUM,
luvyourneighbor.info,PHISHING_CONFIRMED,MEDIUM,
lavadump.info,PHISHING_CONFIRMED,MEDIUM,
a7k9c1.sbs,PHISHING_CONFIRMED,MEDIUM,
gologin-coinbase.com,PHISHING_CRYPTO,MEDIUM,
okogm.com,PHISHING_CONFIRMED,MEDIUM,
dexalotq.org,PHISHING_CRYPTO,MEDIUM,
edgefi.network,PHISHING_CRYPTO,MEDIUM,
nodelysai.com,PHISHING_CRYPTO,MEDIUM,
homlawiosna.com,PHISHING_CONFIRMED,MEDIUM,
4q62rqf.lat,PHISHING_CONFIRMED,MEDIUM,
sale-smyk.com,PHISHING_CONFIRMED,MEDIUM,
g6k9rv.lat,PHISHING_CONFIRMED,MEDIUM,
20573691.xyz,PHISHING_CONFIRMED,MEDIUM,
valoriacapital-fr.com,PHISHING_CONFIRMED,MEDIUM,
eranshahar.info,PHISHING_CONFIRMED,MEDIUM,
bodziopl.sbs,PHISHING_CONFIRMED,MEDIUM,
card-metamask.org,PHISHING_CRYPTO,MEDIUM,
bonkxmanta.xyz,PHISHING_CRYPTO,MEDIUM,
bap-host.com,PHISHING_CONFIRMED,MEDIUM,
usage-merlinswap.com,PHISHING_CRYPTO,MEDIUM,
weeglex.xyz,PHISHING_CRYPTO,MEDIUM,
chainswap.website,PHISHING_CRYPTO,MEDIUM,
campus-sports1.com,PHISHING_CONFIRMED,MEDIUM,
sorta.finance,PHISHING_CRYPTO,MEDIUM,
stake-lidofi.app,PHISHING_CRYPTO,MEDIUM,
my-crypto.com,PHISHING_CRYPTO,MEDIUM,
72819345.xyz,PHISHING_CONFIRMED,MEDIUM,
nike-coin.com,PHISHING_CRYPTO,MEDIUM,
factcheckresearch.org,PHISHING_CONFIRMED,MEDIUM,
twwalletnode.cloud,PHISHING_CRYPTO,MEDIUM,
jasmytoken.com,PHISHING_CRYPTO,MEDIUM,
l7m2c6.lol,PHISHING_CONFIRMED,MEDIUM,
7wh25rr.lol,PHISHING_CONFIRMED,MEDIUM,
32qrfd42.lat,PHISHING_CONFIRMED,MEDIUM,
sunswap.mom,PHISHING_CRYPTO,MEDIUM,
traycab.info,PHISHING_CONFIRMED,MEDIUM,
servicedgw.cyou,PHISHING_CONFIRMED,MEDIUM,
cbdwonders.info,PHISHING_CONFIRMED,MEDIUM,
wallet-uniswap.org,PHISHING_CRYPTO,MEDIUM,
30475268.xyz,PHISHING_CONFIRMED,MEDIUM,
40317682.xyz,PHISHING_CONFIRMED,MEDIUM,
dapapprove.com,PHISHING_CRYPTO,MEDIUM,
superchain.lol,PHISHING_CRYPTO,MEDIUM,
multisync-chains.xyz,PHISHING_CRYPTO,MEDIUM,
web3insuredvault.com,PHISHING_CRYPTO,MEDIUM,
opendappnodex.xyz,PHISHING_CRYPTO,MEDIUM,
jmmotorexmz.com,PHISHING_CONFIRMED,MEDIUM,
n1c6y4.lat,PHISHING_CONFIRMED,MEDIUM,
claim-qdev-project.xyz,PHISHING_CRYPTO,MEDIUM,
cryptonews.icu,PHISHING_CRYPTO,MEDIUM,
megadrops-solvprotocol.com,PHISHING_CONFIRMED,MEDIUM,
glacier-points.net,PHISHING_CRYPTO,MEDIUM,
clinicalofficerscouncil.org,PHISHING_CONFIRMED,MEDIUM,
26704318.xyz,PHISHING_CONFIRMED,MEDIUM,
fidelitypoint.net,PHISHING_CONFIRMED,MEDIUM,
bitcoinnews24h.net,PHISHING_CONFIRMED,MEDIUM,
metavertising.com,PHISHING_CONFIRMED,MEDIUM,
trhukuktc.net,PHISHING_CONFIRMED,MEDIUM,
wojaknft.lol,PHISHING_CRYPTO,MEDIUM,
jxqbv.sbs,PHISHING_CONFIRMED,MEDIUM,
zun8xo.cfd,PHISHING_CONFIRMED,MEDIUM,
rk9xpm.qpon,PHISHING_CONFIRMED,MEDIUM,
btfd-coin.com,PHISHING_CRYPTO,MEDIUM,
jysk-pl.help,PHISHING_CONFIRMED,MEDIUM,
deitchphotography.com,PHISHING_CONFIRMED,MEDIUM,
dd365f.net,PHISHING_CONFIRMED,MEDIUM,
headlinenews.pro,PHISHING_CONFIRMED,MEDIUM,
biocompostablebrandssa.com,PHISHING_CONFIRMED,MEDIUM,
alrabdaa.com,PHISHING_CONFIRMED,MEDIUM,
eddiereyes.info,PHISHING_CONFIRMED,MEDIUM,
sevenpeliculas.com,PHISHING_CONFIRMED,MEDIUM,
jsmshdhgbvbv.info,PHISHING_CONFIRMED,MEDIUM,
defillaama.com,PHISHING_CRYPTO,MEDIUM,
b4c7x1.lat,PHISHING_CONFIRMED,MEDIUM,
v3portfolio-asterdex.com,PHISHING_CRYPTO,MEDIUM,
68590421.xyz,PHISHING_CONFIRMED,MEDIUM,
join-chain.link,PHISHING_CRYPTO,MEDIUM,
veritasdailyiq.info,PHISHING_CONFIRMED,MEDIUM,
pudgypengiuns.xyz,PHISHING_CRYPTO,MEDIUM,
74029561.xyz,PHISHING_CONFIRMED,MEDIUM,
allfet.info,PHISHING_CONFIRMED,MEDIUM,
hel8ix.lat,PHISHING_CONFIRMED,MEDIUM,
q9m3p5.lat,PHISHING_CONFIRMED,MEDIUM,
injuryclientsnow.com,PHISHING_CONFIRMED,MEDIUM,
86527190.xyz,PHISHING_CONFIRMED,MEDIUM,
30861745.xyz,PHISHING_CONFIRMED,MEDIUM,
facts-documentation.lat,PHISHING_CONFIRMED,MEDIUM,
immediatevault.org,PHISHING_CRYPTO,MEDIUM,
claim-qdevpro.xyz,PHISHING_CRYPTO,MEDIUM,
ledgerx-upgrade.com,PHISHING_CRYPTO,MEDIUM,
bajwapvt.com,PHISHING_CONFIRMED,MEDIUM,
beta-swapx.com,PHISHING_CRYPTO,MEDIUM,
servicehia.cfd,PHISHING_CONFIRMED,MEDIUM,
clearsignaliq24.pro,PHISHING_CONFIRMED,MEDIUM,
t5wr3kp.hair,PHISHING_CONFIRMED,MEDIUM,
firsticketcentresync.com,PHISHING_CRYPTO,MEDIUM,
y3yeteg9.lat,PHISHING_CONFIRMED,MEDIUM,
dallaswhodats.info,PHISHING_CONFIRMED,MEDIUM,
cosibellacom.sbs,PHISHING_CONFIRMED,MEDIUM,
first-ticketsapp.com,PHISHING_CRYPTO,MEDIUM,
delivery-schedule.com,PHISHING_CONFIRMED,MEDIUM,
dappradarairdrop.link,PHISHING_CRYPTO,MEDIUM,
onweb.lol,PHISHING_CRYPTO,MEDIUM,
2491zva.ink,PHISHING_CONFIRMED,MEDIUM,
86931457.xyz,PHISHING_CONFIRMED,MEDIUM,
thementalhealthrecoveryacademy.com,PHISHING_CONFIRMED,MEDIUM,
9154zkn.hair,PHISHING_CONFIRMED,MEDIUM,
heritagegroupofschools.org,PHISHING_CONFIRMED,MEDIUM,
funds-blockfi.com,PHISHING_CRYPTO,MEDIUM,
blockdagnetworking.online,PHISHING_CRYPTO,MEDIUM,
dugongmozambique.info,PHISHING_CONFIRMED,MEDIUM,
orochi-network.org,PHISHING_CRYPTO,MEDIUM,
tenarisfunds.com,PHISHING_CRYPTO,MEDIUM,
k8pv3zr.qpon,PHISHING_CONFIRMED,MEDIUM,
d2v7e9.lat,PHISHING_CONFIRMED,MEDIUM,
0299wju3.work,PHISHING_CONFIRMED,MEDIUM,
gjentzuwcjxk.com,PHISHING_CONFIRMED,MEDIUM,
etollpl-gov.sbs,PHISHING_CONFIRMED,MEDIUM,
tuncelialmankulturakademisi.com,PHISHING_CONFIRMED,MEDIUM,
fpvalone.com,PHISHING_CONFIRMED,MEDIUM,
whatisimpostersyndrome.com,PHISHING_CRYPTO,MEDIUM,
minswap.info,PHISHING_CRYPTO,MEDIUM,
eyeye63.lol,PHISHING_CONFIRMED,MEDIUM,
appealmetabusiness.com,PHISHING_CONFIRMED,MEDIUM,
paws-coin.com,PHISHING_CRYPTO,MEDIUM,
s-lineauto.com,PHISHING_CONFIRMED,MEDIUM,
blagosich.org,PHISHING_CONFIRMED,MEDIUM,
smartsdappsconnector.com,PHISHING_CRYPTO,MEDIUM,
19573448.xyz,PHISHING_CONFIRMED,MEDIUM,
57286139.xyz,PHISHING_CONFIRMED,MEDIUM,
turnusarzt.info,PHISHING_CONFIRMED,MEDIUM,
rezoncapitalinc.com,PHISHING_CRYPTO,MEDIUM,
bgsbctp.com,PHISHING_CONFIRMED,MEDIUM,
17083596.xyz,PHISHING_CONFIRMED,MEDIUM,
smykonline.com,PHISHING_CONFIRMED,MEDIUM,
dcryptsecure.xyz,PHISHING_CRYPTO,MEDIUM,
gov-indiapost.sbs,PHISHING_CONFIRMED,MEDIUM,
earn-paidnetwork.com,PHISHING_CRYPTO,MEDIUM,
em7bch.sbs,PHISHING_CONFIRMED,MEDIUM,
blockchaindapps.live,PHISHING_CRYPTO,MEDIUM,
fagarage.com,PHISHING_CONFIRMED,MEDIUM,
virelto.biz,PHISHING_CONFIRMED,MEDIUM,
claim-airdrop-zrc.xyz,PHISHING_CRYPTO,MEDIUM,
51480623.xyz,PHISHING_CONFIRMED,MEDIUM,
mawsandclaws.com,PHISHING_CONFIRMED,MEDIUM,
registeredagentsinvirginia.com,PHISHING_CONFIRMED,MEDIUM,
icloudmaps.click,PHISHING_CONFIRMED,MEDIUM,
vuelosenofertalatamcolombia.info,PHISHING_CONFIRMED,MEDIUM,
ycmkkj.com,PHISHING_CONFIRMED,MEDIUM,
90461738.xyz,PHISHING_CONFIRMED,MEDIUM,
encontrar-lcloud.info,PHISHING_CONFIRMED,MEDIUM,
moneta-kierownia.org,PHISHING_CONFIRMED,MEDIUM,
vingenu.info,PHISHING_CONFIRMED,MEDIUM,
fedexshiping.com,PHISHING_CONFIRMED,MEDIUM,
yhb16t65g.lat,PHISHING_CONFIRMED,MEDIUM,
dioneprotocol-claim.com,PHISHING_CRYPTO,MEDIUM,
genboxai.site,PHISHING_CRYPTO,MEDIUM,
appsdefi.network,PHISHING_CRYPTO,MEDIUM,
k7wr6pn.hair,PHISHING_CONFIRMED,MEDIUM,
rolls3.com,PHISHING_CONFIRMED,MEDIUM,
emfares.com,PHISHING_CONFIRMED,MEDIUM,
claim-token.xyz,PHISHING_CRYPTO,MEDIUM,
tokomokoquiz.online,PHISHING_CONFIRMED,MEDIUM,
33300.icu,PHISHING_CONFIRMED,MEDIUM,
q7m3p1.lat,PHISHING_CONFIRMED,MEDIUM,
6302vwp.hair,PHISHING_CONFIRMED,MEDIUM,
airdropzy.one,PHISHING_CRYPTO,MEDIUM,
clothinggbuyqg.info,PHISHING_CONFIRMED,MEDIUM,
defililama.com,PHISHING_CRYPTO,MEDIUM,
ksnsushi.cfd,PHISHING_CRYPTO,MEDIUM,
logxclaim.network,PHISHING_CRYPTO,MEDIUM,
91402836.xyz,PHISHING_CONFIRMED,MEDIUM,
babagcoder.info,PHISHING_CONFIRMED,MEDIUM,
coresdao.org,PHISHING_CRYPTO,MEDIUM,
accesosegurolnterbank.sbs,PHISHING_CONFIRMED,MEDIUM,
claimszksync.lol,PHISHING_CRYPTO,MEDIUM,
whitelistwallet-coinbase.com,PHISHING_CRYPTO,MEDIUM,
0qk7wh.lat,PHISHING_CONFIRMED,MEDIUM,
coin-worst-track.com,PHISHING_CRYPTO,MEDIUM,
chaingpt-org.icu,PHISHING_CRYPTO,MEDIUM,
sapienairdropclaimsz-signup.lol,PHISHING_CRYPTO,MEDIUM,
noblelogic.info,PHISHING_CONFIRMED,MEDIUM,
walletconnectweb3.org,PHISHING_CRYPTO,MEDIUM,
onlineapps.live,PHISHING_CRYPTO,MEDIUM,
midnight-gb.live,PHISHING_CRYPTO,MEDIUM,
rapidproductlaunch.com,PHISHING_CONFIRMED,MEDIUM,
apprenticeblock.com,PHISHING_CONFIRMED,MEDIUM,
s0sydggts.lat,PHISHING_CONFIRMED,MEDIUM,
lszrx.com,PHISHING_CONFIRMED,MEDIUM,
ldo-sushi.cfd,PHISHING_CRYPTO,MEDIUM,
sarakowfalcone.org,PHISHING_CONFIRMED,MEDIUM,
ma2okc.qpon,PHISHING_CONFIRMED,MEDIUM,
jubrubn.info,PHISHING_CONFIRMED,MEDIUM,
29581706.xyz,PHISHING_CONFIRMED,MEDIUM,
getclaims.live,PHISHING_CRYPTO,MEDIUM,
ticket-kraken.com,PHISHING_CRYPTO,MEDIUM,
60183527.xyz,PHISHING_CONFIRMED,MEDIUM,
70154683.xyz,PHISHING_CONFIRMED,MEDIUM,
saway.sbs,PHISHING_CONFIRMED,MEDIUM,
app-odosbrige.icu,PHISHING_CRYPTO,MEDIUM,
bet365-124.com,PHISHING_CONFIRMED,MEDIUM,
q1mediahydraplatform.com,PHISHING_CONFIRMED,MEDIUM,
fet-sushi.pro,PHISHING_CRYPTO,MEDIUM,
onlinedapps.live,PHISHING_CRYPTO,MEDIUM,
9w6gsh.lol,PHISHING_CONFIRMED,MEDIUM,
dappssecuredconnect.com,PHISHING_CRYPTO,MEDIUM,
pyhtnetwork.xyz,PHISHING_CRYPTO,MEDIUM,
a-pi-web.online,PHISHING_CRYPTO,MEDIUM,
y3v2h9.lat,PHISHING_CONFIRMED,MEDIUM,
terminalconvo.xyz,PHISHING_CRYPTO,MEDIUM,
fgvlives.xyz,PHISHING_CONFIRMED,MEDIUM,
4k2r6yhw.skin,PHISHING_CONFIRMED,MEDIUM,
restore-dapp-rpc.com,PHISHING_CRYPTO,MEDIUM,
swellrewards.xyz,PHISHING_CRYPTO,MEDIUM,
team-blockchain.info,PHISHING_CRYPTO,MEDIUM,
utah-gov-cl.life,PHISHING_CONFIRMED,MEDIUM,
proposals-curves.network,PHISHING_CRYPTO,MEDIUM,
a5eikd.skin,PHISHING_CONFIRMED,MEDIUM,
remix-solidity.xyz,PHISHING_CRYPTO,MEDIUM,
edgeweb3.network,PHISHING_CRYPTO,MEDIUM,
3vr2qwk.hair,PHISHING_CONFIRMED,MEDIUM,
dappsweb3node.com,PHISHING_CRYPTO,MEDIUM,
servicecep.quest,PHISHING_CONFIRMED,MEDIUM,
fy6nma.casa,PHISHING_CONFIRMED,MEDIUM,
amarkllc.com,PHISHING_CONFIRMED,MEDIUM,
bellafique.com,PHISHING_CONFIRMED,MEDIUM,
flokifork.app,PHISHING_CRYPTO,MEDIUM,
proposals-ethena.network,PHISHING_CRYPTO,MEDIUM,
web-protocol.lol,PHISHING_CRYPTO,MEDIUM,
0538tm.com,PHISHING_CONFIRMED,MEDIUM,
mypalray.com,PHISHING_CRYPTO,MEDIUM,
blockdagxyznetwork.live,PHISHING_CRYPTO,MEDIUM,
kucoinairdrop.com,PHISHING_CRYPTO,MEDIUM,
dogwif-airdrop.org,PHISHING_CRYPTO,MEDIUM,
e3m5x1.sbs,PHISHING_CONFIRMED,MEDIUM,
commoncoding.info,PHISHING_CONFIRMED,MEDIUM,
ondofinance-claim.com,PHISHING_CRYPTO,MEDIUM,
z4nzqc.sbs,PHISHING_CONFIRMED,MEDIUM,
mapasdevice-location.cfd,PHISHING_CONFIRMED,MEDIUM,
86943120.xyz,PHISHING_CONFIRMED,MEDIUM,
9wjk3tw.lol,PHISHING_CONFIRMED,MEDIUM,
queensslipandfallattorneys.com,PHISHING_CONFIRMED,MEDIUM,
enviosempresacolom.info,PHISHING_CONFIRMED,MEDIUM,
tem7or.lat,PHISHING_CONFIRMED,MEDIUM,
utopia.mom,PHISHING_CRYPTO,MEDIUM,
chainslink.xyz,PHISHING_CRYPTO,MEDIUM,
apisconnectbots.com,PHISHING_CRYPTO,MEDIUM,
blockchain-webwallet.com,PHISHING_CONFIRMED,MEDIUM,
saveouremsunion.info,PHISHING_CONFIRMED,MEDIUM,
p1u.xyz,PHISHING_CRYPTO,MEDIUM,
76824590.xyz,PHISHING_CONFIRMED,MEDIUM,
sj1enh.lat,PHISHING_CONFIRMED,MEDIUM,
x7k4m3.cfd,PHISHING_CONFIRMED,MEDIUM,
ipfs-crypto-community.com,PHISHING_CRYPTO,MEDIUM,
cixilangqin.com,PHISHING_CONFIRMED,MEDIUM,
futuredtech.info,PHISHING_CONFIRMED,MEDIUM,
pel2or.lat,PHISHING_CONFIRMED,MEDIUM,
boosterbounce.finance,PHISHING_CRYPTO,MEDIUM,
teplover.info,PHISHING_CONFIRMED,MEDIUM,
paddletribe.info,PHISHING_CONFIRMED,MEDIUM,
v6qm5wn.qpon,PHISHING_CONFIRMED,MEDIUM,
boyco-beraichains.xyz,PHISHING_CRYPTO,MEDIUM,
pn1age.casa,PHISHING_CONFIRMED,MEDIUM,
my-parlay.com,PHISHING_CRYPTO,MEDIUM,
vm3cit.qpon,PHISHING_CONFIRMED,MEDIUM,
nicest-packaging.com,PHISHING_CONFIRMED,MEDIUM,
migratemummyv2.live,PHISHING_CRYPTO,MEDIUM,
2345dq.com,PHISHING_CONFIRMED,MEDIUM,
nodevalidator.lol,PHISHING_CRYPTO,MEDIUM,
pancakeswop.finance,PHISHING_CONFIRMED,MEDIUM,
bet73089.com,PHISHING_CONFIRMED,MEDIUM,
8hew6te.lat,PHISHING_CONFIRMED,MEDIUM,
81502497.xyz,PHISHING_CONFIRMED,MEDIUM,
gov-feiraoserasa.help,PHISHING_CONFIRMED,MEDIUM,
dynamofluxless.info,PHISHING_CONFIRMED,MEDIUM,
foundation.info,PHISHING_CRYPTO,MEDIUM,
bet365882.com,PHISHING_CONFIRMED,MEDIUM,
ethervistas.net,PHISHING_CRYPTO,MEDIUM,
bitsalex.com,PHISHING_CRYPTO,MEDIUM,
eobuwie-shoe.sbs,PHISHING_CONFIRMED,MEDIUM,
zelmorenti.pro,PHISHING_CONFIRMED,MEDIUM,
lightchainal.network,PHISHING_CRYPTO,MEDIUM,
crystalmediatech.com,PHISHING_CONFIRMED,MEDIUM,
registeredagentsinhawaii.com,PHISHING_CONFIRMED,MEDIUM,
uyap-vatandassorgu.xyz,PHISHING_CONFIRMED,MEDIUM,
bet73095.com,PHISHING_CONFIRMED,MEDIUM,
serviceiyb.cyou,PHISHING_CONFIRMED,MEDIUM,
62hegt.ink,PHISHING_CONFIRMED,MEDIUM,
cloudsfilesstorage.com,PHISHING_CONFIRMED,MEDIUM,
techexplainede.info,PHISHING_CONFIRMED,MEDIUM,
58yer.com,PHISHING_CONFIRMED,MEDIUM,
artkovalchuk.info,PHISHING_CONFIRMED,MEDIUM,
liberia-sugar.net,PHISHING_CONFIRMED,MEDIUM,
giveaway-pepeunchained.com,PHISHING_CRYPTO,MEDIUM,
reviewsyoutube.com,PHISHING_CONFIRMED,MEDIUM,
edgefin.online,PHISHING_CRYPTO,MEDIUM,
coinbasecustomerservice.com,PHISHING_CRYPTO,MEDIUM,
indenizabrasil.sbs,PHISHING_CONFIRMED,MEDIUM,
visualracks.com,PHISHING_CONFIRMED,MEDIUM,
salesorbit.buzz,PHISHING_CONFIRMED,MEDIUM,
ecolearninghub.info,PHISHING_CONFIRMED,MEDIUM,
m3tvan.sbs,PHISHING_CONFIRMED,MEDIUM,
claim-99bitcoins.site,PHISHING_CRYPTO,MEDIUM,
claim-dubbz.com,PHISHING_CRYPTO,MEDIUM,
supportandconnect.com,PHISHING_CRYPTO,MEDIUM,
hecochain.finance,PHISHING_CRYPTO,MEDIUM,
node-zenchain.com,PHISHING_CRYPTO,MEDIUM,
carvio-airdrop.xyz,PHISHING_CRYPTO,MEDIUM,
zerlen.com,PHISHING_CRYPTO,MEDIUM,
nftopensea.org,PHISHING_CRYPTO,MEDIUM,
mmarquez.info,PHISHING_CONFIRMED,MEDIUM,
9upx.org,PHISHING_CONFIRMED,MEDIUM,
zksyncrewards.xyz,PHISHING_CRYPTO,MEDIUM,
